# Blender v2.92.0 OBJ File: 'ChambreJeanne13-exports4.blend'
# www.blender.org
mtllib BureauLowPoly.mtl
o Bureau_Cube.097
v -0.360032 0.770000 0.760032
v -0.360032 0.795639 0.760032
v 0.360032 0.770000 0.760032
v 0.360032 0.795639 0.760032
v -0.360032 0.770000 -0.760032
v -0.360032 0.795639 -0.760032
v 0.360032 0.770000 -0.760032
v 0.360032 0.795639 -0.760032
v 0.293979 0.104248 0.394923
v 0.293979 0.586869 0.394923
v 0.293979 0.104248 0.690776
v 0.293979 0.586869 0.690776
v 0.318057 0.104248 0.690776
v 0.318057 0.104248 0.394923
v 0.318057 0.586869 0.394923
v 0.318057 0.586869 0.690776
v 0.318057 0.143088 0.651936
v 0.318057 0.143088 0.433763
v 0.318057 0.548029 0.433763
v 0.318057 0.548029 0.651936
v -0.092467 0.714617 0.358619
v -0.092467 0.696131 0.358619
v 0.307533 0.714616 0.358619
v 0.307533 0.696131 0.358619
v 0.287427 0.714616 0.358619
v 0.287427 0.696131 0.358619
v 0.307533 0.737812 0.358619
v 0.287427 0.737812 0.358619
v -0.092467 0.714617 -0.358619
v -0.092467 0.696131 -0.358619
v 0.307533 0.714616 -0.358619
v 0.307533 0.696131 -0.358619
v 0.287427 0.714616 -0.358619
v 0.287427 0.696131 -0.358619
v 0.307533 0.737812 -0.358619
v 0.287427 0.737812 -0.358619
v -0.325000 0.005000 0.725000
v -0.325000 0.770000 0.725000
v -0.325000 0.005000 0.692511
v -0.325000 0.770000 0.692511
v 0.325000 0.005000 0.725000
v 0.325000 0.770000 0.725000
v 0.325000 0.005000 0.692511
v 0.325000 0.770000 0.692511
v -0.325000 0.077191 0.725000
v -0.325000 0.077191 0.692511
v 0.325000 0.077191 0.692511
v 0.325000 0.077191 0.725000
v -0.325000 0.005000 0.360700
v -0.325000 0.770000 0.360700
v -0.325000 0.005000 0.393189
v -0.325000 0.770000 0.393189
v 0.325000 0.005000 0.360700
v 0.325000 0.770000 0.360700
v 0.325000 0.005000 0.393189
v 0.325000 0.770000 0.393189
v -0.325000 0.077191 0.360700
v -0.325000 0.077191 0.393189
v 0.325000 0.077191 0.393189
v 0.325000 0.077191 0.360700
v -0.325000 0.005000 -0.725000
v -0.325000 0.770000 -0.725000
v -0.325000 0.005000 -0.692511
v -0.325000 0.770000 -0.692511
v 0.325000 0.005000 -0.725000
v 0.325000 0.770000 -0.725000
v 0.325000 0.005000 -0.692511
v 0.325000 0.770000 -0.692511
v -0.325000 0.077191 -0.725000
v -0.325000 0.077191 -0.692511
v 0.325000 0.077191 -0.692511
v 0.325000 0.077191 -0.725000
v -0.325000 0.005000 -0.360701
v -0.325000 0.770000 -0.360701
v -0.325000 0.005000 -0.393189
v -0.325000 0.770000 -0.393189
v 0.325000 0.005000 -0.360700
v 0.325000 0.770000 -0.360700
v 0.325000 0.005000 -0.393189
v 0.325000 0.770000 -0.393189
v -0.325000 0.077191 -0.360701
v -0.325000 0.077191 -0.393189
v 0.325000 0.077191 -0.393189
v 0.325000 0.077191 -0.360700
v -0.342677 0.005000 -0.742677
v -0.342677 0.005000 -0.343023
v 0.342677 0.005000 -0.742677
v 0.342677 0.005000 -0.343023
v -0.342677 0.077191 -0.742677
v -0.342677 0.077191 -0.343023
v 0.342677 0.077191 -0.343023
v 0.342677 0.077191 -0.742677
v -0.325000 0.005000 -0.725000
v -0.325000 0.005000 -0.360700
v 0.325000 0.005000 -0.725000
v 0.325000 0.005000 -0.360700
v -0.325000 0.077191 -0.725000
v -0.325000 0.077191 -0.360700
v 0.325000 0.077191 -0.360700
v 0.325000 0.077191 -0.725000
v -0.146286 0.325355 -0.420345
v -0.171708 0.103927 -0.394924
v -0.146286 0.325355 -0.665355
v -0.171708 0.103927 -0.690777
v 0.302870 0.325355 -0.420346
v 0.328292 0.103927 -0.394924
v 0.302870 0.325355 -0.665355
v 0.328292 0.103927 -0.690777
v -0.171708 0.325355 -0.690777
v 0.328292 0.325355 -0.690777
v -0.171708 0.325355 -0.394924
v 0.328292 0.325355 -0.394924
v -0.146286 0.131510 -0.665355
v 0.302870 0.131510 -0.665355
v -0.146286 0.131510 -0.420345
v 0.302870 0.131510 -0.420346
v -0.325000 0.589279 0.692511
v -0.325000 0.618215 0.692511
v 0.325000 0.589279 0.692511
v 0.325000 0.618215 0.692511
v -0.325000 0.589279 0.393189
v -0.325000 0.618215 0.393189
v 0.325000 0.589279 0.393189
v 0.325000 0.618215 0.393189
v 0.328292 0.618588 0.394923
v 0.302870 0.730573 0.420345
v 0.328292 0.618588 0.690776
v 0.302871 0.730573 0.665354
v -0.171708 0.618588 0.394924
v -0.146286 0.730573 0.420345
v -0.171708 0.618588 0.690777
v -0.146286 0.730573 0.665355
v 0.328292 0.730573 0.394923
v 0.328292 0.730573 0.690776
v -0.171708 0.730573 0.690777
v -0.171708 0.730573 0.394924
v 0.302870 0.644038 0.420345
v 0.302871 0.644038 0.665354
v -0.146286 0.644038 0.665355
v -0.146286 0.644038 0.420345
v -0.325000 0.332551 -0.692511
v -0.325000 0.361486 -0.692511
v 0.325000 0.332551 -0.692511
v 0.325000 0.361486 -0.692511
v -0.325000 0.332551 -0.393189
v -0.325000 0.361486 -0.393189
v 0.325000 0.332551 -0.393189
v 0.325000 0.361486 -0.393189
v -0.325000 0.058067 0.692511
v -0.325000 0.103289 0.692511
v 0.325000 0.058067 0.692511
v 0.325000 0.103289 0.692511
v -0.325000 0.058067 0.393189
v -0.325000 0.103289 0.393189
v 0.325000 0.058067 0.393189
v 0.325000 0.103289 0.393189
v 0.328292 0.361965 -0.690777
v 0.302870 0.583393 -0.665355
v 0.328292 0.361965 -0.394924
v 0.302870 0.583393 -0.420346
v -0.171708 0.361965 -0.690777
v -0.146286 0.583393 -0.665355
v -0.171708 0.361965 -0.394924
v -0.146286 0.583393 -0.420345
v 0.328292 0.583393 -0.690777
v 0.328292 0.583393 -0.394924
v -0.171708 0.583393 -0.394924
v -0.171708 0.583393 -0.690777
v 0.302870 0.389548 -0.665355
v 0.302870 0.389548 -0.420346
v -0.146286 0.389548 -0.420345
v -0.146286 0.389548 -0.665355
v 0.328292 0.618588 -0.394923
v 0.302870 0.730573 -0.420345
v 0.328292 0.618588 -0.690776
v 0.302870 0.730573 -0.665354
v -0.171708 0.618588 -0.394923
v -0.146286 0.730573 -0.420345
v -0.171708 0.618588 -0.690776
v -0.146286 0.730573 -0.665355
v 0.328292 0.730573 -0.394923
v 0.328292 0.730573 -0.690776
v -0.171708 0.730573 -0.690776
v -0.171708 0.730573 -0.394923
v 0.302870 0.644038 -0.420345
v 0.302870 0.644038 -0.665354
v -0.146286 0.644038 -0.665355
v -0.146286 0.644038 -0.420345
v -0.325000 0.058067 -0.692511
v -0.325000 0.103289 -0.692511
v 0.325000 0.058067 -0.692511
v 0.325000 0.103289 -0.692511
v -0.325000 0.058067 -0.393189
v -0.325000 0.103289 -0.393189
v 0.325000 0.058067 -0.393189
v 0.325000 0.103289 -0.393189
v -0.325000 0.589279 -0.692511
v -0.325000 0.618215 -0.692511
v 0.325000 0.589279 -0.692511
v 0.325000 0.618215 -0.692511
v -0.325000 0.589279 -0.393189
v -0.325000 0.618215 -0.393189
v 0.325000 0.589279 -0.393189
v 0.325000 0.618215 -0.393189
v 0.270314 0.000000 0.737096
v 0.337096 0.000000 0.737096
v 0.270314 0.000000 0.670314
v 0.337096 0.000000 0.670314
v -0.270314 0.000000 0.737096
v -0.337096 0.000000 0.737096
v -0.270314 0.000000 0.670314
v -0.337096 0.000000 0.670314
v 0.270314 0.000000 0.348605
v 0.337096 0.000000 0.348605
v 0.270314 0.000000 0.415386
v 0.337096 0.000000 0.415386
v -0.270314 0.000000 0.348605
v -0.337096 0.000000 0.348605
v -0.270314 0.000000 0.415386
v -0.337096 0.000000 0.415386
v 0.270314 0.028040 0.670314
v 0.270314 0.028040 0.737096
v 0.337096 0.028040 0.737096
v 0.337096 0.028040 0.670314
v -0.270314 0.028040 0.670314
v -0.270314 0.028040 0.737096
v -0.337096 0.028040 0.737096
v -0.337096 0.028040 0.670314
v 0.270314 0.028040 0.415386
v 0.270314 0.028040 0.348605
v 0.337096 0.028040 0.348605
v 0.337096 0.028040 0.415386
v -0.270314 0.028040 0.415386
v -0.270314 0.028040 0.348605
v -0.337096 0.028040 0.348605
v -0.337096 0.028040 0.415386
v -0.342677 0.005000 0.742677
v -0.342677 0.005000 0.343023
v 0.342677 0.005000 0.742677
v 0.342677 0.005000 0.343023
v -0.342677 0.077191 0.742677
v -0.342677 0.077191 0.343023
v 0.342677 0.077191 0.343023
v 0.342677 0.077191 0.742677
v -0.325000 0.005000 0.725000
v -0.325000 0.005000 0.360700
v 0.325000 0.005000 0.725000
v 0.325000 0.005000 0.360700
v -0.325000 0.077191 0.725000
v -0.325000 0.077191 0.360700
v 0.325000 0.077191 0.360700
v 0.325000 0.077191 0.725000
v 0.270314 0.000000 -0.737096
v 0.337096 0.000000 -0.737096
v 0.270314 0.000000 -0.670314
v 0.337096 0.000000 -0.670314
v -0.270314 0.000000 -0.737096
v -0.337095 0.000000 -0.737096
v -0.270314 0.000000 -0.670314
v -0.337095 0.000000 -0.670314
v 0.270314 0.000000 -0.348605
v 0.337096 0.000000 -0.348605
v 0.270314 0.000000 -0.415386
v 0.337096 0.000000 -0.415386
v -0.270314 0.000000 -0.348605
v -0.337096 0.000000 -0.348605
v -0.270314 0.000000 -0.415386
v -0.337096 0.000000 -0.415386
v 0.270314 0.028040 -0.670314
v 0.270314 0.028040 -0.737096
v 0.337096 0.028040 -0.737096
v 0.337096 0.028040 -0.670314
v -0.270314 0.028040 -0.670314
v -0.270314 0.028040 -0.737096
v -0.337095 0.028040 -0.737096
v -0.337095 0.028040 -0.670314
v 0.270314 0.028040 -0.415386
v 0.270314 0.028040 -0.348605
v 0.337096 0.028040 -0.348605
v 0.337096 0.028040 -0.415386
v -0.270314 0.028040 -0.415386
v -0.270314 0.028040 -0.348605
v -0.337096 0.028040 -0.348605
v -0.337096 0.028040 -0.415386
v -0.325000 0.733630 0.692511
v -0.325000 0.770000 0.692511
v 0.325000 0.733630 0.692511
v 0.325000 0.770000 0.692511
v -0.325000 0.733630 0.393189
v -0.325000 0.770000 0.393189
v 0.325000 0.733630 0.393189
v 0.325000 0.770000 0.393189
v -0.325000 0.733630 -0.692511
v -0.325000 0.770000 -0.692511
v 0.325000 0.733630 -0.692511
v 0.325000 0.770000 -0.692511
v -0.325000 0.733630 -0.393189
v -0.325000 0.770000 -0.393189
v 0.325000 0.733630 -0.393189
v 0.325000 0.770000 -0.393189
v 0.328292 0.143088 0.433763
v 0.328292 0.548029 0.433763
v 0.328292 0.143088 0.651936
v 0.328292 0.548029 0.651936
v 0.328292 0.104248 0.690776
v 0.328292 0.104248 0.394923
v 0.328292 0.586869 0.394923
v 0.328292 0.586869 0.690776
v 0.315809 0.143088 0.433763
v 0.315809 0.548029 0.433763
v 0.315809 0.143088 0.651936
v 0.315809 0.548029 0.651936
v 0.315809 0.104248 0.690776
v 0.315809 0.104248 0.394923
v 0.315809 0.586869 0.394923
v 0.315809 0.586869 0.690776
v 0.298816 0.716187 -0.008284
v 0.317507 0.716187 -0.008284
v 0.298816 0.710329 -0.005858
v 0.317507 0.710329 -0.005858
v 0.298816 0.707903 -0.000000
v 0.317507 0.707903 -0.000000
v 0.298816 0.710329 0.005858
v 0.317507 0.710329 0.005858
v 0.298816 0.716187 0.008284
v 0.317507 0.716187 0.008284
v 0.298816 0.722045 0.005858
v 0.317507 0.722045 0.005858
v 0.298816 0.724471 -0.000000
v 0.317507 0.724471 -0.000000
v 0.298816 0.722045 -0.005858
v 0.317507 0.722045 -0.005858
v 0.319956 0.707482 -0.008704
v 0.319956 0.716187 -0.012310
v 0.319956 0.703877 -0.000000
v 0.319956 0.707482 0.008704
v 0.319956 0.716187 0.012310
v 0.319956 0.724891 0.008704
v 0.319956 0.728497 -0.000000
v 0.319956 0.724891 -0.008704
v 0.331691 0.711455 -0.004732
v 0.331691 0.716187 -0.006692
v 0.331691 0.709495 -0.000000
v 0.331691 0.711455 0.004732
v 0.331691 0.716187 0.006692
v 0.331691 0.720919 0.004732
v 0.331691 0.722879 -0.000000
v 0.331691 0.720919 -0.004732
v 0.326884 0.704372 -0.000000
v 0.326884 0.707833 0.008354
v 0.326884 0.716187 -0.011814
v 0.326884 0.707833 -0.008354
v 0.326884 0.724541 -0.008354
v 0.326884 0.724541 0.008354
v 0.326884 0.728001 -0.000000
v 0.326884 0.716187 0.011814
v 0.298816 0.713020 -0.007645
v 0.317507 0.713020 -0.007645
v 0.308162 0.716187 -0.008284
v 0.308162 0.710329 -0.005858
v 0.298816 0.708542 -0.003167
v 0.317507 0.708542 -0.003167
v 0.308162 0.707903 -0.000000
v 0.298816 0.708542 0.003167
v 0.317507 0.708542 0.003167
v 0.308162 0.710329 0.005858
v 0.298816 0.713020 0.007645
v 0.317507 0.713020 0.007645
v 0.308162 0.716187 0.008284
v 0.298816 0.719353 0.007645
v 0.317507 0.719353 0.007645
v 0.308162 0.722045 0.005858
v 0.298816 0.723832 0.003167
v 0.317507 0.723832 0.003167
v 0.308162 0.724471 -0.000000
v 0.298816 0.723832 -0.003167
v 0.317507 0.723832 -0.003167
v 0.308162 0.722045 -0.005858
v 0.298816 0.719353 -0.007645
v 0.317507 0.719353 -0.007645
v 0.319956 0.711481 -0.011360
v 0.319956 0.704827 -0.004705
v 0.319956 0.704827 0.004705
v 0.319956 0.711481 0.011360
v 0.319956 0.720892 0.011360
v 0.319956 0.727547 0.004705
v 0.319956 0.727547 -0.004705
v 0.319956 0.720892 -0.011360
v 0.318267 0.708678 0.007509
v 0.318267 0.716187 0.010619
v 0.318267 0.726806 -0.000000
v 0.318267 0.723696 -0.007509
v 0.318267 0.708678 -0.007509
v 0.318267 0.705567 -0.000000
v 0.318267 0.723696 0.007509
v 0.318267 0.716187 -0.010620
v 0.332007 0.714004 -0.005269
v 0.332007 0.710918 -0.002182
v 0.332007 0.710918 0.002182
v 0.332007 0.714004 0.005269
v 0.332007 0.718369 0.005269
v 0.332007 0.721455 0.002182
v 0.332007 0.721455 -0.002182
v 0.332007 0.718369 -0.005269
v 0.330006 0.706774 -0.000000
v 0.323135 0.707143 0.009044
v 0.330006 0.716187 -0.009413
v 0.323135 0.707143 -0.009044
v 0.330006 0.722843 -0.006656
v 0.330006 0.722843 0.006656
v 0.323135 0.728977 -0.000000
v 0.323135 0.716187 0.012790
v 0.323135 0.703397 -0.000000
v 0.330006 0.709531 0.006656
v 0.323135 0.716187 -0.012790
v 0.330006 0.709531 -0.006656
v 0.323135 0.725231 -0.009044
v 0.323135 0.725231 0.009044
v 0.330006 0.725600 -0.000000
v 0.330006 0.716187 0.009413
v 0.326884 0.720703 0.010902
v 0.326884 0.727089 -0.004516
v 0.326884 0.705284 -0.004516
v 0.326884 0.711671 0.010902
v 0.326884 0.727089 0.004516
v 0.326884 0.720703 -0.010903
v 0.326884 0.711671 -0.010903
v 0.326884 0.705284 0.004516
v 0.308162 0.713020 -0.007645
v 0.308162 0.708542 -0.003167
v 0.308162 0.708542 0.003167
v 0.308162 0.713020 0.007645
v 0.308162 0.719353 0.007645
v 0.308162 0.723832 0.003167
v 0.318267 0.712128 0.009800
v 0.308162 0.723832 -0.003167
v 0.308162 0.719353 -0.007645
v 0.298816 0.716187 -0.000000
v 0.330037 0.707574 0.003568
v 0.318267 0.725987 -0.004059
v 0.318267 0.706387 -0.004059
v 0.318267 0.720246 0.009800
v 0.318267 0.720246 -0.009800
v 0.318267 0.712128 -0.009800
v 0.318267 0.706387 0.004059
v 0.318267 0.725987 0.004059
v 0.332813 0.716187 -0.000000
v 0.330037 0.712619 -0.008613
v 0.330037 0.719755 -0.008613
v 0.330037 0.724800 0.003568
v 0.330037 0.712619 0.008613
v 0.330037 0.707574 -0.003568
v 0.330037 0.724800 -0.003568
v 0.330037 0.719755 0.008613
v 0.323135 0.721076 0.011803
v 0.323135 0.727990 -0.004889
v 0.323135 0.704384 -0.004889
v 0.323135 0.711298 0.011803
v 0.323135 0.727990 0.004889
v 0.323135 0.721076 -0.011803
v 0.323135 0.711298 -0.011803
v 0.323135 0.704384 0.004889
v 0.330126 0.676426 0.504920
v 0.330126 0.657865 0.509609
v 0.330126 0.685448 0.514938
v 0.330126 0.691177 0.527748
v 0.329994 0.683888 0.525449
v 0.330003 0.670969 0.512554
v 0.330103 0.686875 0.525376
v 0.330118 0.676883 0.512094
v 0.344122 0.657559 0.530756
v 0.339818 0.657521 0.519551
v 0.342605 0.665727 0.530032
v 0.339207 0.662082 0.518876
v 0.337548 0.675121 0.528574
v 0.335681 0.667646 0.516886
v 0.327330 0.676426 0.504920
v 0.327330 0.657865 0.509609
v 0.327330 0.685448 0.514938
v 0.327330 0.691177 0.527748
v 0.327330 0.683129 0.525697
v 0.327330 0.670384 0.512635
v 0.327971 0.686600 0.525754
v 0.327950 0.676699 0.512108
v 0.341368 0.657428 0.531131
v 0.337125 0.657501 0.520125
v 0.340788 0.665090 0.530467
v 0.337327 0.661664 0.519564
v 0.335921 0.674042 0.529037
v 0.333951 0.666847 0.517545
v 0.330126 0.660463 0.502572
v 0.330126 0.666358 0.500075
v 0.330130 0.666457 0.504111
v 0.327330 0.666365 0.500075
v 0.327330 0.660492 0.502572
v 0.327832 0.666442 0.504112
v 0.330126 0.676426 0.580779
v 0.330126 0.657865 0.576091
v 0.330126 0.685448 0.570761
v 0.330126 0.691177 0.557952
v 0.330126 0.693315 0.542850
v 0.330013 0.688728 0.542850
v 0.329994 0.683888 0.560251
v 0.330003 0.670969 0.573145
v 0.330103 0.686875 0.560323
v 0.330118 0.676883 0.573605
v 0.345666 0.657614 0.542850
v 0.344122 0.657559 0.554944
v 0.339818 0.657521 0.566149
v 0.343622 0.667671 0.542850
v 0.342605 0.665727 0.555667
v 0.339207 0.662082 0.566823
v 0.337548 0.675121 0.557126
v 0.337789 0.678686 0.542850
v 0.335681 0.667646 0.568813
v 0.327330 0.676426 0.580779
v 0.327330 0.657865 0.576091
v 0.327330 0.685448 0.570761
v 0.327330 0.691177 0.557952
v 0.327330 0.693315 0.542850
v 0.327330 0.687978 0.542850
v 0.327330 0.683129 0.560003
v 0.327330 0.670384 0.573065
v 0.327971 0.690338 0.542850
v 0.327971 0.686600 0.559946
v 0.327950 0.676699 0.573592
v 0.342884 0.657428 0.542850
v 0.341368 0.657428 0.554569
v 0.337125 0.657501 0.565575
v 0.341783 0.666953 0.542850
v 0.340788 0.665090 0.555232
v 0.337327 0.661664 0.566136
v 0.335921 0.674042 0.556663
v 0.336143 0.677536 0.542850
v 0.333951 0.666847 0.568155
v 0.330126 0.660463 0.583127
v 0.330126 0.666358 0.585625
v 0.330130 0.666457 0.581589
v 0.327330 0.666365 0.585625
v 0.327330 0.660492 0.583127
v 0.327832 0.666442 0.581588
v 0.330054 0.664272 0.510199
v 0.330126 0.681296 0.509475
v 0.330126 0.688742 0.521025
v 0.330126 0.692750 0.535118
v 0.330007 0.687539 0.533947
v 0.329987 0.677931 0.517918
v 0.330058 0.685166 0.524700
v 0.330122 0.688938 0.526522
v 0.330071 0.673572 0.511922
v 0.330131 0.680674 0.512987
v 0.330113 0.682701 0.518322
v 0.344974 0.662522 0.542850
v 0.345221 0.657600 0.536745
v 0.342531 0.657509 0.524992
v 0.343655 0.661505 0.530426
v 0.335459 0.657656 0.514476
v 0.339966 0.659660 0.519469
v 0.341135 0.673180 0.542850
v 0.340529 0.670379 0.529483
v 0.337881 0.664990 0.518204
v 0.341324 0.663940 0.524049
v 0.335935 0.660385 0.514759
v 0.343361 0.667111 0.536368
v 0.333932 0.679598 0.527160
v 0.334000 0.683828 0.542850
v 0.333026 0.669802 0.514978
v 0.336917 0.671585 0.522112
v 0.333694 0.663648 0.513306
v 0.337766 0.677691 0.535594
v 0.327330 0.663944 0.510220
v 0.327330 0.681296 0.509475
v 0.327330 0.688742 0.521025
v 0.327330 0.692750 0.535118
v 0.327330 0.686781 0.534115
v 0.327330 0.677214 0.518106
v 0.327771 0.689100 0.542850
v 0.327771 0.691768 0.542850
v 0.327771 0.684760 0.525544
v 0.327771 0.688785 0.526569
v 0.327747 0.673215 0.511963
v 0.327747 0.680599 0.512988
v 0.327969 0.682346 0.518395
v 0.327971 0.689353 0.534049
v 0.342708 0.662081 0.542850
v 0.342444 0.657428 0.536931
v 0.339818 0.657437 0.525538
v 0.341413 0.661133 0.530828
v 0.332731 0.657656 0.514836
v 0.337727 0.659453 0.520115
v 0.339541 0.672176 0.542850
v 0.338955 0.669459 0.529953
v 0.336223 0.664330 0.518937
v 0.339529 0.663397 0.524680
v 0.333756 0.660120 0.515262
v 0.341525 0.666414 0.536585
v 0.331890 0.678604 0.527539
v 0.331940 0.682798 0.542850
v 0.330930 0.669035 0.515406
v 0.335301 0.670606 0.522745
v 0.331601 0.663144 0.513766
v 0.336123 0.676559 0.535835
v 0.328728 0.676426 0.504920
v 0.328728 0.657865 0.509609
v 0.328728 0.685448 0.514938
v 0.328728 0.691177 0.527748
v 0.328728 0.693315 0.542850
v 0.344275 0.657521 0.542850
v 0.342745 0.657493 0.530943
v 0.338472 0.657511 0.519838
v 0.330125 0.663494 0.503481
v 0.330126 0.662823 0.500496
v 0.330132 0.666764 0.502550
v 0.327685 0.666766 0.502551
v 0.327330 0.662844 0.500496
v 0.327685 0.663477 0.503482
v 0.328728 0.660478 0.502572
v 0.328728 0.666361 0.500075
v 0.330126 0.658948 0.505799
v 0.327330 0.658968 0.505799
v 0.330126 0.670439 0.507070
v 0.330126 0.671156 0.501645
v 0.327330 0.671157 0.501645
v 0.327903 0.670382 0.507073
v 0.330054 0.664272 0.575500
v 0.330126 0.681296 0.576224
v 0.330126 0.688742 0.564675
v 0.330126 0.692750 0.550581
v 0.330007 0.687539 0.551752
v 0.329987 0.677931 0.567782
v 0.330058 0.685166 0.560999
v 0.330122 0.688938 0.559178
v 0.330071 0.673572 0.573778
v 0.330131 0.680674 0.572713
v 0.330113 0.682701 0.567378
v 0.345221 0.657600 0.548954
v 0.342531 0.657509 0.560708
v 0.343655 0.661505 0.555274
v 0.335459 0.657656 0.571224
v 0.339966 0.659660 0.566231
v 0.340529 0.670379 0.556216
v 0.337881 0.664990 0.567495
v 0.341324 0.663940 0.561650
v 0.335935 0.660385 0.570940
v 0.343361 0.667111 0.549331
v 0.333932 0.679598 0.558540
v 0.333026 0.669802 0.570722
v 0.336917 0.671585 0.563587
v 0.333694 0.663648 0.572394
v 0.337766 0.677691 0.550105
v 0.327330 0.663944 0.575479
v 0.327330 0.681296 0.576224
v 0.327330 0.688742 0.564675
v 0.327330 0.692750 0.550581
v 0.327330 0.686781 0.551585
v 0.327330 0.677214 0.567593
v 0.327771 0.684760 0.560156
v 0.327771 0.688785 0.559130
v 0.327747 0.673215 0.573736
v 0.327747 0.680599 0.572711
v 0.327969 0.682346 0.567304
v 0.327971 0.689353 0.551650
v 0.342444 0.657428 0.548769
v 0.339818 0.657437 0.560162
v 0.341413 0.661133 0.554872
v 0.332731 0.657656 0.570864
v 0.337727 0.659453 0.565584
v 0.338955 0.669459 0.555747
v 0.336223 0.664330 0.566763
v 0.339529 0.663397 0.561019
v 0.333756 0.660120 0.570437
v 0.341525 0.666414 0.549114
v 0.331890 0.678604 0.558161
v 0.330930 0.669035 0.570293
v 0.335301 0.670606 0.562955
v 0.331601 0.663144 0.571934
v 0.336123 0.676559 0.549864
v 0.328728 0.676426 0.580779
v 0.328728 0.657865 0.576091
v 0.328728 0.685448 0.570761
v 0.328728 0.691177 0.557952
v 0.342745 0.657493 0.554756
v 0.338472 0.657511 0.565861
v 0.330125 0.663494 0.582219
v 0.330126 0.662823 0.585204
v 0.330132 0.666764 0.583149
v 0.327685 0.666766 0.583149
v 0.327330 0.662844 0.585204
v 0.327685 0.663477 0.582217
v 0.328728 0.660478 0.583127
v 0.328728 0.666361 0.585625
v 0.330126 0.658948 0.579900
v 0.327330 0.658968 0.579900
v 0.330126 0.670439 0.578630
v 0.330126 0.671156 0.584055
v 0.327330 0.671157 0.584055
v 0.327903 0.670382 0.578627
v 0.330090 0.691368 0.542850
v 0.330076 0.689024 0.533058
v 0.330076 0.689024 0.552642
v 0.328728 0.671156 0.501645
v 0.330050 0.687651 0.530660
v 0.330061 0.680172 0.517832
v 0.330130 0.685576 0.519454
v 0.330104 0.690830 0.534384
v 0.330102 0.665923 0.507308
v 0.337202 0.659048 0.515916
v 0.344610 0.662230 0.536575
v 0.342211 0.660573 0.524586
v 0.339557 0.667773 0.523331
v 0.335796 0.662731 0.514983
v 0.341006 0.672376 0.536076
v 0.333630 0.674949 0.520223
v 0.332251 0.665728 0.512377
v 0.334009 0.682715 0.534848
v 0.327671 0.673881 0.506413
v 0.327771 0.687989 0.533976
v 0.327768 0.679649 0.518019
v 0.327768 0.685395 0.519463
v 0.327771 0.690974 0.534477
v 0.334839 0.658906 0.516442
v 0.342348 0.661807 0.536774
v 0.340001 0.660279 0.525174
v 0.338000 0.666957 0.524003
v 0.333869 0.662253 0.515580
v 0.339415 0.671394 0.536313
v 0.331598 0.674030 0.520677
v 0.329985 0.665171 0.512704
v 0.331953 0.681691 0.535062
v 0.328728 0.681296 0.509475
v 0.328728 0.688742 0.521025
v 0.328728 0.692750 0.535118
v 0.330131 0.673890 0.506413
v 0.327671 0.665788 0.507317
v 0.343832 0.657514 0.536838
v 0.341174 0.657473 0.525265
v 0.334095 0.657656 0.514656
v 0.330130 0.663582 0.501642
v 0.327612 0.663590 0.501642
v 0.328728 0.662833 0.500496
v 0.328728 0.658958 0.505799
v 0.328728 0.671156 0.584055
v 0.330050 0.687651 0.555039
v 0.330061 0.680172 0.567868
v 0.330130 0.685576 0.566246
v 0.330104 0.690830 0.551315
v 0.330102 0.665923 0.578391
v 0.337202 0.659048 0.569783
v 0.344610 0.662230 0.549125
v 0.342211 0.660573 0.561113
v 0.339557 0.667773 0.562369
v 0.335796 0.662731 0.570716
v 0.341006 0.672376 0.549623
v 0.333630 0.674949 0.565477
v 0.332251 0.665728 0.573322
v 0.334009 0.682715 0.550851
v 0.327671 0.673881 0.579286
v 0.327771 0.687989 0.551724
v 0.327768 0.679649 0.567680
v 0.327768 0.685395 0.566236
v 0.327771 0.690974 0.551222
v 0.334839 0.658906 0.569258
v 0.342348 0.661807 0.548925
v 0.340001 0.660279 0.560526
v 0.338000 0.666957 0.561697
v 0.333869 0.662253 0.570119
v 0.339415 0.671394 0.549386
v 0.331598 0.674030 0.565023
v 0.329985 0.665171 0.572995
v 0.331953 0.681691 0.550637
v 0.328728 0.681296 0.576224
v 0.328728 0.688742 0.564675
v 0.328728 0.692750 0.550581
v 0.330131 0.673890 0.579287
v 0.327671 0.665788 0.578383
v 0.343832 0.657514 0.548861
v 0.341174 0.657473 0.560435
v 0.334095 0.657656 0.571044
v 0.330130 0.663582 0.584057
v 0.327612 0.663590 0.584057
v 0.328728 0.662833 0.585204
v 0.328728 0.658958 0.579900
v 0.325479 0.662909 0.578955
v 0.330834 0.662996 0.579041
v 0.325479 0.662909 0.581169
v 0.330834 0.663138 0.581806
v 0.325479 0.664475 0.582734
v 0.330834 0.663837 0.582505
v 0.325479 0.666689 0.582734
v 0.330834 0.666603 0.582648
v 0.325479 0.668255 0.581169
v 0.330834 0.668168 0.581082
v 0.325479 0.668255 0.578955
v 0.330834 0.668026 0.578317
v 0.325479 0.666689 0.577389
v 0.330834 0.667327 0.577618
v 0.325479 0.664475 0.577389
v 0.330834 0.664561 0.577475
v 0.332172 0.664186 0.580759
v 0.332172 0.664114 0.579377
v 0.332172 0.666267 0.581529
v 0.332172 0.664884 0.581458
v 0.332172 0.667050 0.580747
v 0.332172 0.666978 0.579364
v 0.332172 0.664897 0.578594
v 0.332172 0.666280 0.578665
v 0.331615 0.666435 0.582088
v 0.331615 0.664361 0.581982
v 0.331615 0.667502 0.578840
v 0.331615 0.667609 0.580914
v 0.331615 0.663555 0.579209
v 0.331615 0.664729 0.578035
v 0.331615 0.666803 0.578142
v 0.331615 0.663662 0.581283
v 0.325479 0.666689 0.502966
v 0.330834 0.666689 0.503088
v 0.325479 0.668255 0.504531
v 0.330834 0.668544 0.505144
v 0.325479 0.668254 0.506745
v 0.330834 0.668544 0.506132
v 0.325479 0.666689 0.508311
v 0.330834 0.666689 0.508188
v 0.325479 0.664475 0.508311
v 0.330834 0.664475 0.508188
v 0.325479 0.662909 0.506745
v 0.330834 0.662620 0.506132
v 0.325479 0.662909 0.504531
v 0.330834 0.662620 0.505144
v 0.325479 0.664475 0.502966
v 0.330834 0.664475 0.503088
v 0.332172 0.667063 0.505144
v 0.332172 0.666135 0.504116
v 0.332172 0.666135 0.507160
v 0.332172 0.667063 0.506132
v 0.332172 0.665029 0.507160
v 0.332172 0.664101 0.506132
v 0.332172 0.665029 0.504116
v 0.332172 0.664101 0.505144
v 0.331615 0.666412 0.507674
v 0.331615 0.667803 0.506132
v 0.331615 0.663361 0.506132
v 0.331615 0.664752 0.507674
v 0.331615 0.666412 0.503602
v 0.331615 0.664752 0.503602
v 0.331615 0.663361 0.505144
v 0.331615 0.667803 0.505144
v 0.325479 0.662693 0.580062
v 0.330834 0.662926 0.580346
v 0.328156 0.662953 0.578998
v 0.328156 0.663036 0.581330
v 0.325479 0.663539 0.582105
v 0.330834 0.663488 0.582156
v 0.328156 0.664314 0.582607
v 0.325479 0.665582 0.582951
v 0.330834 0.665297 0.582717
v 0.328156 0.666646 0.582691
v 0.325479 0.667625 0.582105
v 0.330834 0.667604 0.582083
v 0.328156 0.668211 0.581125
v 0.325479 0.668471 0.580062
v 0.330834 0.668238 0.579777
v 0.328156 0.668128 0.578793
v 0.325479 0.667625 0.578018
v 0.330834 0.667676 0.577967
v 0.328156 0.666850 0.577516
v 0.325479 0.665582 0.577172
v 0.330834 0.665867 0.577406
v 0.328156 0.664518 0.577432
v 0.325479 0.663539 0.578018
v 0.330834 0.663561 0.578040
v 0.330834 0.665931 0.580411
v 0.330834 0.665233 0.579712
v 0.332172 0.664079 0.580029
v 0.332172 0.665614 0.581564
v 0.332172 0.666767 0.581247
v 0.332172 0.667085 0.580094
v 0.332172 0.665550 0.578559
v 0.332172 0.664397 0.578876
v 0.332172 0.665931 0.580411
v 0.332172 0.665233 0.579712
v 0.331915 0.663835 0.579293
v 0.331245 0.664645 0.577755
v 0.331615 0.665708 0.577982
v 0.331615 0.665233 0.579712
v 0.331915 0.666542 0.578403
v 0.331245 0.663400 0.581545
v 0.331615 0.663979 0.578458
v 0.331615 0.663503 0.580188
v 0.331915 0.667329 0.580830
v 0.331245 0.667764 0.578578
v 0.331915 0.664622 0.581720
v 0.331245 0.666519 0.582368
v 0.331615 0.667661 0.579935
v 0.331615 0.665456 0.582141
v 0.331615 0.665931 0.580411
v 0.331615 0.667185 0.581665
v 0.331915 0.663924 0.581021
v 0.331245 0.667065 0.577880
v 0.331915 0.664813 0.578314
v 0.331245 0.663275 0.579125
v 0.331915 0.666351 0.581809
v 0.331245 0.664099 0.582243
v 0.331915 0.667240 0.579102
v 0.331245 0.667889 0.580998
v 0.325479 0.667625 0.503595
v 0.330834 0.667661 0.503962
v 0.328156 0.666689 0.503027
v 0.328156 0.668279 0.504735
v 0.325479 0.668471 0.505638
v 0.330834 0.668544 0.505638
v 0.328156 0.668279 0.506541
v 0.325479 0.667625 0.507681
v 0.330834 0.667661 0.507315
v 0.328156 0.666689 0.508250
v 0.325479 0.665582 0.508528
v 0.330834 0.665582 0.508497
v 0.328156 0.664475 0.508250
v 0.325479 0.663539 0.507681
v 0.330834 0.663503 0.507315
v 0.328156 0.662885 0.506541
v 0.325479 0.662693 0.505638
v 0.330834 0.662620 0.505638
v 0.328156 0.662885 0.504735
v 0.325479 0.663539 0.503595
v 0.330834 0.663503 0.503962
v 0.328156 0.664475 0.503027
v 0.325479 0.665582 0.502749
v 0.330834 0.665582 0.502779
v 0.330834 0.665582 0.506132
v 0.330834 0.665582 0.505144
v 0.332172 0.666622 0.504553
v 0.332172 0.666622 0.506723
v 0.332172 0.665582 0.507315
v 0.332172 0.664542 0.506723
v 0.332172 0.664542 0.504553
v 0.332172 0.665582 0.503962
v 0.332172 0.665582 0.506132
v 0.332172 0.665582 0.505144
v 0.331915 0.666274 0.503859
v 0.331245 0.664613 0.503345
v 0.331615 0.664023 0.504257
v 0.331615 0.665582 0.505144
v 0.331915 0.663731 0.505144
v 0.331245 0.668173 0.505144
v 0.331615 0.665582 0.503370
v 0.331615 0.667141 0.504257
v 0.331915 0.664890 0.507417
v 0.331245 0.662991 0.506132
v 0.331915 0.667433 0.506132
v 0.331245 0.666551 0.507931
v 0.331615 0.664023 0.507019
v 0.331615 0.667141 0.507019
v 0.331615 0.665582 0.506132
v 0.331615 0.665582 0.507906
v 0.331915 0.667433 0.505144
v 0.331245 0.662991 0.505144
v 0.331915 0.664890 0.503859
v 0.331245 0.666551 0.503345
v 0.331915 0.666274 0.507417
v 0.331245 0.668173 0.506132
v 0.331915 0.663731 0.506132
v 0.331245 0.664613 0.507931
v 0.328156 0.662811 0.580188
v 0.328156 0.663530 0.582113
v 0.328156 0.665455 0.582833
v 0.328156 0.667614 0.582094
v 0.328156 0.668353 0.579935
v 0.328156 0.667634 0.578010
v 0.330834 0.665582 0.580062
v 0.328156 0.665709 0.577290
v 0.328156 0.663550 0.578029
v 0.325479 0.665582 0.580062
v 0.331915 0.665629 0.578271
v 0.331245 0.663215 0.580267
v 0.332172 0.666362 0.580841
v 0.332172 0.664802 0.579282
v 0.331915 0.665233 0.579712
v 0.331915 0.664188 0.578667
v 0.331915 0.667373 0.580014
v 0.331915 0.665535 0.581852
v 0.331915 0.665931 0.580411
v 0.331915 0.663791 0.580109
v 0.331245 0.667949 0.579856
v 0.331245 0.665376 0.582429
v 0.331245 0.665931 0.580411
v 0.331245 0.667395 0.581874
v 0.331245 0.665788 0.577694
v 0.331245 0.665233 0.579712
v 0.331245 0.663769 0.578249
v 0.331915 0.666976 0.581456
v 0.328156 0.667631 0.503768
v 0.328156 0.668483 0.505638
v 0.328156 0.667631 0.507508
v 0.328156 0.665582 0.508512
v 0.328156 0.663533 0.507508
v 0.328156 0.662681 0.505638
v 0.330834 0.665582 0.505638
v 0.328156 0.663533 0.503768
v 0.328156 0.665582 0.502764
v 0.325479 0.665582 0.505638
v 0.331915 0.664282 0.504405
v 0.331245 0.667401 0.504109
v 0.332172 0.665582 0.506740
v 0.332172 0.665582 0.504536
v 0.331915 0.665582 0.505144
v 0.331915 0.665582 0.503666
v 0.331915 0.664282 0.506871
v 0.331915 0.666882 0.506871
v 0.331915 0.665582 0.506132
v 0.331915 0.666882 0.504405
v 0.331245 0.663763 0.507167
v 0.331245 0.667401 0.507167
v 0.331245 0.665582 0.506132
v 0.331245 0.665582 0.508201
v 0.331245 0.663763 0.504109
v 0.331245 0.665582 0.505144
v 0.331245 0.665582 0.503075
v 0.331915 0.665582 0.507610
v 0.330126 0.676426 -0.580779
v 0.330126 0.657865 -0.576091
v 0.330126 0.685448 -0.570761
v 0.330126 0.691177 -0.557952
v 0.329994 0.683888 -0.560251
v 0.330003 0.670969 -0.573145
v 0.330103 0.686875 -0.560323
v 0.330117 0.676883 -0.573605
v 0.344122 0.657559 -0.554944
v 0.339818 0.657521 -0.566149
v 0.342605 0.665727 -0.555667
v 0.339206 0.662082 -0.566823
v 0.337548 0.675121 -0.557126
v 0.335681 0.667646 -0.568813
v 0.327329 0.676426 -0.580779
v 0.327329 0.657865 -0.576091
v 0.327329 0.685448 -0.570761
v 0.327329 0.691177 -0.557952
v 0.327329 0.683129 -0.560003
v 0.327329 0.670384 -0.573065
v 0.327971 0.686600 -0.559946
v 0.327950 0.676699 -0.573592
v 0.341368 0.657428 -0.554569
v 0.337125 0.657501 -0.565575
v 0.340787 0.665090 -0.555232
v 0.337326 0.661664 -0.566136
v 0.335920 0.674042 -0.556663
v 0.333951 0.666847 -0.568155
v 0.330126 0.660463 -0.583127
v 0.330126 0.666358 -0.585625
v 0.330130 0.666457 -0.581589
v 0.327329 0.666365 -0.585625
v 0.327329 0.660492 -0.583127
v 0.327832 0.666442 -0.581588
v 0.330126 0.676426 -0.504920
v 0.330126 0.657865 -0.509609
v 0.330126 0.685448 -0.514938
v 0.330126 0.691177 -0.527748
v 0.330126 0.693315 -0.542850
v 0.330012 0.688728 -0.542850
v 0.329994 0.683888 -0.525449
v 0.330003 0.670969 -0.512554
v 0.330103 0.686875 -0.525377
v 0.330117 0.676883 -0.512094
v 0.345666 0.657614 -0.542850
v 0.344122 0.657559 -0.530756
v 0.339818 0.657521 -0.519551
v 0.343621 0.667671 -0.542850
v 0.342605 0.665727 -0.530032
v 0.339206 0.662082 -0.518876
v 0.337548 0.675121 -0.528574
v 0.337788 0.678686 -0.542850
v 0.335681 0.667646 -0.516887
v 0.327329 0.676426 -0.504920
v 0.327329 0.657865 -0.509609
v 0.327329 0.685448 -0.514938
v 0.327329 0.691177 -0.527748
v 0.327329 0.693315 -0.542850
v 0.327329 0.687978 -0.542850
v 0.327329 0.683129 -0.525697
v 0.327329 0.670384 -0.512635
v 0.327971 0.690338 -0.542850
v 0.327971 0.686600 -0.525754
v 0.327950 0.676699 -0.512108
v 0.342883 0.657428 -0.542850
v 0.341368 0.657428 -0.531131
v 0.337125 0.657501 -0.520125
v 0.341782 0.666953 -0.542850
v 0.340787 0.665090 -0.530467
v 0.337326 0.661664 -0.519564
v 0.335920 0.674042 -0.529037
v 0.336143 0.677536 -0.542850
v 0.333951 0.666847 -0.517545
v 0.330126 0.660463 -0.502573
v 0.330126 0.666358 -0.500075
v 0.330130 0.666457 -0.504111
v 0.327329 0.666365 -0.500075
v 0.327329 0.660492 -0.502573
v 0.327832 0.666442 -0.504112
v 0.330054 0.664272 -0.575500
v 0.330126 0.681296 -0.576224
v 0.330126 0.688742 -0.564675
v 0.330126 0.692750 -0.550581
v 0.330006 0.687539 -0.551752
v 0.329987 0.677931 -0.567782
v 0.330058 0.685166 -0.560999
v 0.330122 0.688938 -0.559178
v 0.330071 0.673572 -0.573778
v 0.330131 0.680674 -0.572713
v 0.330113 0.682701 -0.567378
v 0.344974 0.662522 -0.542850
v 0.345220 0.657600 -0.548954
v 0.342530 0.657509 -0.560708
v 0.343655 0.661505 -0.555274
v 0.335458 0.657656 -0.571224
v 0.339965 0.659660 -0.566231
v 0.341135 0.673180 -0.542850
v 0.340529 0.670379 -0.556216
v 0.337881 0.664990 -0.567495
v 0.341323 0.663940 -0.561650
v 0.335934 0.660385 -0.570941
v 0.343360 0.667111 -0.549331
v 0.333932 0.679598 -0.558540
v 0.334000 0.683828 -0.542850
v 0.333026 0.669802 -0.570722
v 0.336917 0.671585 -0.563588
v 0.333694 0.663648 -0.572394
v 0.337765 0.677691 -0.550105
v 0.327329 0.663944 -0.575479
v 0.327329 0.681296 -0.576224
v 0.327329 0.688742 -0.564675
v 0.327329 0.692750 -0.550581
v 0.327329 0.686781 -0.551585
v 0.327329 0.677214 -0.567593
v 0.327770 0.689100 -0.542850
v 0.327770 0.691768 -0.542850
v 0.327770 0.684760 -0.560156
v 0.327770 0.688785 -0.559130
v 0.327746 0.673215 -0.573736
v 0.327746 0.680599 -0.572711
v 0.327968 0.682346 -0.567304
v 0.327971 0.689353 -0.551650
v 0.342707 0.662081 -0.542850
v 0.342443 0.657428 -0.548769
v 0.339817 0.657437 -0.560162
v 0.341413 0.661133 -0.554872
v 0.332731 0.657656 -0.570864
v 0.337727 0.659453 -0.565584
v 0.339541 0.672176 -0.542850
v 0.338954 0.669459 -0.555747
v 0.336223 0.664330 -0.566763
v 0.339528 0.663397 -0.561019
v 0.333755 0.660120 -0.570437
v 0.341525 0.666414 -0.549114
v 0.331890 0.678604 -0.558161
v 0.331940 0.682798 -0.542850
v 0.330929 0.669035 -0.570293
v 0.335301 0.670606 -0.562955
v 0.331601 0.663144 -0.571934
v 0.336123 0.676559 -0.549864
v 0.328727 0.676426 -0.580779
v 0.328727 0.657865 -0.576091
v 0.328727 0.685448 -0.570761
v 0.328727 0.691177 -0.557952
v 0.328727 0.693315 -0.542850
v 0.344274 0.657521 -0.542850
v 0.342745 0.657493 -0.554756
v 0.338471 0.657511 -0.565862
v 0.330125 0.663494 -0.582219
v 0.330126 0.662823 -0.585204
v 0.330131 0.666764 -0.583149
v 0.327684 0.666766 -0.583149
v 0.327329 0.662844 -0.585204
v 0.327684 0.663477 -0.582217
v 0.328727 0.660478 -0.583127
v 0.328727 0.666361 -0.585625
v 0.330126 0.658948 -0.579900
v 0.327329 0.658968 -0.579900
v 0.330125 0.670439 -0.578630
v 0.330126 0.671156 -0.584055
v 0.327329 0.671157 -0.584055
v 0.327903 0.670382 -0.578627
v 0.330054 0.664272 -0.510199
v 0.330126 0.681296 -0.509475
v 0.330126 0.688742 -0.521025
v 0.330126 0.692750 -0.535118
v 0.330006 0.687539 -0.533947
v 0.329987 0.677931 -0.517918
v 0.330058 0.685166 -0.524700
v 0.330122 0.688938 -0.526522
v 0.330071 0.673572 -0.511922
v 0.330131 0.680674 -0.512987
v 0.330113 0.682701 -0.518322
v 0.345220 0.657600 -0.536745
v 0.342530 0.657509 -0.524992
v 0.343655 0.661505 -0.530426
v 0.335458 0.657656 -0.514476
v 0.339965 0.659660 -0.519469
v 0.340529 0.670379 -0.529483
v 0.337881 0.664990 -0.518204
v 0.341323 0.663940 -0.524049
v 0.335934 0.660385 -0.514759
v 0.343360 0.667111 -0.536368
v 0.333932 0.679598 -0.527160
v 0.333026 0.669802 -0.514978
v 0.336917 0.671585 -0.522112
v 0.333694 0.663648 -0.513306
v 0.337765 0.677691 -0.535594
v 0.327329 0.663944 -0.510220
v 0.327329 0.681296 -0.509475
v 0.327329 0.688742 -0.521025
v 0.327329 0.692750 -0.535118
v 0.327329 0.686781 -0.534115
v 0.327329 0.677214 -0.518106
v 0.327770 0.684760 -0.525544
v 0.327770 0.688785 -0.526569
v 0.327746 0.673215 -0.511963
v 0.327746 0.680599 -0.512988
v 0.327968 0.682346 -0.518395
v 0.327971 0.689353 -0.534049
v 0.342443 0.657428 -0.536931
v 0.339817 0.657437 -0.525538
v 0.341413 0.661133 -0.530828
v 0.332731 0.657656 -0.514836
v 0.337727 0.659453 -0.520115
v 0.338954 0.669459 -0.529953
v 0.336223 0.664330 -0.518937
v 0.339528 0.663397 -0.524680
v 0.333755 0.660120 -0.515262
v 0.341525 0.666414 -0.536585
v 0.331890 0.678604 -0.527539
v 0.330929 0.669035 -0.515406
v 0.335301 0.670606 -0.522745
v 0.331601 0.663144 -0.513766
v 0.336123 0.676559 -0.535835
v 0.328727 0.676426 -0.504920
v 0.328727 0.657865 -0.509609
v 0.328727 0.685448 -0.514938
v 0.328727 0.691177 -0.527748
v 0.342745 0.657493 -0.530943
v 0.338471 0.657511 -0.519838
v 0.330125 0.663494 -0.503481
v 0.330126 0.662823 -0.500496
v 0.330131 0.666764 -0.502550
v 0.327684 0.666766 -0.502551
v 0.327329 0.662844 -0.500496
v 0.327684 0.663477 -0.503482
v 0.328727 0.660478 -0.502573
v 0.328727 0.666361 -0.500075
v 0.330126 0.658948 -0.505799
v 0.327329 0.658968 -0.505799
v 0.330125 0.670439 -0.507070
v 0.330126 0.671156 -0.501645
v 0.327329 0.671157 -0.501645
v 0.327903 0.670382 -0.507073
v 0.330090 0.691368 -0.542850
v 0.330075 0.689024 -0.552642
v 0.330075 0.689024 -0.533058
v 0.328727 0.671156 -0.584055
v 0.330050 0.687651 -0.555039
v 0.330061 0.680172 -0.567868
v 0.330130 0.685576 -0.566246
v 0.330104 0.690830 -0.551315
v 0.330102 0.665923 -0.578391
v 0.337202 0.659048 -0.569784
v 0.344610 0.662230 -0.549125
v 0.342211 0.660573 -0.561113
v 0.339556 0.667773 -0.562369
v 0.335795 0.662731 -0.570716
v 0.341005 0.672376 -0.549623
v 0.333629 0.674949 -0.565477
v 0.332251 0.665728 -0.573322
v 0.334009 0.682715 -0.550851
v 0.327671 0.673881 -0.579286
v 0.327770 0.687989 -0.551724
v 0.327767 0.679649 -0.567680
v 0.327767 0.685395 -0.566236
v 0.327770 0.690974 -0.551222
v 0.334838 0.658906 -0.569258
v 0.342347 0.661807 -0.548925
v 0.340001 0.660279 -0.560526
v 0.338000 0.666957 -0.561697
v 0.333868 0.662253 -0.570119
v 0.339414 0.671394 -0.549386
v 0.331598 0.674030 -0.565023
v 0.329985 0.665171 -0.572995
v 0.331953 0.681691 -0.550638
v 0.328727 0.681296 -0.576224
v 0.328727 0.688742 -0.564675
v 0.328727 0.692750 -0.550581
v 0.330131 0.673890 -0.579287
v 0.327671 0.665788 -0.578383
v 0.343832 0.657514 -0.548861
v 0.341174 0.657473 -0.560435
v 0.334094 0.657656 -0.571044
v 0.330129 0.663582 -0.584058
v 0.327611 0.663590 -0.584057
v 0.328727 0.662833 -0.585204
v 0.328727 0.658958 -0.579900
v 0.328727 0.671156 -0.501645
v 0.330050 0.687651 -0.530661
v 0.330061 0.680172 -0.517832
v 0.330130 0.685576 -0.519454
v 0.330104 0.690830 -0.534384
v 0.330102 0.665923 -0.507308
v 0.337202 0.659048 -0.515916
v 0.344610 0.662230 -0.536575
v 0.342211 0.660573 -0.524586
v 0.339556 0.667773 -0.523331
v 0.335795 0.662731 -0.514983
v 0.341005 0.672376 -0.536077
v 0.333629 0.674949 -0.520223
v 0.332251 0.665728 -0.512378
v 0.334009 0.682715 -0.534848
v 0.327671 0.673881 -0.506413
v 0.327770 0.687989 -0.533976
v 0.327767 0.679649 -0.518020
v 0.327767 0.685395 -0.519463
v 0.327770 0.690974 -0.534477
v 0.334838 0.658906 -0.516442
v 0.342347 0.661807 -0.536774
v 0.340001 0.660279 -0.525174
v 0.338000 0.666957 -0.524003
v 0.333868 0.662253 -0.515580
v 0.339414 0.671394 -0.536314
v 0.331598 0.674030 -0.520677
v 0.329985 0.665171 -0.512704
v 0.331953 0.681691 -0.535062
v 0.328727 0.681296 -0.509475
v 0.328727 0.688742 -0.521025
v 0.328727 0.692750 -0.535118
v 0.330131 0.673890 -0.506413
v 0.327671 0.665788 -0.507317
v 0.343832 0.657514 -0.536838
v 0.341174 0.657473 -0.525265
v 0.334094 0.657656 -0.514656
v 0.330129 0.663582 -0.501642
v 0.327611 0.663590 -0.501642
v 0.328727 0.662833 -0.500496
v 0.328727 0.658958 -0.505799
v 0.325478 0.662909 -0.506745
v 0.330834 0.662996 -0.506659
v 0.325478 0.662909 -0.504531
v 0.330834 0.663138 -0.503893
v 0.325478 0.664475 -0.502965
v 0.330834 0.663837 -0.503194
v 0.325478 0.666689 -0.502965
v 0.330834 0.666603 -0.503052
v 0.325478 0.668255 -0.504531
v 0.330834 0.668168 -0.504617
v 0.325478 0.668255 -0.506745
v 0.330834 0.668026 -0.507383
v 0.325478 0.666689 -0.508311
v 0.330834 0.667327 -0.508082
v 0.325478 0.664475 -0.508311
v 0.330834 0.664561 -0.508224
v 0.332172 0.664186 -0.504940
v 0.332172 0.664114 -0.506323
v 0.332172 0.666267 -0.504170
v 0.332172 0.664884 -0.504242
v 0.332172 0.667050 -0.504953
v 0.332172 0.666978 -0.506336
v 0.332172 0.664897 -0.507106
v 0.332172 0.666280 -0.507034
v 0.331615 0.666435 -0.503611
v 0.331615 0.664361 -0.503718
v 0.331615 0.667502 -0.506859
v 0.331615 0.667609 -0.504785
v 0.331615 0.663555 -0.506491
v 0.331615 0.664729 -0.507665
v 0.331615 0.666803 -0.507558
v 0.331615 0.663662 -0.504417
v 0.325478 0.666689 -0.582734
v 0.330834 0.666689 -0.582612
v 0.325478 0.668255 -0.581168
v 0.330834 0.668544 -0.580555
v 0.325478 0.668254 -0.578954
v 0.330834 0.668544 -0.579567
v 0.325478 0.666689 -0.577389
v 0.330834 0.666689 -0.577511
v 0.325478 0.664475 -0.577389
v 0.330834 0.664475 -0.577511
v 0.325478 0.662909 -0.578954
v 0.330834 0.662620 -0.579567
v 0.325478 0.662909 -0.581168
v 0.330834 0.662620 -0.580555
v 0.325478 0.664475 -0.582734
v 0.330834 0.664475 -0.582612
v 0.332172 0.667063 -0.580556
v 0.332172 0.666135 -0.581584
v 0.332172 0.666135 -0.578539
v 0.332172 0.667063 -0.579567
v 0.332172 0.665029 -0.578539
v 0.332172 0.664101 -0.579567
v 0.332172 0.665029 -0.581584
v 0.332172 0.664101 -0.580556
v 0.331615 0.666412 -0.578025
v 0.331615 0.667803 -0.579567
v 0.331615 0.663361 -0.579567
v 0.331615 0.664752 -0.578025
v 0.331615 0.666412 -0.582098
v 0.331615 0.664752 -0.582098
v 0.331615 0.663361 -0.580556
v 0.331615 0.667803 -0.580556
v 0.325478 0.662693 -0.505638
v 0.330834 0.662926 -0.505353
v 0.328156 0.662953 -0.506702
v 0.328156 0.663036 -0.504370
v 0.325478 0.663539 -0.503595
v 0.330834 0.663488 -0.503544
v 0.328156 0.664314 -0.503093
v 0.325478 0.665582 -0.502749
v 0.330834 0.665297 -0.502982
v 0.328156 0.666646 -0.503009
v 0.325478 0.667625 -0.503595
v 0.330834 0.667604 -0.503616
v 0.328156 0.668211 -0.504574
v 0.325478 0.668471 -0.505638
v 0.330834 0.668238 -0.505923
v 0.328156 0.668128 -0.506906
v 0.325478 0.667625 -0.507681
v 0.330834 0.667676 -0.507732
v 0.328156 0.666850 -0.508184
v 0.325478 0.665582 -0.508527
v 0.330834 0.665867 -0.508294
v 0.328156 0.664518 -0.508267
v 0.325478 0.663539 -0.507681
v 0.330834 0.663561 -0.507660
v 0.330834 0.665931 -0.505289
v 0.330834 0.665233 -0.505987
v 0.332172 0.664079 -0.505670
v 0.332172 0.665614 -0.504135
v 0.332172 0.666767 -0.504453
v 0.332172 0.667085 -0.505606
v 0.332172 0.665550 -0.507141
v 0.332172 0.664397 -0.506823
v 0.332172 0.665931 -0.505289
v 0.332172 0.665233 -0.505987
v 0.331914 0.663835 -0.506407
v 0.331245 0.664645 -0.507945
v 0.331615 0.665708 -0.507717
v 0.331615 0.665233 -0.505987
v 0.331914 0.666542 -0.507296
v 0.331245 0.663400 -0.504155
v 0.331615 0.663979 -0.507241
v 0.331615 0.663503 -0.505512
v 0.331914 0.667329 -0.504869
v 0.331245 0.667764 -0.507121
v 0.331914 0.664622 -0.503980
v 0.331245 0.666519 -0.503331
v 0.331615 0.667661 -0.505764
v 0.331615 0.665456 -0.503559
v 0.331615 0.665931 -0.505289
v 0.331615 0.667185 -0.504035
v 0.331914 0.663924 -0.504678
v 0.331245 0.667065 -0.507820
v 0.331914 0.664813 -0.507385
v 0.331245 0.663275 -0.506575
v 0.331914 0.666351 -0.503891
v 0.331245 0.664099 -0.503456
v 0.331914 0.667240 -0.506598
v 0.331245 0.667889 -0.504701
v 0.325478 0.667625 -0.582105
v 0.330834 0.667661 -0.581738
v 0.328156 0.666689 -0.582673
v 0.328156 0.668279 -0.580965
v 0.325478 0.668471 -0.580061
v 0.330834 0.668544 -0.580061
v 0.328156 0.668279 -0.579158
v 0.325478 0.667625 -0.578018
v 0.330834 0.667661 -0.578385
v 0.328156 0.666689 -0.577450
v 0.325478 0.665582 -0.577172
v 0.330834 0.665582 -0.577203
v 0.328156 0.664475 -0.577450
v 0.325478 0.663539 -0.578018
v 0.330834 0.663503 -0.578385
v 0.328156 0.662885 -0.579158
v 0.325478 0.662693 -0.580061
v 0.330834 0.662620 -0.580061
v 0.328156 0.662885 -0.580965
v 0.325478 0.663539 -0.582105
v 0.330834 0.663503 -0.581738
v 0.328156 0.664475 -0.582673
v 0.325478 0.665582 -0.582951
v 0.330834 0.665582 -0.582920
v 0.330834 0.665582 -0.579567
v 0.330834 0.665582 -0.580555
v 0.332172 0.666622 -0.581147
v 0.332172 0.666622 -0.578976
v 0.332172 0.665582 -0.578385
v 0.332172 0.664542 -0.578976
v 0.332172 0.664542 -0.581147
v 0.332172 0.665582 -0.581738
v 0.332172 0.665582 -0.579567
v 0.332172 0.665582 -0.580556
v 0.331914 0.666274 -0.581841
v 0.331245 0.664613 -0.582355
v 0.331615 0.664023 -0.581442
v 0.331615 0.665582 -0.580556
v 0.331914 0.663731 -0.580556
v 0.331245 0.668173 -0.580556
v 0.331615 0.665582 -0.582329
v 0.331615 0.667141 -0.581442
v 0.331914 0.664890 -0.578282
v 0.331245 0.662991 -0.579567
v 0.331914 0.667433 -0.579567
v 0.331245 0.666551 -0.577768
v 0.331615 0.664023 -0.578681
v 0.331615 0.667141 -0.578681
v 0.331615 0.665582 -0.579567
v 0.331615 0.665582 -0.577794
v 0.331914 0.667433 -0.580556
v 0.331245 0.662991 -0.580556
v 0.331914 0.664890 -0.581841
v 0.331245 0.666551 -0.582355
v 0.331914 0.666274 -0.578282
v 0.331245 0.668173 -0.579567
v 0.331914 0.663731 -0.579567
v 0.331245 0.664613 -0.577768
v 0.328156 0.662811 -0.505511
v 0.328156 0.663530 -0.503586
v 0.328156 0.665455 -0.502867
v 0.328156 0.667614 -0.503606
v 0.328156 0.668353 -0.505765
v 0.328156 0.667634 -0.507690
v 0.330834 0.665582 -0.505638
v 0.328156 0.665709 -0.508409
v 0.328156 0.663550 -0.507670
v 0.325478 0.665582 -0.505638
v 0.331914 0.665629 -0.507429
v 0.331245 0.663215 -0.505432
v 0.332172 0.666362 -0.504858
v 0.332172 0.664802 -0.506418
v 0.331914 0.665233 -0.505987
v 0.331914 0.664188 -0.507033
v 0.331914 0.667373 -0.505685
v 0.331914 0.665535 -0.503847
v 0.331914 0.665931 -0.505289
v 0.331914 0.663791 -0.505591
v 0.331245 0.667949 -0.505844
v 0.331245 0.665376 -0.503271
v 0.331245 0.665931 -0.505289
v 0.331245 0.667395 -0.503826
v 0.331245 0.665788 -0.508005
v 0.331245 0.665233 -0.505987
v 0.331245 0.663769 -0.507451
v 0.331914 0.666976 -0.504244
v 0.328156 0.667631 -0.581931
v 0.328156 0.668483 -0.580061
v 0.328156 0.667631 -0.578191
v 0.328156 0.665582 -0.577187
v 0.328156 0.663533 -0.578191
v 0.328156 0.662681 -0.580061
v 0.330834 0.665582 -0.580061
v 0.328156 0.663533 -0.581931
v 0.328156 0.665582 -0.582936
v 0.325478 0.665582 -0.580061
v 0.331914 0.664282 -0.581295
v 0.331245 0.667401 -0.581590
v 0.332172 0.665582 -0.578959
v 0.332172 0.665582 -0.581164
v 0.331914 0.665582 -0.580556
v 0.331914 0.665582 -0.582034
v 0.331914 0.664282 -0.578828
v 0.331914 0.666882 -0.578828
v 0.331914 0.665582 -0.579567
v 0.331914 0.666882 -0.581295
v 0.331245 0.663763 -0.578533
v 0.331245 0.667401 -0.578533
v 0.331245 0.665582 -0.579567
v 0.331245 0.665582 -0.577498
v 0.331245 0.663763 -0.581590
v 0.331245 0.665582 -0.580555
v 0.331245 0.665582 -0.582625
v 0.331914 0.665582 -0.578089
v 0.330126 0.474524 -0.580780
v 0.330126 0.455963 -0.576091
v 0.330126 0.483547 -0.570762
v 0.330126 0.489275 -0.557952
v 0.329994 0.481986 -0.560251
v 0.330003 0.469067 -0.573146
v 0.330103 0.484973 -0.560324
v 0.330117 0.474981 -0.573606
v 0.344122 0.455657 -0.554944
v 0.339818 0.455619 -0.566149
v 0.342605 0.463825 -0.555668
v 0.339206 0.460181 -0.566824
v 0.337548 0.473219 -0.557126
v 0.335681 0.465744 -0.568814
v 0.327329 0.474524 -0.580780
v 0.327329 0.455963 -0.576091
v 0.327329 0.483547 -0.570762
v 0.327329 0.489275 -0.557952
v 0.327329 0.481227 -0.560004
v 0.327329 0.468482 -0.573065
v 0.327971 0.484698 -0.559946
v 0.327950 0.474797 -0.573592
v 0.341368 0.455526 -0.554569
v 0.337125 0.455599 -0.565575
v 0.340787 0.463188 -0.555233
v 0.337326 0.459762 -0.566136
v 0.335920 0.472140 -0.556663
v 0.333951 0.464945 -0.568156
v 0.330126 0.458561 -0.583128
v 0.330126 0.464456 -0.585625
v 0.330130 0.464555 -0.581589
v 0.327329 0.464463 -0.585625
v 0.327329 0.458590 -0.583128
v 0.327832 0.464540 -0.581588
v 0.330126 0.474524 -0.504921
v 0.330126 0.455963 -0.509609
v 0.330126 0.483547 -0.514939
v 0.330126 0.489275 -0.527748
v 0.330126 0.491413 -0.542850
v 0.330012 0.486826 -0.542850
v 0.329994 0.481986 -0.525450
v 0.330003 0.469067 -0.512555
v 0.330103 0.484973 -0.525377
v 0.330117 0.474981 -0.512095
v 0.345666 0.455712 -0.542850
v 0.344122 0.455657 -0.530756
v 0.339818 0.455619 -0.519552
v 0.343621 0.465769 -0.542850
v 0.342605 0.463825 -0.530033
v 0.339206 0.460181 -0.518877
v 0.337548 0.473219 -0.528574
v 0.337788 0.476784 -0.542850
v 0.335681 0.465744 -0.516887
v 0.327329 0.474524 -0.504921
v 0.327329 0.455963 -0.509609
v 0.327329 0.483547 -0.514939
v 0.327329 0.489275 -0.527748
v 0.327329 0.491413 -0.542850
v 0.327329 0.486076 -0.542850
v 0.327329 0.481227 -0.525697
v 0.327329 0.468482 -0.512635
v 0.327971 0.488436 -0.542850
v 0.327971 0.484698 -0.525754
v 0.327950 0.474797 -0.512108
v 0.342883 0.455526 -0.542850
v 0.341368 0.455526 -0.531131
v 0.337125 0.455599 -0.520126
v 0.341782 0.465051 -0.542850
v 0.340787 0.463188 -0.530468
v 0.337326 0.459762 -0.519564
v 0.335920 0.472140 -0.529037
v 0.336143 0.475634 -0.542850
v 0.333951 0.464945 -0.517545
v 0.330126 0.458561 -0.502573
v 0.330126 0.464456 -0.500075
v 0.330130 0.464555 -0.504111
v 0.327329 0.464463 -0.500075
v 0.327329 0.458590 -0.502573
v 0.327832 0.464540 -0.504112
v 0.330054 0.462370 -0.575501
v 0.330126 0.479394 -0.576225
v 0.330126 0.486840 -0.564675
v 0.330126 0.490848 -0.550582
v 0.330006 0.485637 -0.551753
v 0.329987 0.476029 -0.567783
v 0.330058 0.483264 -0.561000
v 0.330122 0.487036 -0.559178
v 0.330071 0.471670 -0.573778
v 0.330131 0.478772 -0.572713
v 0.330113 0.480799 -0.567378
v 0.344974 0.460620 -0.542850
v 0.345220 0.455698 -0.548955
v 0.342530 0.455607 -0.560708
v 0.343655 0.459603 -0.555274
v 0.335458 0.455754 -0.571224
v 0.339965 0.457758 -0.566231
v 0.341135 0.471278 -0.542850
v 0.340529 0.468477 -0.556217
v 0.337881 0.463088 -0.567496
v 0.341323 0.462038 -0.561651
v 0.335934 0.458483 -0.570941
v 0.343360 0.465209 -0.549332
v 0.333932 0.477696 -0.558540
v 0.334000 0.481926 -0.542850
v 0.333026 0.467900 -0.570722
v 0.336917 0.469683 -0.563588
v 0.333694 0.461746 -0.572394
v 0.337765 0.475789 -0.550106
v 0.327329 0.462042 -0.575480
v 0.327329 0.479394 -0.576225
v 0.327329 0.486840 -0.564675
v 0.327329 0.490848 -0.550582
v 0.327329 0.484879 -0.551585
v 0.327329 0.475312 -0.567594
v 0.327770 0.487198 -0.542850
v 0.327770 0.489867 -0.542850
v 0.327770 0.482859 -0.560156
v 0.327770 0.486883 -0.559131
v 0.327746 0.471313 -0.573737
v 0.327746 0.478697 -0.572712
v 0.327968 0.480444 -0.567305
v 0.327971 0.487451 -0.551651
v 0.342707 0.460179 -0.542850
v 0.342443 0.455526 -0.548769
v 0.339817 0.455535 -0.560162
v 0.341413 0.459232 -0.554872
v 0.332731 0.455754 -0.570864
v 0.337727 0.457551 -0.565585
v 0.339541 0.470274 -0.542850
v 0.338954 0.467558 -0.555747
v 0.336223 0.462428 -0.566763
v 0.339528 0.461496 -0.561020
v 0.333755 0.458218 -0.570438
v 0.341525 0.464512 -0.549115
v 0.331890 0.476702 -0.558161
v 0.331940 0.480896 -0.542850
v 0.330929 0.467133 -0.570294
v 0.335301 0.468704 -0.562955
v 0.331601 0.461242 -0.571934
v 0.336123 0.474657 -0.549865
v 0.328727 0.474524 -0.580780
v 0.328727 0.455963 -0.576091
v 0.328727 0.483547 -0.570762
v 0.328727 0.489275 -0.557952
v 0.328727 0.491413 -0.542850
v 0.344274 0.455619 -0.542850
v 0.342745 0.455591 -0.554757
v 0.338471 0.455609 -0.565862
v 0.330125 0.461592 -0.582219
v 0.330126 0.460921 -0.585204
v 0.330131 0.464862 -0.583150
v 0.327684 0.464864 -0.583149
v 0.327329 0.460942 -0.585204
v 0.327684 0.461575 -0.582218
v 0.328727 0.458576 -0.583128
v 0.328727 0.464459 -0.585625
v 0.330126 0.457046 -0.579901
v 0.327329 0.457066 -0.579901
v 0.330125 0.468537 -0.578630
v 0.330126 0.469254 -0.584055
v 0.327329 0.469255 -0.584055
v 0.327903 0.468480 -0.578627
v 0.330054 0.462370 -0.510200
v 0.330126 0.479394 -0.509476
v 0.330126 0.486840 -0.521025
v 0.330126 0.490848 -0.535119
v 0.330006 0.485637 -0.533948
v 0.329987 0.476029 -0.517918
v 0.330058 0.483264 -0.524701
v 0.330122 0.487036 -0.526523
v 0.330071 0.471670 -0.511922
v 0.330131 0.478772 -0.512987
v 0.330113 0.480799 -0.518322
v 0.345220 0.455698 -0.536746
v 0.342530 0.455607 -0.524992
v 0.343655 0.459603 -0.530426
v 0.335458 0.455754 -0.514476
v 0.339965 0.457758 -0.519469
v 0.340529 0.468477 -0.529484
v 0.337881 0.463088 -0.518205
v 0.341323 0.462038 -0.524050
v 0.335934 0.458483 -0.514760
v 0.343360 0.465209 -0.536369
v 0.333932 0.477696 -0.527160
v 0.333026 0.467900 -0.514978
v 0.336917 0.469683 -0.522113
v 0.333694 0.461746 -0.513306
v 0.337765 0.475789 -0.535595
v 0.327329 0.462042 -0.510221
v 0.327329 0.479394 -0.509476
v 0.327329 0.486840 -0.521025
v 0.327329 0.490848 -0.535119
v 0.327329 0.484879 -0.534115
v 0.327329 0.475312 -0.518107
v 0.327770 0.482859 -0.525544
v 0.327770 0.486883 -0.526570
v 0.327746 0.471313 -0.511964
v 0.327746 0.478697 -0.512989
v 0.327968 0.480444 -0.518396
v 0.327971 0.487451 -0.534050
v 0.342443 0.455526 -0.536932
v 0.339817 0.455535 -0.525538
v 0.341413 0.459232 -0.530828
v 0.332731 0.455754 -0.514836
v 0.337727 0.457551 -0.520116
v 0.338954 0.467558 -0.529953
v 0.336223 0.462428 -0.518937
v 0.339528 0.461496 -0.524681
v 0.333755 0.458218 -0.515263
v 0.341525 0.464512 -0.536586
v 0.331890 0.476702 -0.527539
v 0.330929 0.467133 -0.515407
v 0.335301 0.468704 -0.522745
v 0.331601 0.461242 -0.513766
v 0.336123 0.474657 -0.535836
v 0.328727 0.474524 -0.504921
v 0.328727 0.455963 -0.509609
v 0.328727 0.483547 -0.514939
v 0.328727 0.489275 -0.527748
v 0.342745 0.455591 -0.530944
v 0.338471 0.455609 -0.519839
v 0.330125 0.461592 -0.503481
v 0.330126 0.460921 -0.500497
v 0.330131 0.464862 -0.502551
v 0.327684 0.464864 -0.502551
v 0.327329 0.460942 -0.500497
v 0.327684 0.461575 -0.503483
v 0.328727 0.458576 -0.502573
v 0.328727 0.464459 -0.500075
v 0.330126 0.457046 -0.505800
v 0.327329 0.457066 -0.505800
v 0.330125 0.468537 -0.507070
v 0.330126 0.469254 -0.501645
v 0.327329 0.469255 -0.501645
v 0.327903 0.468480 -0.507074
v 0.330090 0.489467 -0.542850
v 0.330075 0.487122 -0.552642
v 0.330075 0.487122 -0.533058
v 0.328727 0.469254 -0.584055
v 0.330050 0.485749 -0.555040
v 0.330061 0.478270 -0.567868
v 0.330130 0.483674 -0.566246
v 0.330104 0.488928 -0.551316
v 0.330102 0.464021 -0.578392
v 0.337202 0.457146 -0.569784
v 0.344610 0.460328 -0.549125
v 0.342211 0.458671 -0.561114
v 0.339556 0.465871 -0.562369
v 0.335795 0.460829 -0.570717
v 0.341005 0.470474 -0.549624
v 0.333629 0.473047 -0.565477
v 0.332251 0.463826 -0.573323
v 0.334009 0.480813 -0.550852
v 0.327671 0.471979 -0.579287
v 0.327770 0.486088 -0.551724
v 0.327767 0.477747 -0.567681
v 0.327767 0.483493 -0.566237
v 0.327770 0.489072 -0.551223
v 0.334838 0.457004 -0.569258
v 0.342347 0.459905 -0.548926
v 0.340001 0.458377 -0.560526
v 0.338000 0.465055 -0.561697
v 0.333868 0.460351 -0.570120
v 0.339414 0.469492 -0.549387
v 0.331598 0.472128 -0.565023
v 0.329985 0.463269 -0.572996
v 0.331953 0.479789 -0.550638
v 0.328727 0.479394 -0.576225
v 0.328727 0.486840 -0.564675
v 0.328727 0.490848 -0.550582
v 0.330131 0.471988 -0.579287
v 0.327671 0.463886 -0.578383
v 0.343832 0.455612 -0.548862
v 0.341174 0.455571 -0.560435
v 0.334094 0.455754 -0.571044
v 0.330129 0.461680 -0.584058
v 0.327611 0.461688 -0.584058
v 0.328727 0.460932 -0.585204
v 0.328727 0.457056 -0.579901
v 0.328727 0.469254 -0.501645
v 0.330050 0.485749 -0.530661
v 0.330061 0.478270 -0.517833
v 0.330130 0.483674 -0.519454
v 0.330104 0.488928 -0.534385
v 0.330102 0.464021 -0.507309
v 0.337202 0.457146 -0.515917
v 0.344610 0.460328 -0.536575
v 0.342211 0.458671 -0.524587
v 0.339556 0.465871 -0.523331
v 0.335795 0.460829 -0.514984
v 0.341005 0.470474 -0.536077
v 0.333629 0.473047 -0.520223
v 0.332251 0.463826 -0.512378
v 0.334009 0.480813 -0.534849
v 0.327671 0.471979 -0.506414
v 0.327770 0.486088 -0.533976
v 0.327767 0.477747 -0.518020
v 0.327767 0.483493 -0.519464
v 0.327770 0.489072 -0.534478
v 0.334838 0.457004 -0.516442
v 0.342347 0.459905 -0.536775
v 0.340001 0.458377 -0.525174
v 0.338000 0.465055 -0.524004
v 0.333868 0.460351 -0.515581
v 0.339414 0.469492 -0.536314
v 0.331598 0.472128 -0.520677
v 0.329985 0.463269 -0.512705
v 0.331953 0.479789 -0.535063
v 0.328727 0.479394 -0.509476
v 0.328727 0.486840 -0.521025
v 0.328727 0.490848 -0.535119
v 0.330131 0.471988 -0.506413
v 0.327671 0.463886 -0.507317
v 0.343832 0.455612 -0.536839
v 0.341174 0.455571 -0.525265
v 0.334094 0.455754 -0.514656
v 0.330129 0.461680 -0.501643
v 0.327611 0.461688 -0.501643
v 0.328727 0.460932 -0.500497
v 0.328727 0.457056 -0.505800
v 0.325478 0.461008 -0.506745
v 0.330834 0.461094 -0.506659
v 0.325478 0.461008 -0.504532
v 0.330834 0.461237 -0.503894
v 0.325478 0.462573 -0.502966
v 0.330834 0.461935 -0.503195
v 0.325478 0.464787 -0.502966
v 0.330834 0.464701 -0.503052
v 0.325478 0.466353 -0.504532
v 0.330834 0.466266 -0.504618
v 0.325478 0.466353 -0.506745
v 0.330834 0.466124 -0.507383
v 0.325478 0.464787 -0.508311
v 0.330834 0.465425 -0.508082
v 0.325478 0.462573 -0.508311
v 0.330834 0.462659 -0.508225
v 0.332172 0.462284 -0.504941
v 0.332172 0.462212 -0.506323
v 0.332172 0.464365 -0.504171
v 0.332172 0.462982 -0.504242
v 0.332172 0.465148 -0.504954
v 0.332172 0.465077 -0.506336
v 0.332172 0.462995 -0.507106
v 0.332172 0.464378 -0.507035
v 0.331615 0.464533 -0.503612
v 0.331615 0.462459 -0.503718
v 0.331615 0.465600 -0.506860
v 0.331615 0.465707 -0.504786
v 0.331615 0.461653 -0.506491
v 0.331615 0.462827 -0.507666
v 0.331615 0.464901 -0.507558
v 0.331615 0.461760 -0.504417
v 0.325478 0.464787 -0.582734
v 0.330834 0.464787 -0.582612
v 0.325478 0.466353 -0.581169
v 0.330834 0.466642 -0.580556
v 0.325478 0.466353 -0.578955
v 0.330834 0.466642 -0.579568
v 0.325478 0.464787 -0.577389
v 0.330834 0.464787 -0.577512
v 0.325478 0.462573 -0.577389
v 0.330834 0.462573 -0.577512
v 0.325478 0.461008 -0.578955
v 0.330834 0.460718 -0.579568
v 0.325478 0.461008 -0.581169
v 0.330834 0.460718 -0.580556
v 0.325478 0.462573 -0.582734
v 0.330834 0.462573 -0.582612
v 0.332172 0.465161 -0.580556
v 0.332172 0.464234 -0.581584
v 0.332172 0.464234 -0.578540
v 0.332172 0.465161 -0.579568
v 0.332172 0.463127 -0.578540
v 0.332172 0.462199 -0.579568
v 0.332172 0.463127 -0.581584
v 0.332172 0.462199 -0.580556
v 0.331615 0.464510 -0.578026
v 0.331615 0.465901 -0.579568
v 0.331615 0.461459 -0.579568
v 0.331615 0.462850 -0.578026
v 0.331615 0.464510 -0.582098
v 0.331615 0.462850 -0.582098
v 0.331615 0.461459 -0.580556
v 0.331615 0.465901 -0.580556
v 0.325478 0.460791 -0.505638
v 0.330834 0.461024 -0.505354
v 0.328156 0.461051 -0.506702
v 0.328156 0.461135 -0.504370
v 0.325478 0.461637 -0.503595
v 0.330834 0.461586 -0.503544
v 0.328156 0.462412 -0.503093
v 0.325478 0.463680 -0.502749
v 0.330834 0.463395 -0.502983
v 0.328156 0.464744 -0.503009
v 0.325478 0.465723 -0.503595
v 0.330834 0.465702 -0.503617
v 0.328156 0.466309 -0.504575
v 0.325478 0.466569 -0.505638
v 0.330834 0.466336 -0.505923
v 0.328156 0.466226 -0.506907
v 0.325478 0.465723 -0.507682
v 0.330834 0.465774 -0.507733
v 0.328156 0.464948 -0.508184
v 0.325478 0.463680 -0.508528
v 0.330834 0.463965 -0.508294
v 0.328156 0.462616 -0.508268
v 0.325478 0.461637 -0.507682
v 0.330834 0.461659 -0.507660
v 0.330834 0.464029 -0.505289
v 0.330834 0.463331 -0.505988
v 0.332172 0.462178 -0.505671
v 0.332172 0.463712 -0.504136
v 0.332172 0.464865 -0.504453
v 0.332172 0.465183 -0.505606
v 0.332172 0.463648 -0.507141
v 0.332172 0.462495 -0.506824
v 0.332172 0.464029 -0.505289
v 0.332172 0.463331 -0.505988
v 0.331914 0.461933 -0.506407
v 0.331245 0.462743 -0.507945
v 0.331615 0.463806 -0.507718
v 0.331615 0.463331 -0.505988
v 0.331914 0.464640 -0.507297
v 0.331245 0.461498 -0.504155
v 0.331615 0.462077 -0.507242
v 0.331615 0.461601 -0.505512
v 0.331914 0.465427 -0.504870
v 0.331245 0.465862 -0.507122
v 0.331914 0.462720 -0.503980
v 0.331245 0.464617 -0.503332
v 0.331615 0.465759 -0.505765
v 0.331615 0.463554 -0.503559
v 0.331615 0.464029 -0.505289
v 0.331615 0.465284 -0.504035
v 0.331914 0.462022 -0.504679
v 0.331245 0.465163 -0.507820
v 0.331914 0.462911 -0.507386
v 0.331245 0.461373 -0.506575
v 0.331914 0.464449 -0.503891
v 0.331245 0.462197 -0.503457
v 0.331914 0.465338 -0.506598
v 0.331245 0.465987 -0.504702
v 0.325478 0.465723 -0.582105
v 0.330834 0.465759 -0.581738
v 0.328156 0.464787 -0.582673
v 0.328156 0.466377 -0.580965
v 0.325478 0.466569 -0.580062
v 0.330834 0.466642 -0.580062
v 0.328156 0.466377 -0.579159
v 0.325478 0.465723 -0.578019
v 0.330834 0.465759 -0.578385
v 0.328156 0.464787 -0.577451
v 0.325478 0.463680 -0.577173
v 0.330834 0.463680 -0.577203
v 0.328156 0.462573 -0.577451
v 0.325478 0.461637 -0.578019
v 0.330834 0.461601 -0.578385
v 0.328156 0.460983 -0.579159
v 0.325478 0.460791 -0.580062
v 0.330834 0.460718 -0.580062
v 0.328156 0.460983 -0.580965
v 0.325478 0.461637 -0.582105
v 0.330834 0.461601 -0.581738
v 0.328156 0.462573 -0.582673
v 0.325478 0.463680 -0.582951
v 0.330834 0.463680 -0.582921
v 0.330834 0.463680 -0.579568
v 0.330834 0.463680 -0.580556
v 0.332172 0.464720 -0.581147
v 0.332172 0.464720 -0.578977
v 0.332172 0.463680 -0.578385
v 0.332172 0.462640 -0.578977
v 0.332172 0.462640 -0.581147
v 0.332172 0.463680 -0.581738
v 0.332172 0.463680 -0.579568
v 0.332172 0.463680 -0.580556
v 0.331914 0.464372 -0.581841
v 0.331245 0.462711 -0.582355
v 0.331615 0.462121 -0.581443
v 0.331615 0.463680 -0.580556
v 0.331914 0.461829 -0.580556
v 0.331245 0.466272 -0.580556
v 0.331615 0.463680 -0.582330
v 0.331615 0.465239 -0.581443
v 0.331914 0.462988 -0.578283
v 0.331245 0.461089 -0.579568
v 0.331914 0.465531 -0.579568
v 0.331245 0.464649 -0.577769
v 0.331615 0.462121 -0.578681
v 0.331615 0.465239 -0.578681
v 0.331615 0.463680 -0.579568
v 0.331615 0.463680 -0.577794
v 0.331914 0.465531 -0.580556
v 0.331245 0.461089 -0.580556
v 0.331914 0.462988 -0.581841
v 0.331245 0.464649 -0.582355
v 0.331914 0.464372 -0.578283
v 0.331245 0.466272 -0.579568
v 0.331914 0.461829 -0.579568
v 0.331245 0.462711 -0.577769
v 0.328156 0.460909 -0.505512
v 0.328156 0.461628 -0.503587
v 0.328156 0.463553 -0.502867
v 0.328156 0.465712 -0.503606
v 0.328156 0.466451 -0.505765
v 0.328156 0.465732 -0.507690
v 0.330834 0.463680 -0.505638
v 0.328156 0.463807 -0.508410
v 0.328156 0.461648 -0.507671
v 0.325478 0.463680 -0.505638
v 0.331914 0.463727 -0.507429
v 0.331245 0.461313 -0.505433
v 0.332172 0.464460 -0.504859
v 0.332172 0.462901 -0.506418
v 0.331914 0.463331 -0.505988
v 0.331914 0.462286 -0.507033
v 0.331914 0.465471 -0.505686
v 0.331914 0.463633 -0.503848
v 0.331914 0.464029 -0.505289
v 0.331914 0.461889 -0.505592
v 0.331245 0.466047 -0.505844
v 0.331245 0.463475 -0.503271
v 0.331245 0.464029 -0.505289
v 0.331245 0.465493 -0.503826
v 0.331245 0.463886 -0.508006
v 0.331245 0.463331 -0.505988
v 0.331245 0.461868 -0.507451
v 0.331914 0.465075 -0.504244
v 0.328156 0.465729 -0.581932
v 0.328156 0.466581 -0.580062
v 0.328156 0.465729 -0.578192
v 0.328156 0.463680 -0.577188
v 0.328156 0.461631 -0.578192
v 0.328156 0.460779 -0.580062
v 0.330834 0.463680 -0.580062
v 0.328156 0.461631 -0.581932
v 0.328156 0.463680 -0.582936
v 0.325478 0.463680 -0.580062
v 0.331914 0.462381 -0.581295
v 0.331245 0.465499 -0.581591
v 0.332172 0.463680 -0.578960
v 0.332172 0.463680 -0.581164
v 0.331914 0.463680 -0.580556
v 0.331914 0.463680 -0.582034
v 0.331914 0.462381 -0.578829
v 0.331914 0.464980 -0.578829
v 0.331914 0.463680 -0.579568
v 0.331914 0.464980 -0.581295
v 0.331245 0.461861 -0.578533
v 0.331245 0.465499 -0.578533
v 0.331245 0.463680 -0.579568
v 0.331245 0.463680 -0.577499
v 0.331245 0.461861 -0.581591
v 0.331245 0.463680 -0.580556
v 0.331245 0.463680 -0.582625
v 0.331914 0.463680 -0.578090
v 0.330126 0.216487 -0.580780
v 0.330126 0.197926 -0.576091
v 0.330126 0.225509 -0.570762
v 0.330126 0.231237 -0.557953
v 0.329994 0.223948 -0.560251
v 0.330003 0.211029 -0.573146
v 0.330103 0.226935 -0.560324
v 0.330117 0.216943 -0.573606
v 0.344122 0.197619 -0.554944
v 0.339818 0.197581 -0.566149
v 0.342605 0.205787 -0.555668
v 0.339206 0.202143 -0.566824
v 0.337548 0.215182 -0.557126
v 0.335681 0.207706 -0.568814
v 0.327329 0.216487 -0.580780
v 0.327329 0.197926 -0.576091
v 0.327329 0.225509 -0.570762
v 0.327329 0.231237 -0.557953
v 0.327329 0.223189 -0.560004
v 0.327329 0.210445 -0.573065
v 0.327971 0.226660 -0.559946
v 0.327950 0.216759 -0.573593
v 0.341368 0.197488 -0.554570
v 0.337125 0.197561 -0.565575
v 0.340787 0.205151 -0.555233
v 0.337326 0.201725 -0.566136
v 0.335920 0.214103 -0.556663
v 0.333951 0.206907 -0.568156
v 0.330126 0.200524 -0.583128
v 0.330126 0.206418 -0.585625
v 0.330130 0.206518 -0.581589
v 0.327329 0.206425 -0.585625
v 0.327329 0.200552 -0.583128
v 0.327832 0.206502 -0.581588
v 0.330126 0.216487 -0.504921
v 0.330126 0.197926 -0.509609
v 0.330126 0.225509 -0.514939
v 0.330126 0.231237 -0.527748
v 0.330126 0.233375 -0.542850
v 0.330012 0.228788 -0.542850
v 0.329994 0.223948 -0.525450
v 0.330003 0.211029 -0.512555
v 0.330103 0.226935 -0.525377
v 0.330117 0.216943 -0.512095
v 0.345666 0.197674 -0.542850
v 0.344122 0.197619 -0.530756
v 0.339818 0.197581 -0.519552
v 0.343621 0.207731 -0.542850
v 0.342605 0.205787 -0.530033
v 0.339206 0.202143 -0.518877
v 0.337548 0.215182 -0.528574
v 0.337788 0.218746 -0.542850
v 0.335681 0.207706 -0.516887
v 0.327329 0.216487 -0.504921
v 0.327329 0.197926 -0.509609
v 0.327329 0.225509 -0.514939
v 0.327329 0.231237 -0.527748
v 0.327329 0.233375 -0.542850
v 0.327329 0.228038 -0.542850
v 0.327329 0.223189 -0.525697
v 0.327329 0.210445 -0.512635
v 0.327971 0.230398 -0.542850
v 0.327971 0.226660 -0.525755
v 0.327950 0.216759 -0.512108
v 0.342883 0.197488 -0.542850
v 0.341368 0.197488 -0.531131
v 0.337125 0.197561 -0.520126
v 0.341782 0.207013 -0.542850
v 0.340787 0.205151 -0.530468
v 0.337326 0.201725 -0.519565
v 0.335920 0.214103 -0.529037
v 0.336143 0.217597 -0.542850
v 0.333951 0.206907 -0.517545
v 0.330126 0.200524 -0.502573
v 0.330126 0.206418 -0.500076
v 0.330130 0.206518 -0.504111
v 0.327329 0.206425 -0.500076
v 0.327329 0.200552 -0.502573
v 0.327832 0.206502 -0.504112
v 0.330054 0.204333 -0.575501
v 0.330126 0.221356 -0.576225
v 0.330126 0.228803 -0.564675
v 0.330126 0.232810 -0.550582
v 0.330006 0.227600 -0.551753
v 0.329987 0.217992 -0.567783
v 0.330058 0.225226 -0.561000
v 0.330122 0.228999 -0.559178
v 0.330071 0.213633 -0.573779
v 0.330131 0.220734 -0.572714
v 0.330113 0.222761 -0.567379
v 0.344974 0.202582 -0.542850
v 0.345220 0.197660 -0.548955
v 0.342530 0.197569 -0.560708
v 0.343655 0.201565 -0.555274
v 0.335458 0.197716 -0.571224
v 0.339965 0.199720 -0.566231
v 0.341135 0.213240 -0.542850
v 0.340529 0.210440 -0.556217
v 0.337881 0.205051 -0.567496
v 0.341323 0.204001 -0.561651
v 0.335934 0.200445 -0.570941
v 0.343360 0.207171 -0.549332
v 0.333932 0.219658 -0.558540
v 0.334000 0.223889 -0.542850
v 0.333026 0.209863 -0.570722
v 0.336917 0.211645 -0.563588
v 0.333694 0.203709 -0.572394
v 0.337765 0.217752 -0.550106
v 0.327329 0.204005 -0.575480
v 0.327329 0.221356 -0.576225
v 0.327329 0.228803 -0.564675
v 0.327329 0.232810 -0.550582
v 0.327329 0.226842 -0.551585
v 0.327329 0.217274 -0.567594
v 0.327770 0.229160 -0.542850
v 0.327770 0.231829 -0.542850
v 0.327770 0.224821 -0.560156
v 0.327770 0.228845 -0.559131
v 0.327746 0.213276 -0.573737
v 0.327746 0.220660 -0.572712
v 0.327968 0.222406 -0.567305
v 0.327971 0.229413 -0.551651
v 0.342707 0.202141 -0.542850
v 0.342443 0.197488 -0.548769
v 0.339817 0.197497 -0.560163
v 0.341413 0.201194 -0.554872
v 0.332731 0.197716 -0.570864
v 0.337727 0.199513 -0.565585
v 0.339541 0.212236 -0.542850
v 0.338954 0.209520 -0.555747
v 0.336223 0.204390 -0.566763
v 0.339528 0.203458 -0.561020
v 0.333755 0.200181 -0.570438
v 0.341525 0.206475 -0.549115
v 0.331890 0.218665 -0.558162
v 0.331940 0.222858 -0.542850
v 0.330929 0.209095 -0.570294
v 0.335301 0.210666 -0.562956
v 0.331601 0.203204 -0.571934
v 0.336123 0.216619 -0.549865
v 0.328727 0.216487 -0.580780
v 0.328727 0.197926 -0.576091
v 0.328727 0.225509 -0.570762
v 0.328727 0.231237 -0.557953
v 0.328727 0.233375 -0.542850
v 0.344274 0.197581 -0.542850
v 0.342745 0.197554 -0.554757
v 0.338471 0.197571 -0.565862
v 0.330125 0.203555 -0.582219
v 0.330126 0.202883 -0.585204
v 0.330131 0.206824 -0.583150
v 0.327684 0.206826 -0.583150
v 0.327329 0.202904 -0.585204
v 0.327684 0.203537 -0.582218
v 0.328727 0.200538 -0.583128
v 0.328727 0.206421 -0.585625
v 0.330126 0.199008 -0.579901
v 0.327329 0.199028 -0.579901
v 0.330125 0.210499 -0.578630
v 0.330126 0.211216 -0.584056
v 0.327329 0.211217 -0.584056
v 0.327903 0.210442 -0.578627
v 0.330054 0.204333 -0.510200
v 0.330126 0.221356 -0.509476
v 0.330126 0.228803 -0.521026
v 0.330126 0.232810 -0.535119
v 0.330006 0.227600 -0.533948
v 0.329987 0.217992 -0.517918
v 0.330058 0.225226 -0.524701
v 0.330122 0.228999 -0.526523
v 0.330071 0.213633 -0.511922
v 0.330131 0.220734 -0.512987
v 0.330113 0.222761 -0.518322
v 0.345220 0.197660 -0.536746
v 0.342530 0.197569 -0.524993
v 0.343655 0.201565 -0.530426
v 0.335458 0.197716 -0.514477
v 0.339965 0.199720 -0.519470
v 0.340529 0.210440 -0.529484
v 0.337881 0.205051 -0.518205
v 0.341323 0.204001 -0.524050
v 0.335934 0.200445 -0.514760
v 0.343360 0.207171 -0.536369
v 0.333932 0.219658 -0.527160
v 0.333026 0.209863 -0.514978
v 0.336917 0.211645 -0.522113
v 0.333694 0.203709 -0.513306
v 0.337765 0.217752 -0.535595
v 0.327329 0.204005 -0.510221
v 0.327329 0.221356 -0.509476
v 0.327329 0.228803 -0.521026
v 0.327329 0.232810 -0.535119
v 0.327329 0.226842 -0.534116
v 0.327329 0.217274 -0.518107
v 0.327770 0.224821 -0.525544
v 0.327770 0.228845 -0.526570
v 0.327746 0.213276 -0.511964
v 0.327746 0.220660 -0.512989
v 0.327968 0.222406 -0.518396
v 0.327971 0.229413 -0.534050
v 0.342443 0.197488 -0.536932
v 0.339817 0.197497 -0.525538
v 0.341413 0.201194 -0.530828
v 0.332731 0.197716 -0.514836
v 0.337727 0.199513 -0.520116
v 0.338954 0.209520 -0.529953
v 0.336223 0.204390 -0.518937
v 0.339528 0.203458 -0.524681
v 0.333755 0.200181 -0.515263
v 0.341525 0.206475 -0.536586
v 0.331890 0.218665 -0.527539
v 0.330929 0.209095 -0.515407
v 0.335301 0.210666 -0.522745
v 0.331601 0.203204 -0.513766
v 0.336123 0.216619 -0.535836
v 0.328727 0.216487 -0.504921
v 0.328727 0.197926 -0.509609
v 0.328727 0.225509 -0.514939
v 0.328727 0.231237 -0.527748
v 0.342745 0.197554 -0.530944
v 0.338471 0.197571 -0.519839
v 0.330125 0.203555 -0.503481
v 0.330126 0.202883 -0.500497
v 0.330131 0.206824 -0.502551
v 0.327684 0.206826 -0.502551
v 0.327329 0.202904 -0.500497
v 0.327684 0.203537 -0.503483
v 0.328727 0.200538 -0.502573
v 0.328727 0.206421 -0.500076
v 0.330126 0.199008 -0.505800
v 0.327329 0.199028 -0.505800
v 0.330125 0.210499 -0.507070
v 0.330126 0.211216 -0.501645
v 0.327329 0.211217 -0.501645
v 0.327903 0.210442 -0.507074
v 0.330090 0.231429 -0.542850
v 0.330075 0.229084 -0.552642
v 0.330075 0.229084 -0.533058
v 0.328727 0.211217 -0.584056
v 0.330050 0.227712 -0.555040
v 0.330061 0.220232 -0.567868
v 0.330130 0.225637 -0.566246
v 0.330104 0.230890 -0.551316
v 0.330102 0.205984 -0.578392
v 0.337202 0.199108 -0.569784
v 0.344610 0.202290 -0.549125
v 0.342211 0.200633 -0.561114
v 0.339556 0.207834 -0.562370
v 0.335795 0.202792 -0.570717
v 0.341005 0.212436 -0.549624
v 0.333629 0.215009 -0.565477
v 0.332251 0.205789 -0.573323
v 0.334009 0.222776 -0.550852
v 0.327671 0.213941 -0.579287
v 0.327770 0.228050 -0.551725
v 0.327767 0.219709 -0.567681
v 0.327767 0.225455 -0.566237
v 0.327770 0.231034 -0.551223
v 0.334838 0.198967 -0.569259
v 0.342347 0.201868 -0.548926
v 0.340001 0.200339 -0.560526
v 0.338000 0.207017 -0.561697
v 0.333868 0.202314 -0.570120
v 0.339414 0.211454 -0.549387
v 0.331598 0.214090 -0.565024
v 0.329985 0.205232 -0.572996
v 0.331953 0.221751 -0.550638
v 0.328727 0.221356 -0.576225
v 0.328727 0.228803 -0.564675
v 0.328727 0.232810 -0.550582
v 0.330131 0.213950 -0.579287
v 0.327671 0.205848 -0.578383
v 0.343832 0.197574 -0.548862
v 0.341174 0.197533 -0.560435
v 0.334094 0.197716 -0.571044
v 0.330129 0.203642 -0.584058
v 0.327611 0.203650 -0.584058
v 0.328727 0.202894 -0.585204
v 0.328727 0.199018 -0.579901
v 0.328727 0.211217 -0.501645
v 0.330050 0.227712 -0.530661
v 0.330061 0.220232 -0.517833
v 0.330130 0.225637 -0.519454
v 0.330104 0.230890 -0.534385
v 0.330102 0.205984 -0.507309
v 0.337202 0.199108 -0.515917
v 0.344610 0.202290 -0.536575
v 0.342211 0.200633 -0.524587
v 0.339556 0.207834 -0.523331
v 0.335795 0.202792 -0.514984
v 0.341005 0.212436 -0.536077
v 0.333629 0.215009 -0.520223
v 0.332251 0.205789 -0.512378
v 0.334009 0.222776 -0.534849
v 0.327671 0.213941 -0.506414
v 0.327770 0.228050 -0.533976
v 0.327767 0.219709 -0.518020
v 0.327767 0.225455 -0.519464
v 0.327770 0.231034 -0.534478
v 0.334838 0.198967 -0.516442
v 0.342347 0.201868 -0.536775
v 0.340001 0.200339 -0.525174
v 0.338000 0.207017 -0.524004
v 0.333868 0.202314 -0.515581
v 0.339414 0.211454 -0.536314
v 0.331598 0.214090 -0.520677
v 0.329985 0.205232 -0.512705
v 0.331953 0.221751 -0.535063
v 0.328727 0.221356 -0.509476
v 0.328727 0.228803 -0.521026
v 0.328727 0.232810 -0.535119
v 0.330131 0.213950 -0.506413
v 0.327671 0.205848 -0.507317
v 0.343832 0.197574 -0.536839
v 0.341174 0.197533 -0.525265
v 0.334094 0.197716 -0.514656
v 0.330129 0.203642 -0.501643
v 0.327611 0.203650 -0.501643
v 0.328727 0.202894 -0.500497
v 0.328727 0.199018 -0.505800
v 0.325478 0.202970 -0.506746
v 0.330834 0.203056 -0.506659
v 0.325478 0.202970 -0.504532
v 0.330834 0.203199 -0.503894
v 0.325478 0.204535 -0.502966
v 0.330834 0.203897 -0.503195
v 0.325478 0.206749 -0.502966
v 0.330834 0.206663 -0.503052
v 0.325478 0.208315 -0.504532
v 0.330834 0.208229 -0.504618
v 0.325478 0.208315 -0.506746
v 0.330834 0.208086 -0.507383
v 0.325478 0.206749 -0.508311
v 0.330834 0.207387 -0.508082
v 0.325478 0.204535 -0.508311
v 0.330834 0.204622 -0.508225
v 0.332172 0.204246 -0.504941
v 0.332172 0.204175 -0.506324
v 0.332172 0.206327 -0.504171
v 0.332172 0.204945 -0.504242
v 0.332172 0.207110 -0.504954
v 0.332172 0.207039 -0.506336
v 0.332172 0.204957 -0.507106
v 0.332172 0.206340 -0.507035
v 0.331615 0.206495 -0.503612
v 0.331615 0.204421 -0.503719
v 0.331615 0.207562 -0.506860
v 0.331615 0.207669 -0.504786
v 0.331615 0.203615 -0.506491
v 0.331615 0.204790 -0.507666
v 0.331615 0.206864 -0.507559
v 0.331615 0.203722 -0.504417
v 0.325478 0.206749 -0.582735
v 0.330834 0.206749 -0.582613
v 0.325478 0.208315 -0.581169
v 0.330834 0.208604 -0.580556
v 0.325478 0.208315 -0.578955
v 0.330834 0.208604 -0.579568
v 0.325478 0.206749 -0.577389
v 0.330834 0.206749 -0.577512
v 0.325478 0.204535 -0.577389
v 0.330834 0.204535 -0.577512
v 0.325478 0.202970 -0.578955
v 0.330834 0.202681 -0.579568
v 0.325478 0.202970 -0.581169
v 0.330834 0.202681 -0.580556
v 0.325478 0.204535 -0.582735
v 0.330834 0.204535 -0.582613
v 0.332172 0.207123 -0.580556
v 0.332172 0.206196 -0.581584
v 0.332172 0.206196 -0.578540
v 0.332172 0.207123 -0.579568
v 0.332172 0.205089 -0.578540
v 0.332172 0.204161 -0.579568
v 0.332172 0.205089 -0.581584
v 0.332172 0.204161 -0.580556
v 0.331615 0.206473 -0.578026
v 0.331615 0.207864 -0.579568
v 0.331615 0.203421 -0.579568
v 0.331615 0.204812 -0.578026
v 0.331615 0.206473 -0.582098
v 0.331615 0.204812 -0.582098
v 0.331615 0.203421 -0.580556
v 0.331615 0.207864 -0.580556
v 0.325478 0.202753 -0.505639
v 0.330834 0.202987 -0.505354
v 0.328156 0.203013 -0.506702
v 0.328156 0.203097 -0.504371
v 0.325478 0.203599 -0.503595
v 0.330834 0.203548 -0.503544
v 0.328156 0.204374 -0.503093
v 0.325478 0.205642 -0.502749
v 0.330834 0.205358 -0.502983
v 0.328156 0.206706 -0.503009
v 0.325478 0.207685 -0.503595
v 0.330834 0.207664 -0.503617
v 0.328156 0.208272 -0.504575
v 0.325478 0.208532 -0.505639
v 0.330834 0.208298 -0.505924
v 0.328156 0.208188 -0.506907
v 0.325478 0.207685 -0.507682
v 0.330834 0.207737 -0.507733
v 0.328156 0.206910 -0.508184
v 0.325478 0.205642 -0.508528
v 0.330834 0.205927 -0.508294
v 0.328156 0.204579 -0.508268
v 0.325478 0.203599 -0.507682
v 0.330834 0.203621 -0.507660
v 0.330834 0.205992 -0.505289
v 0.330834 0.205293 -0.505988
v 0.332172 0.204140 -0.505671
v 0.332172 0.205675 -0.504136
v 0.332172 0.206828 -0.504453
v 0.332172 0.207145 -0.505606
v 0.332172 0.205610 -0.507141
v 0.332172 0.204457 -0.506824
v 0.332172 0.205992 -0.505289
v 0.332172 0.205293 -0.505988
v 0.331914 0.203895 -0.506407
v 0.331245 0.204706 -0.507945
v 0.331615 0.205769 -0.507718
v 0.331615 0.205293 -0.505988
v 0.331914 0.206602 -0.507297
v 0.331245 0.203461 -0.504156
v 0.331615 0.204039 -0.507242
v 0.331615 0.203563 -0.505512
v 0.331914 0.207390 -0.504870
v 0.331245 0.207824 -0.507122
v 0.331914 0.204683 -0.503980
v 0.331245 0.206579 -0.503332
v 0.331615 0.207721 -0.505765
v 0.331615 0.205516 -0.503559
v 0.331615 0.205992 -0.505289
v 0.331615 0.207246 -0.504035
v 0.331914 0.203984 -0.504679
v 0.331245 0.207125 -0.507820
v 0.331914 0.204873 -0.507386
v 0.331245 0.203336 -0.506575
v 0.331914 0.206411 -0.503891
v 0.331245 0.204159 -0.503457
v 0.331914 0.207301 -0.506598
v 0.331245 0.207949 -0.504702
v 0.325478 0.207685 -0.582105
v 0.330834 0.207722 -0.581738
v 0.328156 0.206749 -0.582674
v 0.328156 0.208339 -0.580965
v 0.325478 0.208532 -0.580062
v 0.330834 0.208604 -0.580062
v 0.328156 0.208339 -0.579159
v 0.325478 0.207685 -0.578019
v 0.330834 0.207722 -0.578386
v 0.328156 0.206749 -0.577451
v 0.325478 0.205642 -0.577173
v 0.330834 0.205642 -0.577203
v 0.328156 0.204535 -0.577451
v 0.325478 0.203599 -0.578019
v 0.330834 0.203563 -0.578386
v 0.328156 0.202946 -0.579159
v 0.325478 0.202753 -0.580062
v 0.330834 0.202681 -0.580062
v 0.328156 0.202946 -0.580965
v 0.325478 0.203599 -0.582105
v 0.330834 0.203563 -0.581738
v 0.328156 0.204535 -0.582674
v 0.325478 0.205642 -0.582951
v 0.330834 0.205642 -0.582921
v 0.330834 0.205642 -0.579568
v 0.330834 0.205642 -0.580556
v 0.332172 0.206682 -0.581147
v 0.332172 0.206682 -0.578977
v 0.332172 0.205642 -0.578386
v 0.332172 0.204603 -0.578977
v 0.332172 0.204603 -0.581147
v 0.332172 0.205642 -0.581738
v 0.332172 0.205642 -0.579568
v 0.332172 0.205642 -0.580556
v 0.331914 0.206334 -0.581841
v 0.331245 0.204674 -0.582355
v 0.331615 0.204083 -0.581443
v 0.331615 0.205642 -0.580556
v 0.331914 0.203791 -0.580556
v 0.331245 0.208234 -0.580556
v 0.331615 0.205642 -0.582330
v 0.331615 0.207202 -0.581443
v 0.331914 0.204950 -0.578283
v 0.331245 0.203051 -0.579568
v 0.331914 0.207493 -0.579568
v 0.331245 0.206611 -0.577769
v 0.331615 0.204083 -0.578681
v 0.331615 0.207202 -0.578681
v 0.331615 0.205642 -0.579568
v 0.331615 0.205642 -0.577794
v 0.331914 0.207493 -0.580556
v 0.331245 0.203051 -0.580556
v 0.331914 0.204950 -0.581841
v 0.331245 0.206611 -0.582355
v 0.331914 0.206334 -0.578283
v 0.331245 0.208234 -0.579568
v 0.331914 0.203791 -0.579568
v 0.331245 0.204674 -0.577769
v 0.328156 0.202871 -0.505512
v 0.328156 0.203591 -0.503587
v 0.328156 0.205516 -0.502867
v 0.328156 0.207675 -0.503606
v 0.328156 0.208414 -0.505765
v 0.328156 0.207694 -0.507690
v 0.330834 0.205642 -0.505639
v 0.328156 0.205769 -0.508410
v 0.328156 0.203610 -0.507671
v 0.325478 0.205642 -0.505639
v 0.331914 0.205689 -0.507429
v 0.331245 0.203275 -0.505433
v 0.332172 0.206422 -0.504859
v 0.332172 0.204863 -0.506418
v 0.331914 0.205293 -0.505988
v 0.331914 0.204248 -0.507033
v 0.331914 0.207433 -0.505686
v 0.331914 0.205595 -0.503848
v 0.331914 0.205992 -0.505289
v 0.331914 0.203852 -0.505592
v 0.331245 0.208010 -0.505844
v 0.331245 0.205437 -0.503271
v 0.331245 0.205992 -0.505289
v 0.331245 0.207455 -0.503826
v 0.331245 0.205848 -0.508006
v 0.331245 0.205293 -0.505988
v 0.331245 0.203830 -0.507451
v 0.331914 0.207037 -0.504244
v 0.328156 0.207691 -0.581932
v 0.328156 0.208544 -0.580062
v 0.328156 0.207691 -0.578192
v 0.328156 0.205642 -0.577188
v 0.328156 0.203593 -0.578192
v 0.328156 0.202741 -0.580062
v 0.330834 0.205642 -0.580062
v 0.328156 0.203593 -0.581932
v 0.328156 0.205642 -0.582936
v 0.325478 0.205642 -0.580062
v 0.331914 0.204343 -0.581295
v 0.331245 0.207462 -0.581591
v 0.332172 0.205642 -0.578960
v 0.332172 0.205642 -0.581164
v 0.331914 0.205642 -0.580556
v 0.331914 0.205642 -0.582034
v 0.331914 0.204343 -0.578829
v 0.331914 0.206942 -0.578829
v 0.331914 0.205642 -0.579568
v 0.331914 0.206942 -0.581295
v 0.331245 0.203823 -0.578533
v 0.331245 0.207462 -0.578533
v 0.331245 0.205642 -0.579568
v 0.331245 0.205642 -0.577499
v 0.331245 0.203823 -0.581591
v 0.331245 0.205642 -0.580556
v 0.331245 0.205642 -0.582625
v 0.331914 0.205642 -0.578090
v 0.328292 0.471212 0.686805
v 0.328292 0.472466 0.685760
v 0.328292 0.471380 0.686283
v 0.328292 0.471839 0.685900
v 0.328292 0.481025 0.686805
v 0.328292 0.478848 0.685760
v 0.328292 0.480734 0.686283
v 0.328292 0.479937 0.685900
v 0.328963 0.471212 0.686938
v 0.329363 0.472466 0.685973
v 0.329163 0.471380 0.686456
v 0.329309 0.471839 0.686103
v 0.328963 0.481025 0.686938
v 0.329363 0.478848 0.685973
v 0.329163 0.480734 0.686456
v 0.329309 0.479937 0.686103
v 0.329532 0.471212 0.687318
v 0.330271 0.472466 0.686580
v 0.329901 0.471380 0.686949
v 0.330172 0.471839 0.686679
v 0.329532 0.481025 0.687318
v 0.330271 0.478848 0.686580
v 0.329901 0.480734 0.686949
v 0.330172 0.479937 0.686679
v 0.329912 0.471212 0.687887
v 0.330877 0.472466 0.687487
v 0.330395 0.471380 0.687687
v 0.330748 0.471839 0.687541
v 0.329912 0.481025 0.687887
v 0.330877 0.478848 0.687487
v 0.330395 0.480734 0.687687
v 0.330748 0.479937 0.687541
v 0.330046 0.471212 0.688558
v 0.331090 0.472466 0.688558
v 0.330568 0.471380 0.688558
v 0.330950 0.471839 0.688558
v 0.330046 0.481025 0.688558
v 0.331090 0.478848 0.688558
v 0.330568 0.480734 0.688558
v 0.330950 0.479937 0.688558
v 0.329912 0.471212 0.689229
v 0.330877 0.472466 0.689629
v 0.330395 0.471380 0.689429
v 0.330748 0.471839 0.689575
v 0.329912 0.481025 0.689229
v 0.330877 0.478848 0.689629
v 0.330395 0.480734 0.689429
v 0.330748 0.479937 0.689575
v 0.329532 0.471212 0.689798
v 0.330271 0.472466 0.690536
v 0.329901 0.471380 0.690167
v 0.330172 0.471839 0.690437
v 0.329532 0.481025 0.689798
v 0.330271 0.478848 0.690536
v 0.329901 0.480734 0.690167
v 0.330172 0.479937 0.690437
v 0.328963 0.471212 0.690178
v 0.329363 0.472466 0.691143
v 0.329163 0.471380 0.690660
v 0.329309 0.471839 0.691013
v 0.328963 0.481025 0.690178
v 0.329363 0.478848 0.691143
v 0.329163 0.480734 0.690660
v 0.329309 0.479937 0.691013
v 0.328292 0.471212 0.690311
v 0.328292 0.472466 0.691356
v 0.328292 0.471380 0.690833
v 0.328292 0.471839 0.691216
v 0.328292 0.481025 0.690311
v 0.328292 0.478848 0.691356
v 0.328292 0.480734 0.690833
v 0.328292 0.479937 0.691216
v 0.327621 0.471212 0.690178
v 0.327222 0.472466 0.691143
v 0.327422 0.471380 0.690660
v 0.327275 0.471839 0.691013
v 0.327621 0.481025 0.690178
v 0.327222 0.478848 0.691143
v 0.327422 0.480734 0.690660
v 0.327275 0.479937 0.691013
v 0.327053 0.471212 0.689798
v 0.326314 0.472466 0.690536
v 0.326683 0.471380 0.690167
v 0.326413 0.471839 0.690437
v 0.327053 0.481025 0.689798
v 0.326314 0.478848 0.690536
v 0.326683 0.480734 0.690167
v 0.326413 0.479937 0.690437
v 0.326673 0.471212 0.689229
v 0.325708 0.472466 0.689629
v 0.326190 0.471380 0.689429
v 0.325837 0.471839 0.689575
v 0.326673 0.481025 0.689229
v 0.325708 0.478848 0.689629
v 0.326190 0.480734 0.689429
v 0.325837 0.479937 0.689575
v 0.326539 0.471212 0.688558
v 0.325495 0.472466 0.688558
v 0.326017 0.471380 0.688558
v 0.325635 0.471839 0.688558
v 0.326539 0.481025 0.688558
v 0.325495 0.478848 0.688558
v 0.326017 0.480734 0.688558
v 0.325635 0.479937 0.688558
v 0.326673 0.471212 0.687887
v 0.325708 0.472466 0.687487
v 0.326190 0.471380 0.687687
v 0.325837 0.471839 0.687541
v 0.326673 0.481025 0.687887
v 0.325708 0.478848 0.687487
v 0.326190 0.480734 0.687687
v 0.325837 0.479937 0.687541
v 0.327053 0.471212 0.687318
v 0.326314 0.472466 0.686580
v 0.326683 0.471380 0.686949
v 0.326413 0.471839 0.686679
v 0.327053 0.481025 0.687318
v 0.326314 0.478848 0.686580
v 0.326683 0.480734 0.686949
v 0.326413 0.479937 0.686679
v 0.327621 0.471212 0.686938
v 0.327222 0.472466 0.685973
v 0.327422 0.471380 0.686456
v 0.327275 0.471839 0.686103
v 0.327621 0.481025 0.686938
v 0.327222 0.478848 0.685973
v 0.327422 0.480734 0.686456
v 0.327275 0.479937 0.686103
v 0.330748 0.528308 0.687541
v 0.330395 0.528767 0.687687
v 0.330877 0.527680 0.687487
v 0.329912 0.528935 0.687887
v 0.330748 0.520210 0.687541
v 0.330395 0.519413 0.687687
v 0.330877 0.521299 0.687487
v 0.329912 0.519122 0.687887
v 0.330172 0.528308 0.686679
v 0.329901 0.528767 0.686949
v 0.330271 0.527680 0.686580
v 0.329532 0.528935 0.687318
v 0.330172 0.520210 0.686679
v 0.329901 0.519413 0.686949
v 0.330271 0.521299 0.686580
v 0.329532 0.519122 0.687318
v 0.329309 0.528308 0.686103
v 0.329163 0.528767 0.686456
v 0.329363 0.527680 0.685973
v 0.328963 0.528935 0.686938
v 0.329309 0.520210 0.686103
v 0.329163 0.519413 0.686456
v 0.329363 0.521299 0.685973
v 0.328963 0.519122 0.686938
v 0.328292 0.528308 0.685900
v 0.328292 0.528767 0.686283
v 0.328292 0.527680 0.685760
v 0.328292 0.528935 0.686805
v 0.328292 0.520210 0.685900
v 0.328292 0.519413 0.686283
v 0.328292 0.521299 0.685760
v 0.328292 0.519122 0.686805
v 0.330046 0.519122 0.688558
v 0.331090 0.521299 0.688558
v 0.330568 0.519413 0.688558
v 0.330950 0.520210 0.688558
v 0.330046 0.528935 0.688558
v 0.331090 0.527680 0.688558
v 0.330568 0.528767 0.688558
v 0.330950 0.528308 0.688558
v 0.329912 0.519122 0.689229
v 0.330877 0.521299 0.689629
v 0.330395 0.519413 0.689429
v 0.330748 0.520210 0.689575
v 0.329912 0.528935 0.689229
v 0.330877 0.527680 0.689629
v 0.330395 0.528767 0.689429
v 0.330748 0.528308 0.689575
v 0.329532 0.519122 0.689798
v 0.330271 0.521299 0.690536
v 0.329901 0.519413 0.690167
v 0.330172 0.520210 0.690437
v 0.329532 0.528935 0.689798
v 0.330271 0.527680 0.690536
v 0.329901 0.528767 0.690167
v 0.330172 0.528308 0.690437
v 0.328963 0.519122 0.690178
v 0.329363 0.521299 0.691143
v 0.329163 0.519413 0.690660
v 0.329309 0.520210 0.691013
v 0.328963 0.528935 0.690178
v 0.329363 0.527680 0.691143
v 0.329163 0.528767 0.690660
v 0.329309 0.528308 0.691013
v 0.328292 0.519122 0.690311
v 0.328292 0.521299 0.691356
v 0.328292 0.519413 0.690833
v 0.328292 0.520210 0.691216
v 0.328292 0.528935 0.690311
v 0.328292 0.527680 0.691356
v 0.328292 0.528767 0.690833
v 0.328292 0.528308 0.691216
v 0.327621 0.519122 0.690178
v 0.327222 0.521299 0.691143
v 0.327422 0.519413 0.690660
v 0.327275 0.520210 0.691013
v 0.327621 0.528935 0.690178
v 0.327222 0.527680 0.691143
v 0.327422 0.528767 0.690660
v 0.327275 0.528308 0.691013
v 0.327053 0.519122 0.689798
v 0.326314 0.521299 0.690536
v 0.326683 0.519413 0.690167
v 0.326413 0.520210 0.690437
v 0.327053 0.528935 0.689798
v 0.326314 0.527680 0.690536
v 0.326683 0.528767 0.690167
v 0.326413 0.528308 0.690437
v 0.326673 0.519122 0.689229
v 0.325708 0.521299 0.689629
v 0.326190 0.519413 0.689429
v 0.325837 0.520210 0.689575
v 0.326673 0.528935 0.689229
v 0.325708 0.527680 0.689629
v 0.326190 0.528767 0.689429
v 0.325837 0.528308 0.689575
v 0.326539 0.519122 0.688558
v 0.325495 0.521299 0.688558
v 0.326017 0.519413 0.688558
v 0.325635 0.520210 0.688558
v 0.326539 0.528935 0.688558
v 0.325495 0.527680 0.688558
v 0.326017 0.528767 0.688558
v 0.325635 0.528308 0.688558
v 0.326673 0.519122 0.687887
v 0.325708 0.521299 0.687487
v 0.326190 0.519413 0.687687
v 0.325837 0.520210 0.687541
v 0.326673 0.528935 0.687887
v 0.325708 0.527680 0.687487
v 0.326190 0.528767 0.687687
v 0.325837 0.528308 0.687541
v 0.327053 0.519122 0.687318
v 0.326314 0.521299 0.686580
v 0.326683 0.519413 0.686949
v 0.326413 0.520210 0.686679
v 0.327053 0.528935 0.687318
v 0.326314 0.527680 0.686580
v 0.326683 0.528767 0.686949
v 0.326413 0.528308 0.686679
v 0.327621 0.519122 0.686938
v 0.327222 0.521299 0.685973
v 0.327422 0.519413 0.686456
v 0.327275 0.520210 0.686103
v 0.327621 0.528935 0.686938
v 0.327222 0.527680 0.685973
v 0.327422 0.528767 0.686456
v 0.327275 0.528308 0.686103
v 0.330748 0.518033 0.687541
v 0.330395 0.518830 0.687687
v 0.330877 0.516945 0.687487
v 0.329912 0.519121 0.687887
v 0.330748 0.482114 0.687541
v 0.330395 0.481317 0.687687
v 0.330877 0.483202 0.687487
v 0.329912 0.481025 0.687887
v 0.330172 0.518033 0.686679
v 0.329901 0.518830 0.686949
v 0.330271 0.516945 0.686580
v 0.329532 0.519121 0.687318
v 0.330172 0.482114 0.686679
v 0.329901 0.481317 0.686949
v 0.330271 0.483202 0.686580
v 0.329532 0.481025 0.687318
v 0.329309 0.518033 0.686103
v 0.329163 0.518830 0.686456
v 0.329363 0.516945 0.685973
v 0.328963 0.519121 0.686938
v 0.329309 0.482114 0.686103
v 0.329163 0.481317 0.686456
v 0.329363 0.483202 0.685973
v 0.328963 0.481025 0.686938
v 0.328292 0.518033 0.685900
v 0.328292 0.518830 0.686283
v 0.328292 0.516945 0.685760
v 0.328292 0.519121 0.686805
v 0.328292 0.482114 0.685900
v 0.328292 0.481317 0.686283
v 0.328292 0.483202 0.685760
v 0.328292 0.481025 0.686805
v 0.330046 0.481025 0.688558
v 0.331090 0.483202 0.688558
v 0.330568 0.481317 0.688558
v 0.330950 0.482114 0.688558
v 0.330046 0.519121 0.688558
v 0.331090 0.516945 0.688558
v 0.330568 0.518830 0.688558
v 0.330950 0.518033 0.688558
v 0.329912 0.481025 0.689229
v 0.330877 0.483202 0.689629
v 0.330395 0.481317 0.689429
v 0.330748 0.482114 0.689575
v 0.329912 0.519121 0.689229
v 0.330877 0.516945 0.689629
v 0.330395 0.518830 0.689429
v 0.330748 0.518033 0.689575
v 0.329532 0.481025 0.689798
v 0.330271 0.483202 0.690536
v 0.329901 0.481317 0.690167
v 0.330172 0.482114 0.690437
v 0.329532 0.519121 0.689798
v 0.330271 0.516945 0.690536
v 0.329901 0.518830 0.690167
v 0.330172 0.518033 0.690437
v 0.328963 0.481025 0.690178
v 0.329363 0.483202 0.691143
v 0.329163 0.481317 0.690660
v 0.329309 0.482114 0.691013
v 0.328963 0.519121 0.690178
v 0.329363 0.516945 0.691143
v 0.329163 0.518830 0.690660
v 0.329309 0.518033 0.691013
v 0.328292 0.481025 0.690311
v 0.328292 0.483202 0.691356
v 0.328292 0.481317 0.690833
v 0.328292 0.482114 0.691216
v 0.328292 0.519121 0.690311
v 0.328292 0.516945 0.691356
v 0.328292 0.518830 0.690833
v 0.328292 0.518033 0.691216
v 0.327621 0.481025 0.690178
v 0.327222 0.483202 0.691143
v 0.327422 0.481317 0.690660
v 0.327275 0.482114 0.691013
v 0.327621 0.519121 0.690178
v 0.327222 0.516945 0.691143
v 0.327422 0.518830 0.690660
v 0.327275 0.518033 0.691013
v 0.327053 0.481025 0.689798
v 0.326314 0.483202 0.690536
v 0.326683 0.481317 0.690167
v 0.326413 0.482114 0.690437
v 0.327053 0.519121 0.689798
v 0.326314 0.516945 0.690536
v 0.326683 0.518830 0.690167
v 0.326413 0.518033 0.690437
v 0.326673 0.481025 0.689229
v 0.325708 0.483202 0.689629
v 0.326190 0.481317 0.689429
v 0.325837 0.482114 0.689575
v 0.326673 0.519121 0.689229
v 0.325708 0.516945 0.689629
v 0.326190 0.518830 0.689429
v 0.325837 0.518033 0.689575
v 0.326539 0.481025 0.688558
v 0.325495 0.483202 0.688558
v 0.326017 0.481317 0.688558
v 0.325635 0.482114 0.688558
v 0.326539 0.519121 0.688558
v 0.325495 0.516945 0.688558
v 0.326017 0.518830 0.688558
v 0.325635 0.518033 0.688558
v 0.326673 0.481025 0.687887
v 0.325708 0.483202 0.687487
v 0.326190 0.481317 0.687687
v 0.325837 0.482114 0.687541
v 0.326673 0.519121 0.687887
v 0.325708 0.516945 0.687487
v 0.326190 0.518830 0.687687
v 0.325837 0.518033 0.687541
v 0.327053 0.481025 0.687318
v 0.326314 0.483202 0.686580
v 0.326683 0.481317 0.686949
v 0.326413 0.482114 0.686679
v 0.327053 0.519121 0.687318
v 0.326314 0.516945 0.686580
v 0.326683 0.518830 0.686949
v 0.326413 0.518033 0.686679
v 0.327621 0.481025 0.686938
v 0.327222 0.483202 0.685973
v 0.327422 0.481317 0.686456
v 0.327275 0.482114 0.686103
v 0.327621 0.519121 0.686938
v 0.327222 0.516945 0.685973
v 0.327422 0.518830 0.686456
v 0.327275 0.518033 0.686103
v 0.328292 0.219905 0.686805
v 0.328292 0.218651 0.685760
v 0.328292 0.219737 0.686283
v 0.328292 0.219278 0.685900
v 0.328292 0.210092 0.686805
v 0.328292 0.212269 0.685760
v 0.328292 0.210384 0.686283
v 0.328292 0.211180 0.685900
v 0.328963 0.219905 0.686938
v 0.329363 0.218651 0.685973
v 0.329163 0.219737 0.686456
v 0.329309 0.219278 0.686103
v 0.328963 0.210092 0.686938
v 0.329363 0.212269 0.685973
v 0.329163 0.210384 0.686456
v 0.329309 0.211180 0.686103
v 0.329532 0.219905 0.687318
v 0.330271 0.218651 0.686580
v 0.329901 0.219737 0.686949
v 0.330172 0.219278 0.686679
v 0.329532 0.210092 0.687318
v 0.330271 0.212269 0.686580
v 0.329901 0.210384 0.686949
v 0.330172 0.211180 0.686679
v 0.329912 0.219905 0.687887
v 0.330877 0.218651 0.687487
v 0.330395 0.219737 0.687687
v 0.330748 0.219278 0.687541
v 0.329912 0.210092 0.687887
v 0.330877 0.212269 0.687487
v 0.330395 0.210384 0.687687
v 0.330748 0.211180 0.687541
v 0.330046 0.219905 0.688558
v 0.331090 0.218651 0.688558
v 0.330568 0.219737 0.688558
v 0.330950 0.219278 0.688558
v 0.330046 0.210092 0.688558
v 0.331090 0.212269 0.688558
v 0.330568 0.210384 0.688558
v 0.330950 0.211180 0.688558
v 0.329912 0.219905 0.689229
v 0.330877 0.218651 0.689629
v 0.330395 0.219737 0.689429
v 0.330748 0.219278 0.689575
v 0.329912 0.210092 0.689229
v 0.330877 0.212269 0.689629
v 0.330395 0.210384 0.689429
v 0.330748 0.211180 0.689575
v 0.329532 0.219905 0.689798
v 0.330271 0.218651 0.690536
v 0.329901 0.219737 0.690167
v 0.330172 0.219278 0.690437
v 0.329532 0.210092 0.689798
v 0.330271 0.212269 0.690536
v 0.329901 0.210384 0.690167
v 0.330172 0.211180 0.690437
v 0.328963 0.219905 0.690178
v 0.329363 0.218651 0.691143
v 0.329163 0.219737 0.690660
v 0.329309 0.219278 0.691013
v 0.328963 0.210092 0.690178
v 0.329363 0.212269 0.691143
v 0.329163 0.210384 0.690660
v 0.329309 0.211180 0.691013
v 0.328292 0.219905 0.690311
v 0.328292 0.218651 0.691356
v 0.328292 0.219737 0.690833
v 0.328292 0.219278 0.691216
v 0.328292 0.210092 0.690311
v 0.328292 0.212269 0.691356
v 0.328292 0.210384 0.690833
v 0.328292 0.211180 0.691216
v 0.327621 0.219905 0.690178
v 0.327222 0.218651 0.691143
v 0.327422 0.219737 0.690660
v 0.327275 0.219278 0.691013
v 0.327621 0.210092 0.690178
v 0.327222 0.212269 0.691143
v 0.327422 0.210384 0.690660
v 0.327275 0.211180 0.691013
v 0.327053 0.219905 0.689798
v 0.326314 0.218651 0.690536
v 0.326683 0.219737 0.690167
v 0.326413 0.219278 0.690437
v 0.327053 0.210092 0.689798
v 0.326314 0.212269 0.690536
v 0.326683 0.210384 0.690167
v 0.326413 0.211180 0.690437
v 0.326673 0.219905 0.689229
v 0.325708 0.218651 0.689629
v 0.326190 0.219737 0.689429
v 0.325837 0.219278 0.689575
v 0.326673 0.210092 0.689229
v 0.325708 0.212269 0.689629
v 0.326190 0.210384 0.689429
v 0.325837 0.211180 0.689575
v 0.326539 0.219905 0.688558
v 0.325495 0.218651 0.688558
v 0.326017 0.219737 0.688558
v 0.325635 0.219278 0.688558
v 0.326539 0.210092 0.688558
v 0.325495 0.212269 0.688558
v 0.326017 0.210384 0.688558
v 0.325635 0.211180 0.688558
v 0.326673 0.219905 0.687887
v 0.325708 0.218651 0.687487
v 0.326190 0.219737 0.687687
v 0.325837 0.219278 0.687541
v 0.326673 0.210092 0.687887
v 0.325708 0.212269 0.687487
v 0.326190 0.210384 0.687687
v 0.325837 0.211180 0.687541
v 0.327053 0.219905 0.687318
v 0.326314 0.218651 0.686580
v 0.326683 0.219737 0.686949
v 0.326413 0.219278 0.686679
v 0.327053 0.210092 0.687318
v 0.326314 0.212269 0.686580
v 0.326683 0.210384 0.686949
v 0.326413 0.211180 0.686679
v 0.327621 0.219905 0.686938
v 0.327222 0.218651 0.685973
v 0.327422 0.219737 0.686456
v 0.327275 0.219278 0.686103
v 0.327621 0.210092 0.686938
v 0.327222 0.212269 0.685973
v 0.327422 0.210384 0.686456
v 0.327275 0.211180 0.686103
v 0.330748 0.162809 0.687541
v 0.330395 0.162350 0.687687
v 0.330877 0.163437 0.687487
v 0.329912 0.162182 0.687887
v 0.330748 0.170907 0.687541
v 0.330395 0.171704 0.687687
v 0.330877 0.169819 0.687487
v 0.329912 0.171995 0.687887
v 0.330172 0.162809 0.686679
v 0.329901 0.162350 0.686949
v 0.330271 0.163437 0.686580
v 0.329532 0.162182 0.687318
v 0.330172 0.170907 0.686679
v 0.329901 0.171704 0.686949
v 0.330271 0.169819 0.686580
v 0.329532 0.171995 0.687318
v 0.329309 0.162809 0.686103
v 0.329163 0.162350 0.686456
v 0.329363 0.163437 0.685973
v 0.328963 0.162182 0.686938
v 0.329309 0.170907 0.686103
v 0.329163 0.171704 0.686456
v 0.329363 0.169819 0.685973
v 0.328963 0.171995 0.686938
v 0.328292 0.162809 0.685900
v 0.328292 0.162350 0.686283
v 0.328292 0.163437 0.685760
v 0.328292 0.162182 0.686805
v 0.328292 0.170907 0.685900
v 0.328292 0.171704 0.686283
v 0.328292 0.169819 0.685760
v 0.328292 0.171995 0.686805
v 0.330046 0.171995 0.688558
v 0.331090 0.169819 0.688558
v 0.330568 0.171704 0.688558
v 0.330950 0.170907 0.688558
v 0.330046 0.162182 0.688558
v 0.331090 0.163437 0.688558
v 0.330568 0.162350 0.688558
v 0.330950 0.162809 0.688558
v 0.329912 0.171995 0.689229
v 0.330877 0.169819 0.689629
v 0.330395 0.171704 0.689429
v 0.330748 0.170907 0.689575
v 0.329912 0.162182 0.689229
v 0.330877 0.163437 0.689629
v 0.330395 0.162350 0.689429
v 0.330748 0.162809 0.689575
v 0.329532 0.171995 0.689798
v 0.330271 0.169819 0.690536
v 0.329901 0.171704 0.690167
v 0.330172 0.170907 0.690437
v 0.329532 0.162182 0.689798
v 0.330271 0.163437 0.690536
v 0.329901 0.162350 0.690167
v 0.330172 0.162809 0.690437
v 0.328963 0.171995 0.690178
v 0.329363 0.169819 0.691143
v 0.329163 0.171704 0.690660
v 0.329309 0.170907 0.691013
v 0.328963 0.162182 0.690178
v 0.329363 0.163437 0.691143
v 0.329163 0.162350 0.690660
v 0.329309 0.162809 0.691013
v 0.328292 0.171995 0.690311
v 0.328292 0.169819 0.691356
v 0.328292 0.171704 0.690833
v 0.328292 0.170907 0.691216
v 0.328292 0.162182 0.690311
v 0.328292 0.163437 0.691356
v 0.328292 0.162350 0.690833
v 0.328292 0.162809 0.691216
v 0.327621 0.171995 0.690178
v 0.327222 0.169819 0.691143
v 0.327422 0.171704 0.690660
v 0.327275 0.170907 0.691013
v 0.327621 0.162182 0.690178
v 0.327222 0.163437 0.691143
v 0.327422 0.162350 0.690660
v 0.327275 0.162809 0.691013
v 0.327053 0.171995 0.689798
v 0.326314 0.169819 0.690536
v 0.326683 0.171704 0.690167
v 0.326413 0.170907 0.690437
v 0.327053 0.162182 0.689798
v 0.326314 0.163437 0.690536
v 0.326683 0.162350 0.690167
v 0.326413 0.162809 0.690437
v 0.326673 0.171995 0.689229
v 0.325708 0.169819 0.689629
v 0.326190 0.171704 0.689429
v 0.325837 0.170907 0.689575
v 0.326673 0.162182 0.689229
v 0.325708 0.163437 0.689629
v 0.326190 0.162350 0.689429
v 0.325837 0.162809 0.689575
v 0.326539 0.171995 0.688558
v 0.325495 0.169819 0.688558
v 0.326017 0.171704 0.688558
v 0.325635 0.170907 0.688558
v 0.326539 0.162182 0.688558
v 0.325495 0.163437 0.688558
v 0.326017 0.162350 0.688558
v 0.325635 0.162809 0.688558
v 0.326673 0.171995 0.687887
v 0.325708 0.169819 0.687487
v 0.326190 0.171704 0.687687
v 0.325837 0.170907 0.687541
v 0.326673 0.162182 0.687887
v 0.325708 0.163437 0.687487
v 0.326190 0.162350 0.687687
v 0.325837 0.162809 0.687541
v 0.327053 0.171995 0.687318
v 0.326314 0.169819 0.686580
v 0.326683 0.171704 0.686949
v 0.326413 0.170907 0.686679
v 0.327053 0.162182 0.687318
v 0.326314 0.163437 0.686580
v 0.326683 0.162350 0.686949
v 0.326413 0.162809 0.686679
v 0.327621 0.171995 0.686938
v 0.327222 0.169819 0.685973
v 0.327422 0.171704 0.686456
v 0.327275 0.170907 0.686103
v 0.327621 0.162182 0.686938
v 0.327222 0.163437 0.685973
v 0.327422 0.162350 0.686456
v 0.327275 0.162809 0.686103
v 0.330748 0.173084 0.687541
v 0.330395 0.172287 0.687687
v 0.330877 0.174173 0.687487
v 0.329912 0.171996 0.687887
v 0.330748 0.209003 0.687541
v 0.330395 0.209800 0.687687
v 0.330877 0.207915 0.687487
v 0.329912 0.210092 0.687887
v 0.330172 0.173084 0.686679
v 0.329901 0.172287 0.686949
v 0.330271 0.174173 0.686580
v 0.329532 0.171996 0.687318
v 0.330172 0.209003 0.686679
v 0.329901 0.209800 0.686949
v 0.330271 0.207915 0.686580
v 0.329532 0.210092 0.687318
v 0.329309 0.173084 0.686103
v 0.329163 0.172287 0.686456
v 0.329363 0.174173 0.685973
v 0.328963 0.171996 0.686938
v 0.329309 0.209003 0.686103
v 0.329163 0.209800 0.686456
v 0.329363 0.207915 0.685973
v 0.328963 0.210092 0.686938
v 0.328292 0.173084 0.685900
v 0.328292 0.172287 0.686283
v 0.328292 0.174173 0.685760
v 0.328292 0.171996 0.686805
v 0.328292 0.209003 0.685900
v 0.328292 0.209800 0.686283
v 0.328292 0.207915 0.685760
v 0.328292 0.210092 0.686805
v 0.330046 0.210092 0.688558
v 0.331090 0.207915 0.688558
v 0.330568 0.209800 0.688558
v 0.330950 0.209003 0.688558
v 0.330046 0.171996 0.688558
v 0.331090 0.174173 0.688558
v 0.330568 0.172287 0.688558
v 0.330950 0.173084 0.688558
v 0.329912 0.210092 0.689229
v 0.330877 0.207915 0.689629
v 0.330395 0.209800 0.689429
v 0.330748 0.209003 0.689575
v 0.329912 0.171996 0.689229
v 0.330877 0.174173 0.689629
v 0.330395 0.172287 0.689429
v 0.330748 0.173084 0.689575
v 0.329532 0.210092 0.689798
v 0.330271 0.207915 0.690536
v 0.329901 0.209800 0.690167
v 0.330172 0.209003 0.690437
v 0.329532 0.171996 0.689798
v 0.330271 0.174173 0.690536
v 0.329901 0.172287 0.690167
v 0.330172 0.173084 0.690437
v 0.328963 0.210092 0.690178
v 0.329363 0.207915 0.691143
v 0.329163 0.209800 0.690660
v 0.329309 0.209003 0.691013
v 0.328963 0.171996 0.690178
v 0.329363 0.174173 0.691143
v 0.329163 0.172287 0.690660
v 0.329309 0.173084 0.691013
v 0.328292 0.210092 0.690311
v 0.328292 0.207915 0.691356
v 0.328292 0.209800 0.690833
v 0.328292 0.209003 0.691216
v 0.328292 0.171996 0.690311
v 0.328292 0.174173 0.691356
v 0.328292 0.172287 0.690833
v 0.328292 0.173084 0.691216
v 0.327621 0.210092 0.690178
v 0.327222 0.207915 0.691143
v 0.327422 0.209800 0.690660
v 0.327275 0.209003 0.691013
v 0.327621 0.171996 0.690178
v 0.327222 0.174173 0.691143
v 0.327422 0.172287 0.690660
v 0.327275 0.173084 0.691013
v 0.327053 0.210092 0.689798
v 0.326314 0.207915 0.690536
v 0.326683 0.209800 0.690167
v 0.326413 0.209003 0.690437
v 0.327053 0.171996 0.689798
v 0.326314 0.174173 0.690536
v 0.326683 0.172287 0.690167
v 0.326413 0.173084 0.690437
v 0.326673 0.210092 0.689229
v 0.325708 0.207915 0.689629
v 0.326190 0.209800 0.689429
v 0.325837 0.209003 0.689575
v 0.326673 0.171996 0.689229
v 0.325708 0.174173 0.689629
v 0.326190 0.172287 0.689429
v 0.325837 0.173084 0.689575
v 0.326539 0.210092 0.688558
v 0.325495 0.207915 0.688558
v 0.326017 0.209800 0.688558
v 0.325635 0.209003 0.688558
v 0.326539 0.171996 0.688558
v 0.325495 0.174173 0.688558
v 0.326017 0.172287 0.688558
v 0.325635 0.173084 0.688558
v 0.326673 0.210092 0.687887
v 0.325708 0.207915 0.687487
v 0.326190 0.209800 0.687687
v 0.325837 0.209003 0.687541
v 0.326673 0.171996 0.687887
v 0.325708 0.174173 0.687487
v 0.326190 0.172287 0.687687
v 0.325837 0.173084 0.687541
v 0.327053 0.210092 0.687318
v 0.326314 0.207915 0.686580
v 0.326683 0.209800 0.686949
v 0.326413 0.209003 0.686679
v 0.327053 0.171996 0.687318
v 0.326314 0.174173 0.686580
v 0.326683 0.172287 0.686949
v 0.326413 0.173084 0.686679
v 0.327621 0.210092 0.686938
v 0.327222 0.207915 0.685973
v 0.327422 0.209800 0.686456
v 0.327275 0.209003 0.686103
v 0.327621 0.171996 0.686938
v 0.327222 0.174173 0.685973
v 0.327422 0.172287 0.686456
v 0.327275 0.173084 0.686103
v 0.319575 0.345559 0.406059
v 0.338266 0.345559 0.406059
v 0.319575 0.339701 0.408485
v 0.338266 0.339701 0.408485
v 0.319575 0.337274 0.414343
v 0.338266 0.337274 0.414343
v 0.319575 0.339701 0.420201
v 0.338266 0.339701 0.420201
v 0.319575 0.345559 0.422627
v 0.338266 0.345559 0.422627
v 0.319575 0.351416 0.420201
v 0.338266 0.351416 0.420201
v 0.319575 0.353843 0.414343
v 0.338266 0.353843 0.414343
v 0.319575 0.351416 0.408485
v 0.338266 0.351416 0.408485
v 0.340715 0.336854 0.405639
v 0.340715 0.345559 0.402033
v 0.340715 0.333249 0.414343
v 0.340715 0.336854 0.423048
v 0.340715 0.345559 0.426653
v 0.340715 0.354263 0.423048
v 0.340715 0.357868 0.414343
v 0.340715 0.354263 0.405639
v 0.352450 0.340827 0.409611
v 0.352450 0.345559 0.407651
v 0.352450 0.338867 0.414343
v 0.352450 0.340827 0.419075
v 0.352450 0.345559 0.421035
v 0.352450 0.350291 0.419075
v 0.352450 0.352251 0.414343
v 0.352450 0.350291 0.409611
v 0.347643 0.333744 0.414343
v 0.347643 0.337205 0.422697
v 0.347643 0.345559 0.402529
v 0.347643 0.337205 0.405989
v 0.347643 0.353913 0.405989
v 0.347643 0.353913 0.422697
v 0.347643 0.357373 0.414343
v 0.347643 0.345559 0.426158
v 0.319575 0.342392 0.406698
v 0.338266 0.342392 0.406698
v 0.328921 0.345559 0.406059
v 0.328921 0.339701 0.408485
v 0.319575 0.337914 0.411177
v 0.338266 0.337914 0.411177
v 0.328921 0.337274 0.414343
v 0.319575 0.337914 0.417510
v 0.338266 0.337914 0.417510
v 0.328921 0.339701 0.420201
v 0.319575 0.342392 0.421988
v 0.338266 0.342392 0.421988
v 0.328921 0.345559 0.422627
v 0.319575 0.348725 0.421988
v 0.338266 0.348725 0.421988
v 0.328921 0.351416 0.420201
v 0.319575 0.353203 0.417510
v 0.338266 0.353203 0.417510
v 0.328921 0.353843 0.414343
v 0.319575 0.353203 0.411177
v 0.338266 0.353203 0.411177
v 0.328921 0.351416 0.408485
v 0.319575 0.348725 0.406698
v 0.338266 0.348725 0.406698
v 0.340715 0.340853 0.402983
v 0.340715 0.334199 0.409638
v 0.340715 0.334199 0.419049
v 0.340715 0.340853 0.425703
v 0.340715 0.350264 0.425703
v 0.340715 0.356918 0.419049
v 0.340715 0.356918 0.409638
v 0.340715 0.350264 0.402983
v 0.339026 0.338049 0.421852
v 0.339026 0.345559 0.424963
v 0.339026 0.356178 0.414343
v 0.339026 0.353068 0.406834
v 0.339026 0.338049 0.406834
v 0.339026 0.334939 0.414343
v 0.339026 0.353068 0.421852
v 0.339026 0.345559 0.403724
v 0.352766 0.343376 0.409075
v 0.352766 0.340290 0.412161
v 0.352766 0.340290 0.416525
v 0.352766 0.343376 0.419612
v 0.352766 0.347741 0.419612
v 0.352766 0.350827 0.416525
v 0.352766 0.350827 0.412161
v 0.352766 0.347741 0.409075
v 0.350765 0.336146 0.414343
v 0.343894 0.336515 0.423387
v 0.350765 0.345559 0.404930
v 0.343894 0.336515 0.405299
v 0.350765 0.352215 0.407687
v 0.350765 0.352215 0.420999
v 0.343894 0.358349 0.414343
v 0.343894 0.345559 0.427133
v 0.343894 0.332769 0.414343
v 0.350765 0.338903 0.420999
v 0.343894 0.345559 0.401553
v 0.350765 0.338903 0.407687
v 0.343894 0.354602 0.405299
v 0.343894 0.354602 0.423387
v 0.350765 0.354972 0.414343
v 0.350765 0.345559 0.423756
v 0.347643 0.350075 0.425246
v 0.347643 0.356461 0.409827
v 0.347643 0.334656 0.409827
v 0.347643 0.341043 0.425246
v 0.347643 0.356461 0.418859
v 0.347643 0.350075 0.403441
v 0.347643 0.341043 0.403441
v 0.347643 0.334656 0.418859
v 0.328921 0.342392 0.406698
v 0.328921 0.337914 0.411177
v 0.328921 0.337914 0.417510
v 0.328921 0.342392 0.421988
v 0.328921 0.348725 0.421988
v 0.328921 0.353203 0.417510
v 0.339026 0.341499 0.424143
v 0.328921 0.353203 0.411177
v 0.328921 0.348725 0.406698
v 0.319575 0.345559 0.414343
v 0.350796 0.336945 0.417911
v 0.339026 0.355358 0.410284
v 0.339026 0.335759 0.410284
v 0.339026 0.349618 0.424143
v 0.339026 0.349618 0.404543
v 0.339026 0.341499 0.404543
v 0.339026 0.335759 0.418402
v 0.339026 0.355358 0.418402
v 0.353572 0.345559 0.414343
v 0.350796 0.341991 0.405730
v 0.350796 0.349126 0.405730
v 0.350796 0.354172 0.417911
v 0.350796 0.341991 0.422956
v 0.350796 0.336945 0.410775
v 0.350796 0.354172 0.410775
v 0.350796 0.349126 0.422956
v 0.343894 0.350447 0.426146
v 0.343894 0.357361 0.409454
v 0.343894 0.333756 0.409454
v 0.343894 0.340670 0.426146
v 0.343894 0.357361 0.419232
v 0.343894 0.350447 0.402540
v 0.343894 0.340670 0.402540
v 0.343894 0.333756 0.419232
vt 0.943593 0.765196
vt 0.948957 0.765194
vt 0.949015 0.915828
vt 0.943651 0.915830
vt 0.943593 0.307280
vt 0.943651 0.000002
vt 0.949014 0.000000
vt 0.948957 0.307278
vt 0.943652 0.457910
vt 0.949015 0.457908
vt 0.480941 0.000000
vt 0.795275 0.000000
vt 0.795275 0.148902
vt 0.480941 0.148902
vt 0.389373 0.479647
vt 0.389373 0.793981
vt 0.240470 0.793981
vt 0.240470 0.479647
vt 0.224353 0.817537
vt 0.224354 0.717736
vt 0.229333 0.717736
vt 0.229333 0.817537
vt 0.219374 0.717736
vt 0.219374 0.817537
vt 0.158195 0.817537
vt 0.158195 0.717736
vt 0.219374 0.817537
vt 0.219374 0.717736
vt 0.224353 0.717736
vt 0.224353 0.817537
vt 0.235316 0.840812
vt 0.240295 0.840812
vt 0.240295 0.901992
vt 0.235316 0.901992
vt 0.235316 0.779633
vt 0.240295 0.779633
vt 0.240295 0.840812
vt 0.235316 0.840812
vt 0.676105 0.202050
vt 0.676105 0.156934
vt 0.684137 0.148902
vt 0.684137 0.210082
vt 0.592368 0.202050
vt 0.584336 0.210082
vt 0.592368 0.156934
vt 0.584336 0.148902
vt 0.588494 0.236105
vt 0.588494 0.239927
vt 0.584336 0.239927
vt 0.584336 0.236105
vt 0.943593 0.168920
vt 0.795275 0.168920
vt 0.795275 0.165097
vt 0.943593 0.165097
vt 0.943593 0.000000
vt 0.943593 0.078558
vt 0.795275 0.078558
vt 0.795275 0.000000
vt 0.943593 0.082381
vt 0.795275 0.082381
vt 0.795275 0.160939
vt 0.943593 0.160939
vt 0.795275 0.173716
vt 0.943593 0.173716
vt 0.943593 0.177874
vt 0.795275 0.177874
vt 0.667052 0.236105
vt 0.667052 0.239927
vt 0.584336 0.231308
vt 0.588494 0.231308
vt 0.703817 0.720808
vt 0.703817 0.716650
vt 0.707639 0.716650
vt 0.707639 0.720808
vt 0.703817 0.799366
vt 0.707639 0.799366
vt 0.795275 0.182671
vt 0.943593 0.182671
vt 0.699020 0.720808
vt 0.699020 0.716650
vt 0.861002 0.529454
vt 0.717735 0.529453
vt 0.717735 0.522735
vt 0.861002 0.522735
vt 0.861002 0.804999
vt 0.717735 0.804999
vt 0.717735 0.670585
vt 0.861002 0.670585
vt 0.717735 0.663867
vt 0.861002 0.663867
vt 0.158195 0.954978
vt 0.292609 0.954978
vt 0.292609 0.961696
vt 0.158195 0.961696
vt 0.637840 0.957486
vt 0.772255 0.957486
vt 0.772255 0.964205
vt 0.637840 0.964205
vt 0.875930 0.663867
vt 0.875930 0.529454
vt 0.875930 0.670585
vt 0.875930 0.804999
vt 0.875930 0.522735
vt 0.014928 0.724454
vt 0.014928 0.717736
vt 0.158195 0.717736
vt 0.158195 0.724454
vt 0.014928 1.000000
vt 0.014928 0.865586
vt 0.158195 0.865586
vt 0.158195 1.000000
vt 0.014928 0.858868
vt 0.158195 0.858868
vt 0.471779 0.614061
vt 0.478497 0.614061
vt 0.478497 0.748475
vt 0.471779 0.748475
vt 0.471779 0.713861
vt 0.465060 0.713861
vt 0.465060 0.579448
vt 0.471779 0.579448
vt 0.000000 0.858868
vt 0.000000 0.724454
vt 0.000000 0.865586
vt 0.000000 1.000000
vt 0.000000 0.717736
vt 0.622912 0.992196
vt 0.622912 0.998914
vt 0.479646 0.998914
vt 0.479646 0.992196
vt 0.622912 0.716650
vt 0.622912 0.851064
vt 0.479646 0.851064
vt 0.479646 0.716650
vt 0.622912 0.857782
vt 0.479646 0.857782
vt 0.450552 0.579448
vt 0.457271 0.579448
vt 0.457271 0.713860
vt 0.450552 0.713860
vt 0.478497 0.614061
vt 0.471779 0.614061
vt 0.471779 0.479647
vt 0.478497 0.479647
vt 0.637840 0.857782
vt 0.637840 0.992196
vt 0.637840 0.851064
vt 0.637840 0.716650
vt 0.637840 0.998914
vt 0.861002 0.247190
vt 0.717735 0.247189
vt 0.717735 0.240471
vt 0.861002 0.240471
vt 0.861002 0.522735
vt 0.717735 0.522735
vt 0.717735 0.388321
vt 0.861002 0.388321
vt 0.717735 0.381603
vt 0.861002 0.381603
vt 0.292608 0.968415
vt 0.158195 0.968415
vt 0.158195 0.961696
vt 0.292608 0.961696
vt 0.457271 0.713861
vt 0.457271 0.579448
vt 0.463989 0.579448
vt 0.463989 0.713861
vt 0.875930 0.381603
vt 0.875930 0.247190
vt 0.875930 0.388321
vt 0.875930 0.522735
vt 0.875930 0.240471
vt 0.879586 0.665646
vt 0.879585 0.523921
vt 0.894514 0.523921
vt 0.894514 0.665646
vt 0.909442 0.807370
vt 0.909442 0.890015
vt 0.894514 0.890015
vt 0.894514 0.807370
vt 0.909442 0.665646
vt 0.894514 0.665646
vt 0.952671 0.175526
vt 0.952671 0.092881
vt 0.967599 0.092881
vt 0.967599 0.175526
vt 0.913098 0.661990
vt 0.898169 0.661990
vt 0.898169 0.527576
vt 0.913098 0.527576
vt 0.875930 0.811026
vt 0.890858 0.811026
vt 0.890858 0.886359
vt 0.875930 0.886359
vt 0.875930 0.669301
vt 0.890858 0.669301
vt 0.890859 0.803715
vt 0.875930 0.803715
vt 0.986183 0.171870
vt 0.971255 0.171870
vt 0.971255 0.096537
vt 0.986183 0.096537
vt 0.949015 0.171870
vt 0.949015 0.096537
vt 0.913098 0.669301
vt 0.913098 0.803715
vt 0.913098 0.811026
vt 0.913098 0.886359
vt 0.875930 0.661990
vt 0.875930 0.527576
vt 0.808867 0.896131
vt 0.808867 0.850341
vt 0.870046 0.850341
vt 0.870046 0.896131
vt 0.808867 0.908394
vt 0.763077 0.908394
vt 0.763077 0.804999
vt 0.808867 0.804999
vt 0.219374 0.817537
vt 0.219374 0.863326
vt 0.158195 0.863326
vt 0.158195 0.817537
vt 0.331602 0.897376
vt 0.285813 0.897376
vt 0.285813 0.793981
vt 0.331602 0.793981
vt 0.450552 0.583042
vt 0.450552 0.686437
vt 0.389373 0.686437
vt 0.389373 0.583042
vt 0.163452 0.868583
vt 0.214117 0.868583
vt 0.214117 0.908669
vt 0.163452 0.908669
vt 0.757820 0.903137
vt 0.757820 0.810256
vt 0.814124 0.845084
vt 0.864789 0.845084
vt 0.280556 0.892119
vt 0.280556 0.799238
vt 0.941593 0.240034
vt 0.848712 0.240034
vt 0.848712 0.189368
vt 0.941593 0.189368
vt 0.717735 0.903137
vt 0.717735 0.810256
vt 0.240470 0.892119
vt 0.240470 0.799238
vt 0.814124 0.804999
vt 0.864789 0.804999
vt 0.622689 0.617373
vt 0.578922 0.573606
vt 0.673967 0.478561
vt 0.717734 0.522329
vt 0.229333 0.779633
vt 0.235316 0.779633
vt 0.235316 0.841529
vt 0.229333 0.841529
vt 0.618458 0.621605
vt 0.717734 0.712419
vt 0.713503 0.716650
vt 0.574691 0.577837
vt 0.523413 0.716649
vt 0.479646 0.672881
vt 0.479646 0.482791
vt 0.483877 0.478560
vt 0.219374 0.908669
vt 0.219374 0.931826
vt 0.158195 0.931826
vt 0.158195 0.908669
vt 0.808867 0.942440
vt 0.808867 0.919282
vt 0.912262 0.919282
vt 0.912262 0.942440
vt 0.717735 0.954703
vt 0.717735 0.931546
vt 0.778915 0.931546
vt 0.778915 0.954703
vt 0.343865 0.897376
vt 0.343865 0.920534
vt 0.240470 0.920534
vt 0.240470 0.897376
vt 0.389373 0.789832
vt 0.389373 0.686437
vt 0.450552 0.686437
vt 0.450552 0.789832
vt 0.773658 0.926289
vt 0.722992 0.926289
vt 0.722992 0.908394
vt 0.773658 0.908394
vt 0.214117 0.937083
vt 0.163452 0.937083
vt 0.814124 0.914025
vt 0.907005 0.914025
vt 0.338609 0.925791
vt 0.245727 0.925791
vt 0.999681 0.000000
vt 0.999681 0.092881
vt 0.949015 0.092881
vt 0.949015 0.000000
vt 0.214117 0.954978
vt 0.163452 0.954978
vt 0.338609 0.943685
vt 0.245727 0.943686
vt 0.814124 0.896131
vt 0.907005 0.896131
vt 0.673967 0.240472
vt 0.717735 0.284239
vt 0.622690 0.379284
vt 0.578923 0.335517
vt 0.477762 0.748475
vt 0.477762 0.810372
vt 0.471779 0.810372
vt 0.471779 0.748475
vt 0.574691 0.339748
vt 0.479646 0.244702
vt 0.483877 0.240471
vt 0.618459 0.383515
vt 0.523414 0.478560
vt 0.479647 0.434792
vt 0.717735 0.474329
vt 0.713504 0.478560
vt 0.379284 0.095045
vt 0.335516 0.138813
vt 0.240471 0.043768
vt 0.284239 0.000000
vt 0.707639 0.716650
vt 0.716991 0.716650
vt 0.716991 0.778547
vt 0.707639 0.778547
vt 0.385896 0.101657
vt 0.474328 0.000000
vt 0.480941 0.006612
vt 0.342128 0.145425
vt 0.480941 0.196702
vt 0.437173 0.240470
vt 0.247083 0.240470
vt 0.240470 0.233858
vt 0.699020 0.820045
vt 0.699020 0.865835
vt 0.637840 0.865835
vt 0.637840 0.820045
vt 0.584336 0.148902
vt 0.584336 0.194692
vt 0.480941 0.194692
vt 0.480941 0.148902
vt 0.684137 0.240034
vt 0.684137 0.194245
vt 0.745317 0.194245
vt 0.745317 0.240034
vt 0.422734 0.897376
vt 0.376944 0.897376
vt 0.376944 0.793981
vt 0.422734 0.793981
vt 0.699020 0.716650
vt 0.699020 0.820045
vt 0.637840 0.820045
vt 0.637840 0.716650
vt 0.740060 0.188988
vt 0.689394 0.188988
vt 0.689394 0.148902
vt 0.740060 0.148902
vt 0.693763 0.871092
vt 0.643097 0.871092
vt 0.579079 0.199949
vt 0.486198 0.199949
vt 0.371688 0.892119
vt 0.371688 0.799238
vt 0.394531 0.990258
vt 0.394531 0.897376
vt 0.445197 0.897376
vt 0.445197 0.990258
vt 0.693763 0.911177
vt 0.643097 0.911177
vt 0.331602 0.892119
vt 0.331602 0.799238
vt 0.579079 0.240034
vt 0.486198 0.240034
vt 0.943593 0.977010
vt 0.943593 0.915830
vt 0.966751 0.915830
vt 0.966751 0.977010
vt 0.745317 0.193725
vt 0.848712 0.193725
vt 0.848712 0.216882
vt 0.745317 0.216882
vt 0.699020 0.957486
vt 0.637840 0.957486
vt 0.637840 0.934329
vt 0.699020 0.934329
vt 0.469043 0.793981
vt 0.469043 0.897376
vt 0.445885 0.897376
vt 0.445885 0.793981
vt 0.450552 0.583042
vt 0.389373 0.583042
vt 0.389373 0.479647
vt 0.450552 0.479647
vt 0.440628 0.799238
vt 0.440628 0.892119
vt 0.422734 0.892119
vt 0.422734 0.799238
vt 0.972008 0.921087
vt 0.972008 0.971753
vt 0.843455 0.222139
vt 0.750574 0.222139
vt 0.643097 0.929072
vt 0.693763 0.929072
vt 0.394531 0.990258
vt 0.343865 0.990258
vt 0.343865 0.897376
vt 0.394531 0.897377
vt 0.843455 0.240034
vt 0.750574 0.240034
vt 0.643097 0.911177
vt 0.693763 0.911177
vt 0.989902 0.921087
vt 0.989902 0.971753
vt 0.196703 0.000001
vt 0.240470 0.043768
vt 0.145425 0.138813
vt 0.101658 0.095046
vt 0.454638 0.775758
vt 0.454638 0.713861
vt 0.463989 0.713861
vt 0.463989 0.775758
vt 0.095045 0.101658
vt 0.000000 0.006613
vt 0.006613 0.000000
vt 0.138813 0.145426
vt 0.043768 0.240471
vt 0.000000 0.196703
vt 0.240470 0.233858
vt 0.233858 0.240471
vt 0.194322 0.479647
vt 0.238089 0.523415
vt 0.143045 0.618460
vt 0.099277 0.574692
vt 0.713623 0.778547
vt 0.713623 0.840444
vt 0.707639 0.840444
vt 0.707639 0.778547
vt 0.095046 0.578923
vt 0.000000 0.483877
vt 0.004231 0.479646
vt 0.138814 0.622691
vt 0.043769 0.717736
vt 0.000001 0.673968
vt 0.238089 0.713505
vt 0.233858 0.717736
vt 0.778915 0.908394
vt 0.792724 0.908394
vt 0.792724 0.922204
vt 0.778915 0.922204
vt 0.454638 0.789568
vt 0.454638 0.775758
vt 0.468448 0.775758
vt 0.468448 0.789568
vt 0.472816 0.911186
vt 0.459007 0.911186
vt 0.459007 0.897376
vt 0.472816 0.897376
vt 0.445197 0.911186
vt 0.445197 0.897376
vt 0.459007 0.897376
vt 0.459007 0.911186
vt 0.459007 0.924996
vt 0.445197 0.924996
vt 0.445197 0.911186
vt 0.459007 0.911186
vt 0.221321 0.924389
vt 0.221321 0.910579
vt 0.235131 0.910579
vt 0.235131 0.924389
vt 0.235131 0.896769
vt 0.235131 0.910579
vt 0.221321 0.910579
vt 0.221321 0.896769
vt 0.699628 0.895683
vt 0.713437 0.895683
vt 0.713437 0.909493
vt 0.699628 0.909493
vt 0.707639 0.854254
vt 0.713437 0.854254
vt 0.713437 0.868064
vt 0.707639 0.868064
vt 0.876332 0.189368
vt 0.876332 0.183570
vt 0.890141 0.183570
vt 0.890141 0.189368
vt 0.707639 0.840444
vt 0.713437 0.840444
vt 0.903951 0.183570
vt 0.903951 0.189368
vt 0.875845 0.860238
vt 0.870046 0.860238
vt 0.870046 0.846429
vt 0.875845 0.846429
vt 0.229333 0.831346
vt 0.223534 0.831346
vt 0.223534 0.817537
vt 0.229333 0.817537
vt 0.870046 0.832619
vt 0.875845 0.832619
vt 0.229333 0.845156
vt 0.223534 0.845156
vt 0.870046 0.818809
vt 0.875845 0.818809
vt 0.229333 0.858966
vt 0.223534 0.858966
vt 0.870046 0.804999
vt 0.875845 0.804999
vt 0.707639 0.881873
vt 0.713437 0.881873
vt 0.713437 0.895683
vt 0.707639 0.895683
vt 0.229333 0.872776
vt 0.223534 0.872776
vt 0.848712 0.189368
vt 0.848712 0.183570
vt 0.862522 0.183570
vt 0.862522 0.189368
vt 0.879585 0.240471
vt 0.894514 0.240471
vt 0.894514 0.382196
vt 0.879586 0.382196
vt 0.982527 0.340815
vt 0.967599 0.340815
vt 0.967599 0.258170
vt 0.982527 0.258170
vt 0.879585 0.382196
vt 0.894514 0.382196
vt 0.894514 0.523921
vt 0.879586 0.523921
vt 0.952671 0.175526
vt 0.967599 0.175526
vt 0.967599 0.258170
vt 0.952671 0.258170
vt 0.913098 0.244126
vt 0.913098 0.378540
vt 0.898169 0.378540
vt 0.898169 0.244126
vt 0.949015 0.337159
vt 0.949015 0.261826
vt 0.963944 0.261826
vt 0.963944 0.337159
vt 0.913098 0.385851
vt 0.913098 0.520265
vt 0.898169 0.520265
vt 0.898169 0.385851
vt 0.986183 0.179181
vt 0.986183 0.254515
vt 0.971255 0.254515
vt 0.971255 0.179181
vt 0.949015 0.254515
vt 0.949015 0.179181
vt 0.875930 0.520265
vt 0.875930 0.385851
vt 0.986183 0.261826
vt 0.986183 0.337159
vt 0.875930 0.378540
vt 0.875930 0.244126
vt 0.472816 0.924996
vt 0.459007 0.924996
vt 0.459007 0.911186
vt 0.472816 0.911186
vt 0.768921 0.181157
vt 0.768921 0.167347
vt 0.782731 0.167347
vt 0.782731 0.181157
vt 0.926907 0.240471
vt 0.926907 0.254281
vt 0.913098 0.254281
vt 0.913098 0.240471
vt 0.699628 0.909493
vt 0.713437 0.909493
vt 0.713437 0.923303
vt 0.699628 0.923303
vt 0.926072 0.896131
vt 0.926072 0.909940
vt 0.912262 0.909940
vt 0.912262 0.896131
vt 0.768785 0.148902
vt 0.782595 0.148902
vt 0.782595 0.162712
vt 0.768785 0.162712
vt 0.926072 0.923750
vt 0.912262 0.923750
vt 0.912262 0.909940
vt 0.926072 0.909940
vt 0.792724 0.922204
vt 0.792724 0.908394
vt 0.806534 0.908394
vt 0.806534 0.922204
vt 0.701841 0.826986
vt 0.707639 0.826986
vt 0.707639 0.840796
vt 0.701841 0.840796
vt 0.229333 0.855339
vt 0.235131 0.855339
vt 0.235131 0.869149
vt 0.229333 0.869149
vt 0.701841 0.813176
vt 0.707639 0.813176
vt 0.235131 0.882959
vt 0.229333 0.882959
vt 0.701841 0.799366
vt 0.707639 0.799366
vt 0.471779 0.810372
vt 0.477577 0.810372
vt 0.477577 0.824181
vt 0.471779 0.824181
vt 0.235131 0.896769
vt 0.229333 0.896769
vt 0.759127 0.187926
vt 0.759127 0.193725
vt 0.745317 0.193725
vt 0.745317 0.187926
vt 0.477577 0.837991
vt 0.471779 0.837991
vt 0.772936 0.187926
vt 0.772936 0.193725
vt 0.477577 0.851801
vt 0.471779 0.851801
vt 0.786746 0.187926
vt 0.786746 0.193725
vt 0.477577 0.865611
vt 0.471779 0.865611
vt 0.800556 0.187926
vt 0.800556 0.193725
vt 0.707639 0.854606
vt 0.701841 0.854606
vt 0.229333 0.841529
vt 0.235131 0.841529
vt 0.379283 0.335516
vt 0.335515 0.379284
vt 0.240470 0.284238
vt 0.284238 0.240471
vt 0.464258 0.713861
vt 0.471779 0.713861
vt 0.471779 0.775758
vt 0.464258 0.775758
vt 0.384601 0.340834
vt 0.474328 0.240472
vt 0.479646 0.245790
vt 0.340833 0.384602
vt 0.479646 0.435879
vt 0.435878 0.479647
vt 0.245788 0.479646
vt 0.240470 0.474328
vt 0.195408 0.240471
vt 0.239176 0.284238
vt 0.144131 0.379283
vt 0.100363 0.335516
vt 0.229333 0.779633
vt 0.229333 0.717736
vt 0.236854 0.717736
vt 0.236854 0.779633
vt 0.095045 0.340834
vt 0.000001 0.245790
vt 0.005319 0.240472
vt 0.138813 0.384601
vt 0.043768 0.479646
vt 0.000000 0.435879
vt 0.239176 0.474328
vt 0.233857 0.479646
vt 0.816899 0.953053
vt 0.862014 0.953053
vt 0.870046 0.961085
vt 0.808867 0.961085
vt 0.461166 0.487678
vt 0.461165 0.571416
vt 0.453134 0.579447
vt 0.453134 0.479647
vt 0.923194 0.953053
vt 0.878078 0.953053
vt 0.870046 0.945021
vt 0.931226 0.945021
vt 0.676105 0.220695
vt 0.592368 0.220695
vt 0.584336 0.212663
vt 0.684137 0.212664
vt 0.816899 0.950472
vt 0.808867 0.942440
vt 0.870046 0.942440
vt 0.862014 0.950472
vt 0.463747 0.487678
vt 0.471779 0.479647
vt 0.471779 0.579448
vt 0.463747 0.571416
vt 0.923194 0.955634
vt 0.931226 0.963666
vt 0.870046 0.963666
vt 0.878078 0.955634
vt 0.676105 0.223277
vt 0.684137 0.231308
vt 0.584336 0.231308
vt 0.592368 0.223277
vt 0.584336 0.210082
vt 0.684137 0.210082
vt 0.450552 0.579447
vt 0.450552 0.479647
vt 0.870046 0.942440
vt 0.931226 0.942440
vt 0.870046 0.963666
vt 0.808867 0.963666
vt 0.675069 0.235173
vt 0.675069 0.233241
vt 0.675737 0.233241
vt 0.675737 0.235173
vt 0.675069 0.231308
vt 0.675737 0.231308
vt 0.676405 0.231308
vt 0.676405 0.233241
vt 0.676405 0.235173
vt 0.677073 0.233241
vt 0.677073 0.235173
vt 0.677073 0.231308
vt 0.677741 0.231308
vt 0.677741 0.233241
vt 0.677741 0.235173
vt 0.667052 0.235173
vt 0.667052 0.233241
vt 0.667720 0.233241
vt 0.667720 0.235173
vt 0.667052 0.231308
vt 0.667720 0.231308
vt 0.668388 0.231308
vt 0.668388 0.233241
vt 0.668388 0.235173
vt 0.669056 0.233241
vt 0.669056 0.235173
vt 0.669056 0.231308
vt 0.669724 0.231308
vt 0.669724 0.233241
vt 0.669724 0.235173
vt 0.670392 0.233241
vt 0.670392 0.235173
vt 0.670392 0.231308
vt 0.671060 0.231308
vt 0.671060 0.233241
vt 0.671060 0.235173
vt 0.671728 0.233241
vt 0.671728 0.235173
vt 0.671728 0.231308
vt 0.672397 0.231308
vt 0.672397 0.233241
vt 0.672397 0.235173
vt 0.787777 0.152611
vt 0.787912 0.151772
vt 0.788473 0.151828
vt 0.788374 0.152669
vt 0.787943 0.150921
vt 0.788551 0.150958
vt 0.789045 0.151004
vt 0.788927 0.151877
vt 0.788838 0.152718
vt 0.673065 0.233241
vt 0.673065 0.235173
vt 0.673065 0.231308
vt 0.673733 0.231308
vt 0.673733 0.233241
vt 0.673733 0.235173
vt 0.674401 0.233241
vt 0.674401 0.235173
vt 0.674401 0.231308
vt 0.667052 0.237909
vt 0.667312 0.237294
vt 0.668732 0.238248
vt 0.667052 0.238577
vt 0.667784 0.236821
vt 0.668402 0.236569
vt 0.669071 0.236569
vt 0.669686 0.236828
vt 0.670159 0.237301
vt 0.670411 0.237919
vt 0.670411 0.238587
vt 0.670151 0.239203
vt 0.669679 0.239675
vt 0.669060 0.239927
vt 0.668392 0.239927
vt 0.667777 0.239668
vt 0.667304 0.239196
vt 0.790342 0.151232
vt 0.790604 0.150326
vt 0.791450 0.150679
vt 0.791135 0.151459
vt 0.790993 0.149265
vt 0.791921 0.149842
vt 0.792583 0.150462
vt 0.792407 0.151182
vt 0.791913 0.151730
vt 0.787639 0.157678
vt 0.787654 0.156832
vt 0.788208 0.156815
vt 0.788235 0.157644
vt 0.787589 0.155988
vt 0.788186 0.155988
vt 0.788643 0.155988
vt 0.788646 0.156802
vt 0.788693 0.157617
vt 0.787875 0.162765
vt 0.788002 0.161908
vt 0.788600 0.161931
vt 0.788511 0.162967
vt 0.787943 0.161055
vt 0.788551 0.161018
vt 0.789045 0.160972
vt 0.789123 0.161927
vt 0.789145 0.163074
vt 0.787639 0.154298
vt 0.787750 0.153459
vt 0.788305 0.153504
vt 0.788235 0.154332
vt 0.788745 0.153542
vt 0.788693 0.154360
vt 0.787777 0.159366
vt 0.787750 0.158518
vt 0.788305 0.158472
vt 0.788374 0.159307
vt 0.788745 0.158435
vt 0.788838 0.159258
vt 0.787912 0.160204
vt 0.788473 0.160149
vt 0.788927 0.160099
vt 0.788002 0.150068
vt 0.788600 0.150045
vt 0.787875 0.149211
vt 0.788511 0.149009
vt 0.789145 0.148902
vt 0.789123 0.150050
vt 0.787654 0.155145
vt 0.788208 0.155161
vt 0.788646 0.155174
vt 0.453699 0.728050
vt 0.454002 0.728503
vt 0.453164 0.729341
vt 0.453164 0.728156
vt 0.454455 0.728806
vt 0.454349 0.729341
vt 0.454455 0.729876
vt 0.454002 0.730178
vt 0.453699 0.730632
vt 0.453164 0.730525
vt 0.452630 0.730632
vt 0.452327 0.730178
vt 0.451873 0.729876
vt 0.451980 0.729341
vt 0.451873 0.728806
vt 0.452327 0.728503
vt 0.452630 0.728050
vt 0.790342 0.160744
vt 0.790170 0.159908
vt 0.790941 0.159743
vt 0.791135 0.160517
vt 0.790029 0.159107
vt 0.790785 0.158989
vt 0.791584 0.158854
vt 0.791941 0.159505
vt 0.791913 0.160246
vt 0.789938 0.158320
vt 0.790690 0.158236
vt 0.789862 0.157541
vt 0.790612 0.157487
vt 0.791419 0.157427
vt 0.791703 0.158117
vt 0.789809 0.155988
vt 0.789829 0.155213
vt 0.790579 0.155239
vt 0.790557 0.155988
vt 0.789862 0.154436
vt 0.790612 0.154489
vt 0.791419 0.154550
vt 0.791597 0.155276
vt 0.791367 0.155988
vt 0.790029 0.152870
vt 0.790170 0.152069
vt 0.790941 0.152233
vt 0.790785 0.152987
vt 0.791941 0.152471
vt 0.791584 0.153123
vt 0.790993 0.162711
vt 0.790604 0.161650
vt 0.791450 0.161297
vt 0.791921 0.162135
vt 0.792407 0.160795
vt 0.792583 0.161514
vt 0.789829 0.156764
vt 0.790579 0.156737
vt 0.791597 0.156700
vt 0.789938 0.153657
vt 0.790691 0.153741
vt 0.791703 0.153859
vt 0.789289 0.153591
vt 0.789226 0.154393
vt 0.789380 0.152783
vt 0.789186 0.156785
vt 0.789226 0.157583
vt 0.789174 0.155988
vt 0.789803 0.161860
vt 0.789995 0.163008
vt 0.789635 0.160886
vt 0.789495 0.151952
vt 0.789635 0.151090
vt 0.789186 0.155191
vt 0.789289 0.158386
vt 0.789380 0.159194
vt 0.789495 0.160025
vt 0.789803 0.150117
vt 0.789995 0.148969
vt 0.752502 0.185168
vt 0.751171 0.185692
vt 0.751100 0.185383
vt 0.752350 0.184888
vt 0.749988 0.185792
vt 0.750031 0.185472
vt 0.750066 0.185191
vt 0.751028 0.185089
vt 0.752202 0.184616
vt 0.921676 0.924721
vt 0.919778 0.924957
vt 0.919078 0.924915
vt 0.919595 0.924639
vt 0.917937 0.925685
vt 0.917787 0.925404
vt 0.917947 0.925044
vt 0.916262 0.926403
vt 0.916396 0.925867
vt 0.916251 0.926884
vt 0.914993 0.928312
vt 0.914902 0.927740
vt 0.914989 0.927032
vt 0.918484 0.924150
vt 0.918208 0.924615
vt 0.916670 0.925265
vt 0.917037 0.924607
vt 0.915232 0.926235
vt 0.915706 0.925241
vt 0.921663 0.923750
vt 0.921669 0.924160
vt 0.919884 0.924264
vt 0.920045 0.923862
vt 0.913773 0.929293
vt 0.913808 0.928328
vt 0.914345 0.929704
vt 0.914045 0.931025
vt 0.913296 0.930711
vt 0.912664 0.930330
vt 0.912916 0.929721
vt 0.913108 0.929114
vt 0.915705 0.930801
vt 0.916000 0.931126
vt 0.915502 0.931335
vt 0.916800 0.930650
vt 0.916903 0.931158
vt 0.916837 0.931589
vt 0.919284 0.931842
vt 0.919250 0.931036
vt 0.920502 0.930947
vt 0.920526 0.931891
vt 0.919184 0.930166
vt 0.920460 0.929943
vt 0.921745 0.929838
vt 0.921759 0.930900
vt 0.921772 0.931897
vt 0.918033 0.931125
vt 0.918066 0.931753
vt 0.917946 0.930427
vt 0.917776 0.929592
vt 0.919049 0.929153
vt 0.916645 0.930020
vt 0.916276 0.929369
vt 0.917449 0.928686
vt 0.918803 0.928037
vt 0.915808 0.930333
vt 0.915307 0.930035
vt 0.920379 0.928797
vt 0.921729 0.928638
vt 0.920241 0.927549
vt 0.921711 0.927344
vt 0.916921 0.927782
vt 0.918415 0.926878
vt 0.915733 0.928768
vt 0.915052 0.929536
vt 0.920032 0.926268
vt 0.921694 0.926036
vt 0.786162 0.168510
vt 0.787238 0.167746
vt 0.786726 0.168800
vt 0.785175 0.169538
vt 0.788227 0.167347
vt 0.788181 0.167880
vt 0.788275 0.168205
vt 0.787484 0.168894
vt 0.786192 0.170058
vt 0.785365 0.170286
vt 0.784340 0.170742
vt 0.783379 0.176724
vt 0.783611 0.174850
vt 0.783905 0.174834
vt 0.783647 0.176732
vt 0.784177 0.173068
vt 0.784573 0.173014
vt 0.784935 0.173044
vt 0.784180 0.174868
vt 0.783905 0.176738
vt 0.785041 0.171461
vt 0.785618 0.171359
vt 0.786943 0.169987
vt 0.787570 0.170099
vt 0.786150 0.171361
vt 0.784394 0.171712
vt 0.783681 0.172064
vt 0.783711 0.173251
vt 0.783195 0.173508
vt 0.783263 0.174941
vt 0.782873 0.175074
vt 0.783072 0.176716
vt 0.782731 0.176707
vt 0.790186 0.169172
vt 0.790488 0.170699
vt 0.790301 0.171262
vt 0.790014 0.170984
vt 0.790738 0.172068
vt 0.790344 0.172190
vt 0.789893 0.172121
vt 0.791005 0.174490
vt 0.791048 0.175705
vt 0.790160 0.175686
vt 0.790249 0.174475
vt 0.791048 0.176930
vt 0.790098 0.176905
vt 0.789112 0.176878
vt 0.789228 0.175646
vt 0.789449 0.174425
vt 0.790910 0.173294
vt 0.790324 0.173299
vt 0.789697 0.173242
vt 0.788518 0.174298
vt 0.788943 0.173090
vt 0.787440 0.174036
vt 0.788077 0.172741
vt 0.788719 0.171592
vt 0.789332 0.171986
vt 0.789602 0.171119
vt 0.789309 0.170574
vt 0.787993 0.176848
vt 0.788163 0.175562
vt 0.786731 0.176814
vt 0.786950 0.175408
vt 0.786236 0.173599
vt 0.787138 0.172142
vt 0.788097 0.170967
vt 0.788817 0.170269
vt 0.788922 0.169458
vt 0.785359 0.176778
vt 0.785612 0.175167
vt 0.754801 0.183175
vt 0.753740 0.184287
vt 0.753537 0.184051
vt 0.754561 0.182981
vt 0.753339 0.183823
vt 0.754327 0.182793
vt 0.756336 0.180457
vt 0.755664 0.181897
vt 0.755396 0.181746
vt 0.756050 0.180348
vt 0.755134 0.181598
vt 0.755768 0.180242
vt 0.757051 0.177167
vt 0.756811 0.178857
vt 0.756513 0.178791
vt 0.756748 0.177146
vt 0.756219 0.178727
vt 0.756453 0.177125
vt 0.913728 0.927584
vt 0.914491 0.926055
vt 0.912787 0.929020
vt 0.912262 0.929058
vt 0.912674 0.928081
vt 0.913452 0.927022
vt 0.788471 0.168875
vt 0.788888 0.168021
vt 0.789496 0.167774
vt 0.789873 0.168416
vt 0.745448 0.178651
vt 0.745317 0.177350
vt 0.745615 0.177355
vt 0.745747 0.178633
vt 0.745332 0.176048
vt 0.745626 0.176073
vt 0.745919 0.176097
vt 0.745912 0.177358
vt 0.746046 0.178616
vt 0.746204 0.181140
vt 0.745696 0.179919
vt 0.745994 0.179881
vt 0.746500 0.181094
vt 0.746290 0.179843
vt 0.746794 0.181047
vt 0.748249 0.183323
vt 0.747103 0.182289
vt 0.747397 0.182255
vt 0.748536 0.183312
vt 0.747688 0.182221
vt 0.748807 0.183300
vt 0.912282 0.929801
vt 0.912535 0.929666
vt 0.788971 0.167382
vt 0.788830 0.167639
vt 0.748627 0.184942
vt 0.748895 0.184777
vt 0.749332 0.185245
vt 0.749153 0.185513
vt 0.749130 0.184638
vt 0.749486 0.185031
vt 0.748349 0.184166
vt 0.748641 0.184094
vt 0.748915 0.184024
vt 0.753677 0.168427
vt 0.753476 0.168683
vt 0.752306 0.167960
vt 0.752434 0.167663
vt 0.753279 0.168932
vt 0.752183 0.168241
vt 0.751247 0.167964
vt 0.751261 0.167673
vt 0.751276 0.167347
vt 0.923755 0.924584
vt 0.924279 0.924845
vt 0.923580 0.924906
vt 0.925413 0.924945
vt 0.925582 0.925300
vt 0.925440 0.925585
vt 0.926985 0.925726
vt 0.927134 0.926258
vt 0.928423 0.926853
vt 0.928529 0.927558
vt 0.928453 0.928133
vt 0.927157 0.926739
vt 0.924852 0.924065
vt 0.926311 0.924483
vt 0.926695 0.925131
vt 0.925141 0.924523
vt 0.927658 0.925082
vt 0.928159 0.926063
vt 0.923284 0.923819
vt 0.923456 0.924216
vt 0.929639 0.928117
vt 0.929699 0.929080
vt 0.930359 0.928884
vt 0.930567 0.929485
vt 0.930835 0.930088
vt 0.930213 0.930485
vt 0.929473 0.930819
vt 0.929138 0.929506
vt 0.928025 0.931167
vt 0.927522 0.930972
vt 0.927807 0.930639
vt 0.926698 0.931457
vt 0.926619 0.931028
vt 0.926709 0.930517
vt 0.924257 0.931776
vt 0.923018 0.931858
vt 0.923017 0.930914
vt 0.924271 0.930969
vt 0.923032 0.929909
vt 0.924313 0.930097
vt 0.925473 0.931654
vt 0.925489 0.931026
vt 0.925558 0.930326
vt 0.924421 0.929082
vt 0.925705 0.929486
vt 0.924637 0.927959
vt 0.926008 0.928572
vt 0.927198 0.929223
vt 0.926848 0.929884
vt 0.927692 0.930175
vt 0.928185 0.929863
vt 0.923082 0.928761
vt 0.923187 0.927510
vt 0.924994 0.926790
vt 0.926512 0.927654
vt 0.927726 0.928608
vt 0.928427 0.929357
vt 0.923361 0.926223
vt 0.785717 0.185076
vt 0.784787 0.183997
vt 0.786296 0.184817
vt 0.786750 0.185897
vt 0.784018 0.182750
vt 0.785016 0.183260
vt 0.785831 0.183532
vt 0.787057 0.184764
vt 0.787810 0.185494
vt 0.787700 0.185813
vt 0.787717 0.186348
vt 0.783803 0.178640
vt 0.783510 0.178609
vt 0.784079 0.178621
vt 0.784736 0.180483
vt 0.784372 0.180493
vt 0.783979 0.180419
vt 0.785327 0.182202
vt 0.784756 0.182069
vt 0.785858 0.182229
vt 0.787208 0.183565
vt 0.786576 0.183643
vt 0.783431 0.181395
vt 0.784123 0.181784
vt 0.783023 0.179927
vt 0.783524 0.180211
vt 0.782785 0.178345
vt 0.783167 0.178499
vt 0.789771 0.184631
vt 0.789696 0.182813
vt 0.789998 0.182550
vt 0.790154 0.183122
vt 0.789637 0.181671
vt 0.790091 0.181626
vt 0.790478 0.181769
vt 0.790874 0.179365
vt 0.790118 0.179340
vt 0.790095 0.178125
vt 0.790983 0.178154
vt 0.789317 0.179346
vt 0.789162 0.178116
vt 0.790130 0.180517
vt 0.790715 0.180554
vt 0.789501 0.180541
vt 0.788740 0.180652
vt 0.788380 0.179423
vt 0.789069 0.181776
vt 0.788435 0.182136
vt 0.787856 0.180954
vt 0.787290 0.179627
vt 0.789292 0.182655
vt 0.788970 0.183184
vt 0.788094 0.178142
vt 0.786874 0.178230
vt 0.786886 0.181502
vt 0.786064 0.179999
vt 0.787781 0.182727
vt 0.788462 0.183463
vt 0.788524 0.184278
vt 0.785526 0.178399
vt 0.755680 0.170818
vt 0.755407 0.170976
vt 0.754539 0.169729
vt 0.754783 0.169524
vt 0.755141 0.171130
vt 0.754302 0.169929
vt 0.756811 0.173788
vt 0.756508 0.173855
vt 0.756061 0.172353
vt 0.756353 0.172241
vt 0.756210 0.173920
vt 0.755775 0.172462
vt 0.756745 0.175478
vt 0.757051 0.175456
vt 0.756443 0.175500
vt 0.928894 0.925863
vt 0.929698 0.927371
vt 0.929959 0.926801
vt 0.930765 0.927840
vt 0.931203 0.928805
vt 0.930677 0.928781
vt 0.788043 0.184836
vt 0.789418 0.185370
vt 0.789007 0.185990
vt 0.788412 0.185711
vt 0.745879 0.173557
vt 0.746158 0.173621
vt 0.745826 0.174821
vt 0.745538 0.174776
vt 0.746438 0.173684
vt 0.746114 0.174865
vt 0.746962 0.171365
vt 0.747229 0.171447
vt 0.746584 0.172496
vt 0.746314 0.172415
vt 0.747497 0.171530
vt 0.746854 0.172576
vt 0.749117 0.169533
vt 0.749396 0.169576
vt 0.748209 0.170477
vt 0.747936 0.170414
vt 0.749653 0.169623
vt 0.748482 0.170541
vt 0.930947 0.929420
vt 0.931203 0.929548
vt 0.788334 0.186089
vt 0.788461 0.186353
vt 0.749766 0.167954
vt 0.750395 0.167480
vt 0.750525 0.167778
vt 0.750005 0.168166
vt 0.750638 0.168023
vt 0.750209 0.168346
vt 0.749626 0.168810
vt 0.749344 0.168690
vt 0.749882 0.168926
vt 0.240348 0.263294
vt 0.240348 0.263848
vt 0.240100 0.263852
vt 0.240115 0.263297
vt 0.240348 0.264402
vt 0.240078 0.264407
vt 0.239773 0.264414
vt 0.239859 0.263858
vt 0.239882 0.263303
vt 0.240349 0.277245
vt 0.239795 0.277204
vt 0.239795 0.277012
vt 0.240349 0.277012
vt 0.239240 0.277114
vt 0.239240 0.277012
vt 0.239240 0.276910
vt 0.239795 0.276820
vt 0.240349 0.276779
vt 0.239307 0.261045
vt 0.239284 0.260490
vt 0.239525 0.260497
vt 0.239540 0.261051
vt 0.239198 0.259934
vt 0.239503 0.259942
vt 0.239773 0.259946
vt 0.239773 0.260500
vt 0.239773 0.261054
vt 0.239241 0.267779
vt 0.239794 0.267777
vt 0.239794 0.268013
vt 0.239240 0.268013
vt 0.240348 0.267775
vt 0.240348 0.268013
vt 0.240348 0.268250
vt 0.239794 0.268248
vt 0.239241 0.268246
vt 0.239773 0.264414
vt 0.239773 0.264968
vt 0.239525 0.264972
vt 0.239540 0.264417
vt 0.239773 0.265522
vt 0.239503 0.265527
vt 0.239198 0.265535
vt 0.239284 0.264978
vt 0.239307 0.264424
vt 0.240349 0.276779
vt 0.239795 0.276737
vt 0.239795 0.276545
vt 0.240349 0.276545
vt 0.239240 0.276647
vt 0.239240 0.276545
vt 0.239240 0.276444
vt 0.239795 0.276354
vt 0.240349 0.276312
vt 0.239240 0.291376
vt 0.239853 0.291376
vt 0.239853 0.291478
vt 0.239240 0.291478
vt 0.240465 0.291376
vt 0.240465 0.291478
vt 0.240465 0.291580
vt 0.239853 0.291580
vt 0.239240 0.291580
vt 0.239307 0.255444
vt 0.239284 0.254889
vt 0.239525 0.254896
vt 0.239540 0.255450
vt 0.239198 0.254333
vt 0.239503 0.254341
vt 0.239773 0.254346
vt 0.239773 0.254899
vt 0.239773 0.255453
vt 0.239241 0.269681
vt 0.239794 0.269678
vt 0.239794 0.269914
vt 0.239240 0.269914
vt 0.240348 0.269676
vt 0.240348 0.269914
vt 0.240348 0.270151
vt 0.239794 0.270149
vt 0.239241 0.270147
vt 0.240093 0.245250
vt 0.240258 0.245415
vt 0.239762 0.245748
vt 0.239877 0.245162
vt 0.240348 0.245630
vt 0.240348 0.245863
vt 0.240260 0.246079
vt 0.240095 0.246244
vt 0.239880 0.246334
vt 0.239647 0.246334
vt 0.239431 0.246246
vt 0.239266 0.246081
vt 0.239176 0.245866
vt 0.239176 0.245633
vt 0.239264 0.245417
vt 0.239429 0.245252
vt 0.239644 0.245162
vt 0.239680 0.301177
vt 0.239664 0.300975
vt 0.239751 0.300988
vt 0.239764 0.301156
vt 0.239680 0.300746
vt 0.239764 0.300798
vt 0.239842 0.300849
vt 0.239831 0.301001
vt 0.239842 0.301136
vt 0.239993 0.298332
vt 0.239976 0.298028
vt 0.240081 0.298014
vt 0.240095 0.298281
vt 0.239993 0.297758
vt 0.240095 0.297778
vt 0.240191 0.297799
vt 0.240178 0.298001
vt 0.240191 0.298230
vt 0.239898 0.293622
vt 0.239898 0.293928
vt 0.239772 0.293928
vt 0.239775 0.293713
vt 0.239898 0.294234
vt 0.239776 0.294143
vt 0.239685 0.294043
vt 0.239653 0.293928
vt 0.239685 0.293814
vt 0.239898 0.294234
vt 0.239898 0.294541
vt 0.239772 0.294541
vt 0.239775 0.294326
vt 0.239898 0.294847
vt 0.239775 0.294756
vt 0.239685 0.294655
vt 0.239653 0.294541
vt 0.239685 0.294426
vt 0.240464 0.245064
vt 0.240464 0.245523
vt 0.240402 0.245523
vt 0.240402 0.245141
vt 0.240464 0.245983
vt 0.240402 0.245906
vt 0.240348 0.245830
vt 0.240348 0.245523
vt 0.240348 0.245217
vt 0.239522 0.303250
vt 0.239487 0.303075
vt 0.239574 0.303075
vt 0.239603 0.303220
vt 0.239522 0.302900
vt 0.239603 0.302929
vt 0.239679 0.302958
vt 0.239655 0.303075
vt 0.239679 0.303191
vt 0.239325 0.301216
vt 0.239310 0.300988
vt 0.239396 0.300974
vt 0.239409 0.301164
vt 0.239325 0.300785
vt 0.239409 0.300806
vt 0.239487 0.300826
vt 0.239477 0.300961
vt 0.239487 0.301113
vt 0.240290 0.300746
vt 0.240275 0.300544
vt 0.240361 0.300557
vt 0.240374 0.300726
vt 0.240290 0.300316
vt 0.240374 0.300367
vt 0.240452 0.300418
vt 0.240442 0.300571
vt 0.240452 0.300705
vt 0.240464 0.243227
vt 0.240464 0.243686
vt 0.240402 0.243686
vt 0.240402 0.243303
vt 0.240464 0.244145
vt 0.240402 0.244069
vt 0.240348 0.243992
vt 0.240348 0.243686
vt 0.240348 0.243380
vt 0.239680 0.302469
vt 0.239664 0.302241
vt 0.239751 0.302227
vt 0.239764 0.302417
vt 0.239680 0.302038
vt 0.239764 0.302059
vt 0.239842 0.302079
vt 0.239831 0.302214
vt 0.239842 0.302366
vt 0.240237 0.298332
vt 0.240221 0.298028
vt 0.240325 0.298014
vt 0.240340 0.298281
vt 0.240238 0.297758
vt 0.240340 0.297778
vt 0.240435 0.297799
vt 0.240422 0.298001
vt 0.240435 0.298230
vt 0.239290 0.297758
vt 0.239273 0.297488
vt 0.239377 0.297501
vt 0.239392 0.297737
vt 0.239290 0.297183
vt 0.239392 0.297235
vt 0.239487 0.297286
vt 0.239474 0.297514
vt 0.239487 0.297717
vt 0.240304 0.293009
vt 0.240304 0.293622
vt 0.240219 0.293622
vt 0.240219 0.293086
vt 0.240304 0.294234
vt 0.240219 0.294158
vt 0.240142 0.294081
vt 0.240142 0.293622
vt 0.240142 0.293163
vt 0.239525 0.299846
vt 0.239487 0.299611
vt 0.239592 0.299611
vt 0.239626 0.299816
vt 0.239525 0.299376
vt 0.239626 0.299406
vt 0.239719 0.299435
vt 0.239690 0.299611
vt 0.239719 0.299787
vt 0.239993 0.296608
vt 0.239976 0.296338
vt 0.240081 0.296352
vt 0.240095 0.296588
vt 0.239993 0.296034
vt 0.240095 0.296085
vt 0.240191 0.296136
vt 0.240178 0.296365
vt 0.240191 0.296567
vt 0.239981 0.291785
vt 0.239981 0.292397
vt 0.239896 0.292397
vt 0.239896 0.291861
vt 0.239981 0.293009
vt 0.239896 0.292933
vt 0.239819 0.292856
vt 0.239819 0.292397
vt 0.239819 0.291938
vt 0.240259 0.300316
vt 0.240221 0.300081
vt 0.240325 0.300081
vt 0.240359 0.300286
vt 0.240259 0.299846
vt 0.240359 0.299876
vt 0.240452 0.299905
vt 0.240423 0.300081
vt 0.240452 0.300257
vt 0.240065 0.303625
vt 0.240030 0.303450
vt 0.240117 0.303450
vt 0.240147 0.303595
vt 0.240065 0.303275
vt 0.240147 0.303304
vt 0.240222 0.303333
vt 0.240198 0.303450
vt 0.240222 0.303566
vt 0.239751 0.250973
vt 0.239518 0.250970
vt 0.239502 0.250415
vt 0.239750 0.250419
vt 0.239284 0.250963
vt 0.239262 0.250409
vt 0.239176 0.249852
vt 0.239481 0.249860
vt 0.239751 0.249865
vt 0.240349 0.278178
vt 0.240349 0.278411
vt 0.239795 0.278411
vt 0.239795 0.278220
vt 0.240349 0.278644
vt 0.239795 0.278603
vt 0.239240 0.278513
vt 0.239240 0.278411
vt 0.239240 0.278309
vt 0.239307 0.257703
vt 0.239540 0.257696
vt 0.239525 0.258251
vt 0.239284 0.258258
vt 0.239773 0.257694
vt 0.239773 0.258247
vt 0.239773 0.258801
vt 0.239503 0.258806
vt 0.239198 0.258814
vt 0.239241 0.269672
vt 0.239240 0.269438
vt 0.239794 0.269438
vt 0.239794 0.269674
vt 0.239241 0.269205
vt 0.239794 0.269203
vt 0.240348 0.269201
vt 0.240348 0.269438
vt 0.240348 0.269676
vt 0.239773 0.257694
vt 0.239540 0.257691
vt 0.239525 0.257136
vt 0.239773 0.257140
vt 0.239307 0.257684
vt 0.239284 0.257130
vt 0.239198 0.256573
vt 0.239503 0.256581
vt 0.239773 0.256586
vt 0.240349 0.280510
vt 0.240349 0.280743
vt 0.239795 0.280743
vt 0.239795 0.280552
vt 0.240349 0.280976
vt 0.239795 0.280935
vt 0.239240 0.280845
vt 0.239240 0.280743
vt 0.239240 0.280641
vt 0.239240 0.291785
vt 0.239240 0.291682
vt 0.239853 0.291682
vt 0.239853 0.291785
vt 0.239240 0.291580
vt 0.239853 0.291580
vt 0.240465 0.291580
vt 0.240465 0.291682
vt 0.240465 0.291785
vt 0.239307 0.250982
vt 0.239540 0.250975
vt 0.239525 0.251530
vt 0.239284 0.251537
vt 0.239773 0.250973
vt 0.239773 0.251526
vt 0.239773 0.252080
vt 0.239503 0.252085
vt 0.239198 0.252093
vt 0.239241 0.274900
vt 0.239240 0.274667
vt 0.239794 0.274667
vt 0.239794 0.274902
vt 0.239241 0.274433
vt 0.239794 0.274431
vt 0.240348 0.274429
vt 0.240348 0.274667
vt 0.240348 0.274904
vt 0.239176 0.243284
vt 0.239266 0.243069
vt 0.239762 0.243403
vt 0.239176 0.243517
vt 0.239431 0.242904
vt 0.239647 0.242816
vt 0.239880 0.242816
vt 0.240095 0.242907
vt 0.240260 0.243072
vt 0.240348 0.243288
vt 0.240348 0.243521
vt 0.240258 0.243736
vt 0.240093 0.243901
vt 0.239877 0.243989
vt 0.239644 0.243989
vt 0.239429 0.243898
vt 0.239264 0.243733
vt 0.239857 0.302469
vt 0.239941 0.302490
vt 0.239928 0.302658
vt 0.239842 0.302671
vt 0.240019 0.302510
vt 0.240009 0.302645
vt 0.240019 0.302797
vt 0.239941 0.302848
vt 0.239857 0.302900
vt 0.239779 0.297758
vt 0.239881 0.297809
vt 0.239866 0.298076
vt 0.239762 0.298062
vt 0.239976 0.297860
vt 0.239963 0.298089
vt 0.239976 0.298291
vt 0.239881 0.298312
vt 0.239779 0.298332
vt 0.240142 0.294234
vt 0.240020 0.294143
vt 0.240016 0.293928
vt 0.240142 0.293928
vt 0.239930 0.294043
vt 0.239898 0.293928
vt 0.239930 0.293814
vt 0.240020 0.293713
vt 0.240142 0.293622
vt 0.239732 0.295459
vt 0.239609 0.295368
vt 0.239606 0.295153
vt 0.239732 0.295153
vt 0.239519 0.295267
vt 0.239487 0.295153
vt 0.239519 0.295039
vt 0.239609 0.294938
vt 0.239732 0.294847
vt 0.240464 0.251495
vt 0.240402 0.251418
vt 0.240402 0.251036
vt 0.240464 0.251036
vt 0.240348 0.251342
vt 0.240348 0.251036
vt 0.240348 0.250729
vt 0.240402 0.250653
vt 0.240464 0.250576
vt 0.239862 0.302900
vt 0.239944 0.302929
vt 0.239915 0.303075
vt 0.239828 0.303075
vt 0.240019 0.302958
vt 0.239996 0.303075
vt 0.240019 0.303191
vt 0.239944 0.303220
vt 0.239862 0.303250
vt 0.240046 0.301713
vt 0.240130 0.301764
vt 0.240117 0.301954
vt 0.240030 0.301941
vt 0.240208 0.301815
vt 0.240197 0.301968
vt 0.240208 0.302102
vt 0.240130 0.302123
vt 0.240046 0.302143
vt 0.239325 0.301647
vt 0.239409 0.301667
vt 0.239396 0.301836
vt 0.239310 0.301849
vt 0.239487 0.301688
vt 0.239477 0.301822
vt 0.239487 0.301975
vt 0.239409 0.302026
vt 0.239325 0.302077
vt 0.240464 0.252414
vt 0.240402 0.252337
vt 0.240402 0.251954
vt 0.240464 0.251954
vt 0.240348 0.252260
vt 0.240348 0.251954
vt 0.240348 0.251648
vt 0.240402 0.251571
vt 0.240464 0.251495
vt 0.240046 0.302143
vt 0.240130 0.302195
vt 0.240117 0.302385
vt 0.240030 0.302372
vt 0.240208 0.302246
vt 0.240197 0.302398
vt 0.240208 0.302533
vt 0.240130 0.302553
vt 0.240046 0.302574
vt 0.239504 0.297183
vt 0.239606 0.297235
vt 0.239591 0.297501
vt 0.239487 0.297488
vt 0.239702 0.297286
vt 0.239689 0.297514
vt 0.239702 0.297717
vt 0.239606 0.297737
vt 0.239504 0.297758
vt 0.240238 0.297183
vt 0.240340 0.297204
vt 0.240325 0.297440
vt 0.240221 0.297453
vt 0.240435 0.297224
vt 0.240422 0.297426
vt 0.240435 0.297655
vt 0.240340 0.297706
vt 0.240237 0.297758
vt 0.240145 0.286517
vt 0.240060 0.286440
vt 0.240060 0.285904
vt 0.240145 0.285904
vt 0.239983 0.286364
vt 0.239983 0.285904
vt 0.239983 0.285445
vt 0.240060 0.285368
vt 0.240145 0.285292
vt 0.239294 0.299376
vt 0.239394 0.299406
vt 0.239360 0.299611
vt 0.239256 0.299611
vt 0.239487 0.299435
vt 0.239458 0.299611
vt 0.239487 0.299787
vt 0.239394 0.299816
vt 0.239294 0.299846
vt 0.240238 0.296034
vt 0.240340 0.296055
vt 0.240325 0.296290
vt 0.240221 0.296304
vt 0.240435 0.296075
vt 0.240422 0.296277
vt 0.240435 0.296506
vt 0.240340 0.296557
vt 0.240237 0.296608
vt 0.240145 0.285292
vt 0.240060 0.285215
vt 0.240060 0.284679
vt 0.240145 0.284679
vt 0.239983 0.285139
vt 0.239983 0.284679
vt 0.239983 0.284220
vt 0.240060 0.284143
vt 0.240145 0.284067
vt 0.239757 0.299846
vt 0.239857 0.299876
vt 0.239823 0.300081
vt 0.239719 0.300081
vt 0.239950 0.299905
vt 0.239921 0.300081
vt 0.239950 0.300257
vt 0.239857 0.300286
vt 0.239757 0.300316
vt 0.239862 0.303250
vt 0.239944 0.303280
vt 0.239915 0.303425
vt 0.239828 0.303425
vt 0.240019 0.303308
vt 0.239996 0.303425
vt 0.240019 0.303542
vt 0.239944 0.303570
vt 0.239862 0.303600
vt 0.752502 0.166723
vt 0.751171 0.167248
vt 0.751100 0.166938
vt 0.752350 0.166443
vt 0.749988 0.167347
vt 0.750031 0.167027
vt 0.750066 0.166746
vt 0.751028 0.166644
vt 0.752202 0.166171
vt 0.809971 0.192754
vt 0.811874 0.192569
vt 0.812573 0.192630
vt 0.812049 0.192891
vt 0.813734 0.191890
vt 0.813876 0.192175
vt 0.813707 0.192530
vt 0.815428 0.191217
vt 0.815279 0.191749
vt 0.815451 0.190736
vt 0.816747 0.189342
vt 0.816823 0.189916
vt 0.816718 0.190622
vt 0.813146 0.193410
vt 0.813435 0.192952
vt 0.814989 0.192344
vt 0.814605 0.192992
vt 0.816453 0.191412
vt 0.815952 0.192393
vt 0.809958 0.193725
vt 0.809963 0.193315
vt 0.811750 0.193259
vt 0.811578 0.193656
vt 0.817993 0.188394
vt 0.817933 0.189358
vt 0.817432 0.187968
vt 0.817768 0.186656
vt 0.818508 0.186990
vt 0.819129 0.187387
vt 0.818861 0.187989
vt 0.818653 0.188591
vt 0.816101 0.186835
vt 0.815816 0.186503
vt 0.816319 0.186307
vt 0.815003 0.186958
vt 0.814913 0.186447
vt 0.814992 0.186018
vt 0.812552 0.185699
vt 0.812565 0.186506
vt 0.811311 0.186561
vt 0.811312 0.185617
vt 0.812608 0.187378
vt 0.811326 0.187566
vt 0.810039 0.187637
vt 0.810053 0.186575
vt 0.810066 0.185578
vt 0.813783 0.186449
vt 0.813767 0.185821
vt 0.813852 0.187149
vt 0.813999 0.187988
vt 0.812715 0.188393
vt 0.815142 0.187591
vt 0.815493 0.188252
vt 0.814302 0.188903
vt 0.812931 0.189516
vt 0.815987 0.187300
vt 0.816480 0.187612
vt 0.811376 0.188714
vt 0.810023 0.188837
vt 0.811481 0.189965
vt 0.810006 0.190131
vt 0.814806 0.189821
vt 0.813288 0.190685
vt 0.816020 0.188867
vt 0.816721 0.188117
vt 0.811655 0.191252
vt 0.809988 0.191439
vt 0.472690 0.866774
vt 0.473767 0.866010
vt 0.473255 0.867064
vt 0.471704 0.867802
vt 0.474756 0.865611
vt 0.474710 0.866144
vt 0.474803 0.866470
vt 0.474012 0.867158
vt 0.472721 0.868322
vt 0.471893 0.868550
vt 0.470869 0.869006
vt 0.469908 0.874988
vt 0.470140 0.873114
vt 0.470434 0.873098
vt 0.470176 0.874996
vt 0.470706 0.871332
vt 0.471101 0.871278
vt 0.471464 0.871308
vt 0.470708 0.873132
vt 0.470433 0.875003
vt 0.471569 0.869725
vt 0.472147 0.869623
vt 0.473471 0.868252
vt 0.474099 0.868363
vt 0.472679 0.869625
vt 0.470923 0.869976
vt 0.470210 0.870328
vt 0.470240 0.871515
vt 0.469724 0.871772
vt 0.469791 0.873205
vt 0.469402 0.873338
vt 0.469600 0.874980
vt 0.469260 0.874971
vt 0.476714 0.867436
vt 0.477017 0.868964
vt 0.476830 0.869526
vt 0.476542 0.869248
vt 0.477267 0.870332
vt 0.476873 0.870454
vt 0.476422 0.870385
vt 0.477534 0.872754
vt 0.477577 0.873969
vt 0.476689 0.873950
vt 0.476778 0.872739
vt 0.477577 0.875194
vt 0.476627 0.875169
vt 0.475640 0.875142
vt 0.475757 0.873910
vt 0.475978 0.872689
vt 0.477439 0.871558
vt 0.476852 0.871563
vt 0.476226 0.871506
vt 0.475047 0.872562
vt 0.475472 0.871354
vt 0.473969 0.872300
vt 0.474605 0.871005
vt 0.475247 0.869856
vt 0.475861 0.870250
vt 0.476131 0.869383
vt 0.475838 0.868838
vt 0.474521 0.875112
vt 0.474692 0.873826
vt 0.473260 0.875078
vt 0.473478 0.873672
vt 0.472764 0.871863
vt 0.473666 0.870406
vt 0.474626 0.869231
vt 0.475345 0.868533
vt 0.475450 0.867722
vt 0.471887 0.875042
vt 0.472141 0.873431
vt 0.754801 0.164730
vt 0.753740 0.165842
vt 0.753537 0.165607
vt 0.754561 0.164537
vt 0.753339 0.165378
vt 0.754327 0.164348
vt 0.756336 0.162013
vt 0.755664 0.163453
vt 0.755396 0.163301
vt 0.756050 0.161904
vt 0.755134 0.163153
vt 0.755768 0.161797
vt 0.757051 0.158723
vt 0.756811 0.160412
vt 0.756513 0.160347
vt 0.756748 0.158701
vt 0.756219 0.160283
vt 0.756453 0.158681
vt 0.817992 0.190104
vt 0.817189 0.191612
vt 0.818972 0.188694
vt 0.819497 0.188669
vt 0.819059 0.189635
vt 0.818254 0.190673
vt 0.475000 0.867139
vt 0.475416 0.866285
vt 0.476025 0.866038
vt 0.476402 0.866680
vt 0.745448 0.160206
vt 0.745317 0.158906
vt 0.745615 0.158910
vt 0.745747 0.160189
vt 0.745332 0.157603
vt 0.745626 0.157628
vt 0.745919 0.157653
vt 0.745912 0.158914
vt 0.746046 0.160171
vt 0.746204 0.162695
vt 0.745696 0.161474
vt 0.745994 0.161436
vt 0.746500 0.162649
vt 0.746290 0.161398
vt 0.746794 0.162602
vt 0.748249 0.164878
vt 0.747103 0.163844
vt 0.747397 0.163810
vt 0.748536 0.164867
vt 0.747688 0.163776
vt 0.748807 0.164855
vt 0.819497 0.187927
vt 0.819241 0.188055
vt 0.475499 0.865646
vt 0.475359 0.865903
vt 0.748627 0.166497
vt 0.748895 0.166333
vt 0.749332 0.166800
vt 0.749153 0.167068
vt 0.749130 0.166193
vt 0.749486 0.166586
vt 0.748349 0.165722
vt 0.748641 0.165650
vt 0.748915 0.165579
vt 0.753677 0.149982
vt 0.753476 0.150238
vt 0.752306 0.149515
vt 0.752434 0.149219
vt 0.753279 0.150487
vt 0.752183 0.149796
vt 0.751247 0.149519
vt 0.751261 0.149228
vt 0.751276 0.148902
vt 0.807889 0.192836
vt 0.807373 0.192561
vt 0.808073 0.192518
vt 0.806241 0.192431
vt 0.806082 0.192071
vt 0.806231 0.191790
vt 0.804691 0.191608
vt 0.804556 0.191073
vt 0.803283 0.190443
vt 0.803196 0.189735
vt 0.803287 0.189163
vt 0.804546 0.190591
vt 0.806779 0.193325
vt 0.805332 0.192868
vt 0.804965 0.192210
vt 0.806502 0.192860
vt 0.804001 0.192234
vt 0.803526 0.191240
vt 0.808340 0.193613
vt 0.808178 0.193212
vt 0.802102 0.189147
vt 0.802067 0.188183
vt 0.801402 0.188361
vt 0.801210 0.187755
vt 0.800958 0.187145
vt 0.801590 0.186765
vt 0.802339 0.186450
vt 0.802639 0.187772
vt 0.803796 0.186141
vt 0.804294 0.186349
vt 0.804000 0.186674
vt 0.805131 0.185887
vt 0.805197 0.186318
vt 0.805094 0.186826
vt 0.807578 0.185633
vt 0.808820 0.185584
vt 0.808796 0.186528
vt 0.807544 0.186439
vt 0.808754 0.187532
vt 0.807478 0.187310
vt 0.806360 0.185723
vt 0.806327 0.186350
vt 0.806240 0.187048
vt 0.807344 0.188322
vt 0.806071 0.187883
vt 0.807097 0.189438
vt 0.805743 0.188789
vt 0.804571 0.188107
vt 0.804939 0.187455
vt 0.804102 0.187142
vt 0.803601 0.187441
vt 0.808674 0.188678
vt 0.808535 0.189926
vt 0.806710 0.190597
vt 0.805215 0.189694
vt 0.804027 0.188707
vt 0.803346 0.187940
vt 0.808327 0.191207
vt 0.472245 0.883340
vt 0.471315 0.882261
vt 0.472825 0.883081
vt 0.473279 0.884161
vt 0.470546 0.881014
vt 0.471545 0.881524
vt 0.472359 0.881796
vt 0.473586 0.883028
vt 0.474339 0.883758
vt 0.474228 0.884077
vt 0.474246 0.884612
vt 0.470332 0.876904
vt 0.470039 0.876873
vt 0.470607 0.876885
vt 0.471264 0.878747
vt 0.470901 0.878757
vt 0.470508 0.878683
vt 0.471856 0.880466
vt 0.471284 0.880333
vt 0.472387 0.880493
vt 0.473737 0.881829
vt 0.473105 0.881907
vt 0.469959 0.879658
vt 0.470652 0.880048
vt 0.469551 0.878191
vt 0.470053 0.878475
vt 0.469314 0.876609
vt 0.469696 0.876763
vt 0.476299 0.882895
vt 0.476225 0.881077
vt 0.476527 0.880814
vt 0.476683 0.881386
vt 0.476165 0.879935
vt 0.476620 0.879890
vt 0.477007 0.880033
vt 0.477403 0.877629
vt 0.476647 0.877604
vt 0.476623 0.876389
vt 0.477511 0.876418
vt 0.475846 0.877610
vt 0.475690 0.876379
vt 0.476658 0.878781
vt 0.477244 0.878818
vt 0.476030 0.878805
vt 0.475269 0.878917
vt 0.474909 0.877687
vt 0.475598 0.880040
vt 0.474964 0.880400
vt 0.474385 0.879218
vt 0.473818 0.877891
vt 0.475821 0.880919
vt 0.475499 0.881448
vt 0.474623 0.876406
vt 0.473403 0.876494
vt 0.473415 0.879766
vt 0.472592 0.878263
vt 0.474310 0.880991
vt 0.474991 0.881727
vt 0.475052 0.882542
vt 0.472054 0.876663
vt 0.755680 0.152374
vt 0.755407 0.152532
vt 0.754539 0.151284
vt 0.754783 0.151079
vt 0.755141 0.152686
vt 0.754302 0.151484
vt 0.756811 0.155343
vt 0.756508 0.155410
vt 0.756061 0.153909
vt 0.756353 0.153797
vt 0.756210 0.155475
vt 0.755775 0.154018
vt 0.756745 0.157033
vt 0.757051 0.157011
vt 0.756443 0.157055
vt 0.802786 0.191420
vt 0.802023 0.189892
vt 0.801746 0.190454
vt 0.800968 0.189395
vt 0.800556 0.188417
vt 0.801081 0.188456
vt 0.474571 0.883100
vt 0.475946 0.883634
vt 0.475536 0.884254
vt 0.474941 0.883975
vt 0.745879 0.155112
vt 0.746158 0.155177
vt 0.745826 0.156376
vt 0.745538 0.156331
vt 0.746438 0.155239
vt 0.746114 0.156420
vt 0.746962 0.152920
vt 0.747229 0.153003
vt 0.746584 0.154051
vt 0.746314 0.153970
vt 0.747497 0.153085
vt 0.746854 0.154131
vt 0.749117 0.151088
vt 0.749396 0.151132
vt 0.748209 0.152032
vt 0.747936 0.151969
vt 0.749653 0.151178
vt 0.748482 0.152096
vt 0.800829 0.187810
vt 0.800576 0.187675
vt 0.474863 0.884353
vt 0.474990 0.884617
vt 0.749766 0.149509
vt 0.750395 0.149035
vt 0.750525 0.149334
vt 0.750005 0.149721
vt 0.750638 0.149579
vt 0.750209 0.149902
vt 0.749626 0.150366
vt 0.749344 0.150245
vt 0.749882 0.150481
vt 0.240348 0.265535
vt 0.240348 0.266088
vt 0.240100 0.266092
vt 0.240115 0.265537
vt 0.240348 0.266642
vt 0.240078 0.266647
vt 0.239773 0.266655
vt 0.239859 0.266099
vt 0.239882 0.265544
vt 0.240349 0.276312
vt 0.239795 0.276271
vt 0.239795 0.276079
vt 0.240349 0.276079
vt 0.239240 0.276181
vt 0.239240 0.276079
vt 0.239240 0.275977
vt 0.239795 0.275887
vt 0.240349 0.275846
vt 0.239882 0.262165
vt 0.239859 0.261610
vt 0.240100 0.261617
vt 0.240115 0.262171
vt 0.239773 0.261054
vt 0.240078 0.261062
vt 0.240348 0.261066
vt 0.240348 0.261620
vt 0.240348 0.262174
vt 0.239241 0.268730
vt 0.239794 0.268728
vt 0.239794 0.268963
vt 0.239240 0.268963
vt 0.240348 0.268726
vt 0.240348 0.268963
vt 0.240348 0.269201
vt 0.239794 0.269198
vt 0.239241 0.269196
vt 0.239773 0.263294
vt 0.239773 0.263848
vt 0.239525 0.263852
vt 0.239540 0.263297
vt 0.239773 0.264402
vt 0.239503 0.264407
vt 0.239198 0.264414
vt 0.239284 0.263858
vt 0.239307 0.263303
vt 0.240349 0.277712
vt 0.239795 0.277670
vt 0.239795 0.277478
vt 0.240349 0.277478
vt 0.239240 0.277580
vt 0.239240 0.277478
vt 0.239240 0.277376
vt 0.239795 0.277287
vt 0.240349 0.277245
vt 0.240145 0.286517
vt 0.240145 0.285904
vt 0.240247 0.285904
vt 0.240247 0.286517
vt 0.240145 0.285292
vt 0.240247 0.285292
vt 0.240349 0.285292
vt 0.240349 0.285904
vt 0.240349 0.286517
vt 0.239882 0.256564
vt 0.239859 0.256009
vt 0.240100 0.256016
vt 0.240115 0.256571
vt 0.239773 0.255453
vt 0.240078 0.255461
vt 0.240348 0.255466
vt 0.240348 0.256020
vt 0.240348 0.256573
vt 0.239241 0.271106
vt 0.239794 0.271104
vt 0.239794 0.271340
vt 0.239240 0.271340
vt 0.240348 0.271102
vt 0.240348 0.271340
vt 0.240348 0.271577
vt 0.239794 0.271575
vt 0.239241 0.271573
vt 0.239431 0.248768
vt 0.239647 0.248680
vt 0.239762 0.249266
vt 0.239266 0.248933
vt 0.239880 0.248680
vt 0.240095 0.248770
vt 0.240260 0.248935
vt 0.240348 0.249151
vt 0.240348 0.249384
vt 0.240258 0.249599
vt 0.240093 0.249764
vt 0.239877 0.249852
vt 0.239643 0.249852
vt 0.239429 0.249762
vt 0.239264 0.249597
vt 0.239176 0.249381
vt 0.239176 0.249148
vt 0.239502 0.300746
vt 0.239487 0.300544
vt 0.239574 0.300557
vt 0.239587 0.300726
vt 0.239502 0.300316
vt 0.239586 0.300367
vt 0.239664 0.300418
vt 0.239654 0.300571
vt 0.239664 0.300705
vt 0.239290 0.298907
vt 0.239273 0.298602
vt 0.239377 0.298589
vt 0.239392 0.298855
vt 0.239290 0.298332
vt 0.239392 0.298353
vt 0.239487 0.298373
vt 0.239474 0.298576
vt 0.239487 0.298804
vt 0.240465 0.294234
vt 0.240465 0.294541
vt 0.240339 0.294541
vt 0.240343 0.294326
vt 0.240465 0.294847
vt 0.240343 0.294756
vt 0.240253 0.294655
vt 0.240221 0.294541
vt 0.240253 0.294426
vt 0.239653 0.294234
vt 0.239653 0.294541
vt 0.239527 0.294541
vt 0.239531 0.294326
vt 0.239653 0.294847
vt 0.239531 0.294756
vt 0.239441 0.294655
vt 0.239409 0.294541
vt 0.239441 0.294426
vt 0.240464 0.244145
vt 0.240464 0.244605
vt 0.240402 0.244605
vt 0.240402 0.244222
vt 0.240464 0.245064
vt 0.240402 0.244988
vt 0.240348 0.244911
vt 0.240348 0.244605
vt 0.240348 0.244299
vt 0.240295 0.303870
vt 0.240261 0.303695
vt 0.240348 0.303695
vt 0.240377 0.303840
vt 0.240295 0.303520
vt 0.240377 0.303550
vt 0.240452 0.303578
vt 0.240429 0.303695
vt 0.240452 0.303812
vt 0.240046 0.301282
vt 0.240030 0.301054
vt 0.240117 0.301040
vt 0.240130 0.301230
vt 0.240046 0.300851
vt 0.240130 0.300872
vt 0.240208 0.300892
vt 0.240197 0.301027
vt 0.240208 0.301179
vt 0.239734 0.300746
vt 0.239719 0.300544
vt 0.239805 0.300557
vt 0.239818 0.300726
vt 0.239734 0.300316
vt 0.239818 0.300367
vt 0.239896 0.300418
vt 0.239886 0.300571
vt 0.239896 0.300705
vt 0.240464 0.248739
vt 0.240464 0.249198
vt 0.240402 0.249198
vt 0.240402 0.248815
vt 0.240464 0.249657
vt 0.240402 0.249581
vt 0.240348 0.249504
vt 0.240348 0.249198
vt 0.240348 0.248892
vt 0.240290 0.302469
vt 0.240275 0.302241
vt 0.240361 0.302227
vt 0.240374 0.302418
vt 0.240290 0.302038
vt 0.240374 0.302059
vt 0.240452 0.302079
vt 0.240442 0.302214
vt 0.240452 0.302366
vt 0.239993 0.298907
vt 0.239976 0.298602
vt 0.240081 0.298589
vt 0.240095 0.298855
vt 0.239993 0.298332
vt 0.240095 0.298353
vt 0.240191 0.298373
vt 0.240178 0.298576
vt 0.240191 0.298804
vt 0.240238 0.297183
vt 0.240221 0.296913
vt 0.240325 0.296926
vt 0.240340 0.297162
vt 0.240237 0.296608
vt 0.240340 0.296660
vt 0.240435 0.296711
vt 0.240422 0.296940
vt 0.240435 0.297142
vt 0.240142 0.291785
vt 0.240142 0.292397
vt 0.240057 0.292397
vt 0.240057 0.291861
vt 0.240142 0.293009
vt 0.240057 0.292933
vt 0.239981 0.292856
vt 0.239981 0.292397
vt 0.239981 0.291938
vt 0.239294 0.299376
vt 0.239256 0.299142
vt 0.239360 0.299142
vt 0.239394 0.299347
vt 0.239294 0.298907
vt 0.239394 0.298937
vt 0.239487 0.298966
vt 0.239458 0.299142
vt 0.239487 0.299318
vt 0.239993 0.296034
vt 0.239976 0.295764
vt 0.240081 0.295777
vt 0.240095 0.296013
vt 0.239993 0.295459
vt 0.240095 0.295511
vt 0.240191 0.295562
vt 0.240178 0.295790
vt 0.240191 0.295993
vt 0.239658 0.293009
vt 0.239658 0.292397
vt 0.239743 0.292397
vt 0.239743 0.292933
vt 0.239658 0.291785
vt 0.239743 0.291861
vt 0.239819 0.291938
vt 0.239819 0.292397
vt 0.239819 0.292856
vt 0.239783 0.299376
vt 0.239745 0.299142
vt 0.239849 0.299142
vt 0.239883 0.299347
vt 0.239783 0.298907
vt 0.239883 0.298937
vt 0.239976 0.298966
vt 0.239947 0.299142
vt 0.239976 0.299318
vt 0.240065 0.302924
vt 0.240030 0.302749
vt 0.240117 0.302749
vt 0.240147 0.302894
vt 0.240065 0.302574
vt 0.240147 0.302604
vt 0.240222 0.302633
vt 0.240198 0.302749
vt 0.240222 0.302866
vt 0.239773 0.256573
vt 0.239540 0.256571
vt 0.239525 0.256016
vt 0.239773 0.256020
vt 0.239307 0.256564
vt 0.239284 0.256009
vt 0.239198 0.255453
vt 0.239503 0.255461
vt 0.239773 0.255466
vt 0.240349 0.279111
vt 0.240349 0.279344
vt 0.239795 0.279344
vt 0.239795 0.279152
vt 0.240349 0.279577
vt 0.239795 0.279536
vt 0.239240 0.279446
vt 0.239240 0.279344
vt 0.239240 0.279242
vt 0.239882 0.266664
vt 0.240115 0.266658
vt 0.240100 0.267212
vt 0.239859 0.267219
vt 0.240348 0.266655
vt 0.240348 0.267209
vt 0.240348 0.267762
vt 0.240078 0.267767
vt 0.239773 0.267775
vt 0.239241 0.270622
vt 0.239240 0.270389
vt 0.239794 0.270389
vt 0.239794 0.270624
vt 0.239241 0.270156
vt 0.239794 0.270154
vt 0.240348 0.270151
vt 0.240348 0.270389
vt 0.240348 0.270627
vt 0.239773 0.259934
vt 0.239540 0.259931
vt 0.239525 0.259376
vt 0.239773 0.259380
vt 0.239307 0.259925
vt 0.239284 0.259370
vt 0.239198 0.258814
vt 0.239503 0.258822
vt 0.239773 0.258826
vt 0.240349 0.282376
vt 0.240349 0.282609
vt 0.239795 0.282609
vt 0.239795 0.282417
vt 0.240349 0.282842
vt 0.239795 0.282800
vt 0.239240 0.282711
vt 0.239240 0.282609
vt 0.239240 0.282507
vt 0.240145 0.287742
vt 0.240247 0.287742
vt 0.240247 0.288354
vt 0.240145 0.288354
vt 0.240349 0.287742
vt 0.240349 0.288354
vt 0.240349 0.288967
vt 0.240247 0.288967
vt 0.240145 0.288967
vt 0.239882 0.249862
vt 0.240115 0.249855
vt 0.240100 0.250410
vt 0.239859 0.250416
vt 0.240348 0.249852
vt 0.240348 0.250406
vt 0.240348 0.250960
vt 0.240078 0.250965
vt 0.239773 0.250973
vt 0.239241 0.273949
vt 0.239240 0.273716
vt 0.239794 0.273716
vt 0.239794 0.273951
vt 0.239241 0.273483
vt 0.239794 0.273481
vt 0.240348 0.273478
vt 0.240348 0.273716
vt 0.240348 0.273954
vt 0.240348 0.244694
vt 0.240258 0.244909
vt 0.239762 0.244575
vt 0.240348 0.244460
vt 0.240093 0.245074
vt 0.239877 0.245162
vt 0.239644 0.245162
vt 0.239429 0.245071
vt 0.239264 0.244906
vt 0.239176 0.244690
vt 0.239176 0.244457
vt 0.239266 0.244242
vt 0.239431 0.244077
vt 0.239647 0.243989
vt 0.239880 0.243989
vt 0.240095 0.244079
vt 0.240260 0.244244
vt 0.239502 0.301177
vt 0.239587 0.301198
vt 0.239574 0.301366
vt 0.239487 0.301379
vt 0.239664 0.301218
vt 0.239654 0.301353
vt 0.239664 0.301505
vt 0.239586 0.301556
vt 0.239502 0.301608
vt 0.239779 0.296608
vt 0.239881 0.296660
vt 0.239866 0.296926
vt 0.239762 0.296913
vt 0.239976 0.296711
vt 0.239963 0.296940
vt 0.239976 0.297142
vt 0.239881 0.297162
vt 0.239779 0.297183
vt 0.239653 0.293622
vt 0.239531 0.293531
vt 0.239527 0.293316
vt 0.239653 0.293316
vt 0.239441 0.293430
vt 0.239409 0.293316
vt 0.239441 0.293201
vt 0.239531 0.293101
vt 0.239653 0.293009
vt 0.239976 0.295459
vt 0.239854 0.295368
vt 0.239850 0.295153
vt 0.239976 0.295153
vt 0.239764 0.295267
vt 0.239732 0.295153
vt 0.239764 0.295039
vt 0.239854 0.294938
vt 0.239976 0.294847
vt 0.240464 0.254251
vt 0.240402 0.254174
vt 0.240402 0.253792
vt 0.240464 0.253792
vt 0.240348 0.254098
vt 0.240348 0.253792
vt 0.240348 0.253485
vt 0.240402 0.253409
vt 0.240464 0.253332
vt 0.239862 0.303600
vt 0.239944 0.303630
vt 0.239915 0.303775
vt 0.239828 0.303775
vt 0.240019 0.303659
vt 0.239996 0.303775
vt 0.240019 0.303892
vt 0.239944 0.303921
vt 0.239862 0.303950
vt 0.239325 0.302077
vt 0.239409 0.302129
vt 0.239396 0.302319
vt 0.239310 0.302306
vt 0.239487 0.302180
vt 0.239477 0.302332
vt 0.239487 0.302467
vt 0.239409 0.302487
vt 0.239325 0.302508
vt 0.239502 0.302469
vt 0.239587 0.302490
vt 0.239574 0.302658
vt 0.239487 0.302671
vt 0.239664 0.302510
vt 0.239654 0.302645
vt 0.239664 0.302797
vt 0.239586 0.302848
vt 0.239502 0.302900
vt 0.240464 0.253332
vt 0.240402 0.253256
vt 0.240402 0.252873
vt 0.240464 0.252873
vt 0.240348 0.253179
vt 0.240348 0.252873
vt 0.240348 0.252567
vt 0.240402 0.252490
vt 0.240464 0.252414
vt 0.240290 0.301608
vt 0.240374 0.301659
vt 0.240361 0.301849
vt 0.240275 0.301836
vt 0.240452 0.301710
vt 0.240442 0.301863
vt 0.240452 0.301997
vt 0.240374 0.302018
vt 0.240290 0.302038
vt 0.239290 0.297758
vt 0.239392 0.297809
vt 0.239377 0.298076
vt 0.239273 0.298062
vt 0.239487 0.297860
vt 0.239474 0.298089
vt 0.239487 0.298291
vt 0.239392 0.298312
vt 0.239290 0.298332
vt 0.240238 0.298332
vt 0.240340 0.298353
vt 0.240325 0.298589
vt 0.240221 0.298602
vt 0.240435 0.298373
vt 0.240422 0.298576
vt 0.240435 0.298804
vt 0.240340 0.298855
vt 0.240237 0.298907
vt 0.239402 0.293009
vt 0.239317 0.292933
vt 0.239317 0.292397
vt 0.239402 0.292397
vt 0.239240 0.292856
vt 0.239240 0.292397
vt 0.239240 0.291938
vt 0.239317 0.291861
vt 0.239402 0.291785
vt 0.240259 0.299377
vt 0.240359 0.299406
vt 0.240325 0.299611
vt 0.240221 0.299611
vt 0.240452 0.299435
vt 0.240423 0.299611
vt 0.240452 0.299787
vt 0.240359 0.299816
vt 0.240259 0.299846
vt 0.240238 0.295459
vt 0.240340 0.295480
vt 0.240325 0.295716
vt 0.240221 0.295729
vt 0.240435 0.295500
vt 0.240422 0.295703
vt 0.240435 0.295931
vt 0.240340 0.295982
vt 0.240237 0.296034
vt 0.240145 0.290191
vt 0.240060 0.290115
vt 0.240060 0.289579
vt 0.240145 0.289579
vt 0.239983 0.290038
vt 0.239983 0.289579
vt 0.239983 0.289120
vt 0.240060 0.289043
vt 0.240145 0.288967
vt 0.240014 0.299481
vt 0.240115 0.299511
vt 0.240081 0.299716
vt 0.239976 0.299716
vt 0.240208 0.299540
vt 0.240179 0.299716
vt 0.240208 0.299892
vt 0.240115 0.299921
vt 0.240014 0.299951
vt 0.239671 0.303250
vt 0.239752 0.303280
vt 0.239723 0.303425
vt 0.239636 0.303425
vt 0.239828 0.303308
vt 0.239804 0.303425
vt 0.239828 0.303542
vt 0.239752 0.303570
vt 0.239671 0.303600
vt 0.766567 0.184077
vt 0.765440 0.185022
vt 0.765269 0.184744
vt 0.766332 0.183853
vt 0.764326 0.185514
vt 0.764262 0.185188
vt 0.764204 0.184898
vt 0.765104 0.184481
vt 0.766100 0.183633
vt 0.828912 0.192754
vt 0.830815 0.192569
vt 0.831514 0.192630
vt 0.830990 0.192891
vt 0.832676 0.191890
vt 0.832818 0.192175
vt 0.832649 0.192530
vt 0.834369 0.191217
vt 0.834220 0.191749
vt 0.834393 0.190736
vt 0.835689 0.189342
vt 0.835765 0.189916
vt 0.835659 0.190622
vt 0.832088 0.193410
vt 0.832377 0.192952
vt 0.833930 0.192344
vt 0.833546 0.192992
vt 0.835395 0.191412
vt 0.834894 0.192393
vt 0.828899 0.193725
vt 0.828904 0.193315
vt 0.830692 0.193259
vt 0.830519 0.193656
vt 0.836935 0.188394
vt 0.836874 0.189358
vt 0.836373 0.187968
vt 0.836709 0.186656
vt 0.837449 0.186990
vt 0.838071 0.187387
vt 0.837802 0.187989
vt 0.837594 0.188591
vt 0.835043 0.186835
vt 0.834757 0.186503
vt 0.835260 0.186307
vt 0.833944 0.186958
vt 0.833855 0.186447
vt 0.833933 0.186018
vt 0.831493 0.185699
vt 0.831506 0.186506
vt 0.830252 0.186561
vt 0.830253 0.185617
vt 0.831549 0.187378
vt 0.830267 0.187566
vt 0.828980 0.187637
vt 0.828994 0.186575
vt 0.829007 0.185578
vt 0.832725 0.186449
vt 0.832708 0.185821
vt 0.832793 0.187149
vt 0.832940 0.187988
vt 0.831656 0.188393
vt 0.834083 0.187591
vt 0.834434 0.188252
vt 0.833243 0.188903
vt 0.831872 0.189516
vt 0.834928 0.187300
vt 0.835421 0.187612
vt 0.830317 0.188714
vt 0.828964 0.188837
vt 0.830422 0.189965
vt 0.828947 0.190131
vt 0.833747 0.189821
vt 0.832229 0.190685
vt 0.834961 0.188867
vt 0.835662 0.188117
vt 0.830597 0.191252
vt 0.828929 0.191439
vt 0.224446 0.873939
vt 0.225522 0.873175
vt 0.225010 0.874229
vt 0.223459 0.874967
vt 0.226512 0.872776
vt 0.226465 0.873309
vt 0.226559 0.873634
vt 0.225768 0.874323
vt 0.224477 0.875487
vt 0.223649 0.875715
vt 0.222624 0.876171
vt 0.221663 0.882153
vt 0.221895 0.880279
vt 0.222190 0.880263
vt 0.221931 0.882160
vt 0.222461 0.878497
vt 0.222857 0.878443
vt 0.223220 0.878473
vt 0.222464 0.880297
vt 0.222189 0.882167
vt 0.223325 0.876890
vt 0.223902 0.876788
vt 0.225227 0.875416
vt 0.225854 0.875528
vt 0.224435 0.876790
vt 0.222678 0.877141
vt 0.221966 0.877493
vt 0.221995 0.878680
vt 0.221479 0.878937
vt 0.221547 0.880370
vt 0.221158 0.880503
vt 0.221356 0.882145
vt 0.221015 0.882136
vt 0.228470 0.874601
vt 0.228772 0.876128
vt 0.228586 0.876691
vt 0.228298 0.876413
vt 0.229023 0.877497
vt 0.228629 0.877619
vt 0.228177 0.877550
vt 0.229290 0.879919
vt 0.229333 0.881134
vt 0.228445 0.881115
vt 0.228533 0.879904
vt 0.229333 0.882359
vt 0.228382 0.882334
vt 0.227396 0.882307
vt 0.227512 0.881074
vt 0.227734 0.879854
vt 0.229195 0.878723
vt 0.228608 0.878728
vt 0.227981 0.878671
vt 0.226802 0.879727
vt 0.227228 0.878519
vt 0.225724 0.879465
vt 0.226361 0.878170
vt 0.227003 0.877021
vt 0.227616 0.877415
vt 0.227886 0.876548
vt 0.227593 0.876003
vt 0.226277 0.882277
vt 0.226447 0.880991
vt 0.225015 0.882243
vt 0.225234 0.880837
vt 0.224520 0.879028
vt 0.225422 0.877571
vt 0.226381 0.876396
vt 0.227101 0.875698
vt 0.227206 0.874887
vt 0.223643 0.882206
vt 0.223897 0.880596
vt 0.768222 0.181408
vt 0.767515 0.182829
vt 0.767241 0.182658
vt 0.767928 0.181290
vt 0.766976 0.182493
vt 0.767640 0.181175
vt 0.768921 0.178295
vt 0.768687 0.179897
vt 0.768381 0.179827
vt 0.768611 0.178273
vt 0.768081 0.179760
vt 0.768306 0.178250
vt 0.768677 0.174909
vt 0.768921 0.176606
vt 0.768614 0.176628
vt 0.768380 0.174974
vt 0.768312 0.176649
vt 0.768091 0.175036
vt 0.836933 0.190104
vt 0.836130 0.191612
vt 0.837913 0.188694
vt 0.838439 0.188669
vt 0.838001 0.189635
vt 0.837195 0.190673
vt 0.226756 0.874304
vt 0.227172 0.873450
vt 0.227781 0.873203
vt 0.228157 0.873845
vt 0.757902 0.179726
vt 0.757459 0.178486
vt 0.757751 0.178418
vt 0.758191 0.179637
vt 0.757158 0.177211
vt 0.757451 0.177164
vt 0.757743 0.177117
vt 0.758043 0.178349
vt 0.758479 0.179547
vt 0.759247 0.181984
vt 0.758453 0.180910
vt 0.758735 0.180800
vt 0.759525 0.181867
vt 0.759017 0.180691
vt 0.759802 0.181749
vt 0.761789 0.183619
vt 0.760407 0.182890
vt 0.760686 0.182784
vt 0.762071 0.183528
vt 0.760963 0.182678
vt 0.762332 0.183436
vt 0.838439 0.187927
vt 0.838182 0.188055
vt 0.227255 0.872811
vt 0.227114 0.873068
vt 0.762708 0.185133
vt 0.762917 0.184880
vt 0.763504 0.185194
vt 0.763419 0.185515
vt 0.763098 0.184666
vt 0.763581 0.184929
vt 0.762162 0.184451
vt 0.762432 0.184282
vt 0.762678 0.184124
vt 0.763036 0.167667
vt 0.762931 0.167960
vt 0.761640 0.167659
vt 0.761665 0.167347
vt 0.762825 0.168248
vt 0.761613 0.167955
vt 0.760661 0.167994
vt 0.760586 0.167726
vt 0.760498 0.167421
vt 0.826831 0.192836
vt 0.826314 0.192561
vt 0.827014 0.192518
vt 0.825182 0.192431
vt 0.825023 0.192071
vt 0.825172 0.191790
vt 0.823632 0.191608
vt 0.823497 0.191072
vt 0.822224 0.190443
vt 0.822137 0.189735
vt 0.822228 0.189163
vt 0.823487 0.190591
vt 0.825720 0.193325
vt 0.824273 0.192868
vt 0.823906 0.192210
vt 0.825443 0.192860
vt 0.822942 0.192234
vt 0.822467 0.191240
vt 0.827281 0.193613
vt 0.827119 0.193212
vt 0.821043 0.189147
vt 0.821008 0.188183
vt 0.820343 0.188361
vt 0.820151 0.187755
vt 0.819899 0.187145
vt 0.820531 0.186765
vt 0.821280 0.186450
vt 0.821581 0.187772
vt 0.822737 0.186141
vt 0.823235 0.186349
vt 0.822941 0.186674
vt 0.824072 0.185887
vt 0.824139 0.186318
vt 0.824035 0.186826
vt 0.826520 0.185633
vt 0.827761 0.185584
vt 0.827737 0.186528
vt 0.826485 0.186439
vt 0.827695 0.187532
vt 0.826419 0.187310
vt 0.825302 0.185723
vt 0.825268 0.186350
vt 0.825181 0.187048
vt 0.826285 0.188322
vt 0.825012 0.187883
vt 0.826039 0.189438
vt 0.824685 0.188789
vt 0.823512 0.188107
vt 0.823880 0.187455
vt 0.823043 0.187142
vt 0.822542 0.187441
vt 0.827615 0.188678
vt 0.827476 0.189926
vt 0.825651 0.190597
vt 0.824156 0.189694
vt 0.822968 0.188707
vt 0.822287 0.187940
vt 0.827268 0.191207
vt 0.224001 0.890505
vt 0.223071 0.889426
vt 0.224580 0.890246
vt 0.225035 0.891326
vt 0.222302 0.888179
vt 0.223301 0.888689
vt 0.224115 0.888961
vt 0.225342 0.890192
vt 0.226095 0.890923
vt 0.225984 0.891242
vt 0.226001 0.891777
vt 0.222087 0.884069
vt 0.221794 0.884038
vt 0.222363 0.884050
vt 0.223020 0.885912
vt 0.222656 0.885922
vt 0.222264 0.885848
vt 0.223611 0.887631
vt 0.223040 0.887498
vt 0.224143 0.887658
vt 0.225493 0.888994
vt 0.224860 0.889072
vt 0.221715 0.886823
vt 0.222408 0.887213
vt 0.221307 0.885356
vt 0.221808 0.885639
vt 0.221070 0.883774
vt 0.221451 0.883928
vt 0.228055 0.890060
vt 0.227980 0.888242
vt 0.228282 0.887979
vt 0.228439 0.888551
vt 0.227921 0.887100
vt 0.228375 0.887055
vt 0.228762 0.887198
vt 0.229159 0.884794
vt 0.228403 0.884768
vt 0.228379 0.883554
vt 0.229267 0.883583
vt 0.227602 0.884775
vt 0.227446 0.883544
vt 0.228414 0.885946
vt 0.229000 0.885983
vt 0.227785 0.885970
vt 0.227024 0.886081
vt 0.226665 0.884852
vt 0.227353 0.887204
vt 0.226720 0.887564
vt 0.226140 0.886383
vt 0.225574 0.885055
vt 0.227576 0.888084
vt 0.227255 0.888613
vt 0.226378 0.883571
vt 0.225158 0.883659
vt 0.225171 0.886931
vt 0.224348 0.885428
vt 0.226065 0.888156
vt 0.226746 0.888892
vt 0.226808 0.889706
vt 0.223810 0.883828
vt 0.765593 0.169289
vt 0.765384 0.169515
vt 0.764217 0.168608
vt 0.764384 0.168345
vt 0.765179 0.169735
vt 0.764056 0.168862
vt 0.767500 0.171754
vt 0.767232 0.171903
vt 0.766386 0.170615
vt 0.766628 0.170427
vt 0.766968 0.172048
vt 0.766148 0.170798
vt 0.767912 0.173377
vt 0.768199 0.173270
vt 0.767631 0.173482
vt 0.821727 0.191420
vt 0.820964 0.189892
vt 0.820687 0.190454
vt 0.819909 0.189395
vt 0.819497 0.188417
vt 0.820022 0.188456
vt 0.226327 0.890264
vt 0.227702 0.890798
vt 0.227291 0.891419
vt 0.226697 0.891140
vt 0.757087 0.174662
vt 0.757372 0.174656
vt 0.757341 0.175898
vt 0.757051 0.175924
vt 0.757656 0.174648
vt 0.757631 0.175870
vt 0.757592 0.172298
vt 0.757867 0.172312
vt 0.757505 0.173471
vt 0.757227 0.173459
vt 0.758141 0.172325
vt 0.757784 0.173481
vt 0.759186 0.170055
vt 0.759455 0.170023
vt 0.758562 0.171153
vt 0.758290 0.171160
vt 0.759708 0.169996
vt 0.758835 0.171146
vt 0.819770 0.187810
vt 0.819517 0.187675
vt 0.226619 0.891518
vt 0.226745 0.891782
vt 0.759299 0.168446
vt 0.759726 0.167813
vt 0.759939 0.168048
vt 0.759583 0.168565
vt 0.760119 0.168233
vt 0.759831 0.168666
vt 0.759438 0.169262
vt 0.759148 0.169238
vt 0.759711 0.169290
vt 0.239773 0.261054
vt 0.239773 0.261608
vt 0.239525 0.261612
vt 0.239540 0.261057
vt 0.239773 0.262162
vt 0.239503 0.262166
vt 0.239198 0.262174
vt 0.239284 0.261618
vt 0.239307 0.261063
vt 0.240349 0.280510
vt 0.239795 0.280468
vt 0.239795 0.280277
vt 0.240349 0.280277
vt 0.239240 0.280379
vt 0.239240 0.280277
vt 0.239240 0.280175
vt 0.239795 0.280085
vt 0.240349 0.280044
vt 0.239882 0.257684
vt 0.239859 0.257130
vt 0.240100 0.257136
vt 0.240115 0.257691
vt 0.239773 0.256573
vt 0.240078 0.256581
vt 0.240348 0.256586
vt 0.240348 0.257140
vt 0.240348 0.257694
vt 0.239241 0.272532
vt 0.239794 0.272530
vt 0.239794 0.272765
vt 0.239240 0.272765
vt 0.240348 0.272528
vt 0.240348 0.272765
vt 0.240348 0.273003
vt 0.239794 0.273001
vt 0.239241 0.272999
vt 0.240348 0.264414
vt 0.240348 0.264968
vt 0.240100 0.264972
vt 0.240115 0.264417
vt 0.240348 0.265522
vt 0.240078 0.265527
vt 0.239773 0.265535
vt 0.239859 0.264978
vt 0.239882 0.264424
vt 0.240349 0.278178
vt 0.239795 0.278136
vt 0.239795 0.277945
vt 0.240349 0.277945
vt 0.239240 0.278047
vt 0.239240 0.277945
vt 0.239240 0.277843
vt 0.239795 0.277753
vt 0.240349 0.277712
vt 0.240349 0.282842
vt 0.240349 0.283454
vt 0.240247 0.283454
vt 0.240247 0.282842
vt 0.240349 0.284067
vt 0.240247 0.284067
vt 0.240145 0.284067
vt 0.240145 0.283454
vt 0.240145 0.282842
vt 0.239307 0.263285
vt 0.239284 0.262730
vt 0.239525 0.262737
vt 0.239540 0.263292
vt 0.239198 0.262174
vt 0.239503 0.262182
vt 0.239773 0.262187
vt 0.239773 0.262740
vt 0.239773 0.263294
vt 0.239241 0.272057
vt 0.239794 0.272055
vt 0.239794 0.272290
vt 0.239240 0.272290
vt 0.240348 0.272053
vt 0.240348 0.272290
vt 0.240348 0.272528
vt 0.239794 0.272525
vt 0.239241 0.272523
vt 0.240093 0.246422
vt 0.240258 0.246587
vt 0.239762 0.246921
vt 0.239877 0.246334
vt 0.240348 0.246802
vt 0.240348 0.247036
vt 0.240260 0.247252
vt 0.240095 0.247417
vt 0.239880 0.247507
vt 0.239647 0.247507
vt 0.239431 0.247419
vt 0.239266 0.247254
vt 0.239176 0.247039
vt 0.239176 0.246806
vt 0.239264 0.246590
vt 0.239429 0.246425
vt 0.239644 0.246334
vt 0.240290 0.301608
vt 0.240275 0.301405
vt 0.240361 0.301419
vt 0.240374 0.301587
vt 0.240290 0.301177
vt 0.240374 0.301229
vt 0.240452 0.301280
vt 0.240442 0.301432
vt 0.240452 0.301567
vt 0.239779 0.298907
vt 0.239762 0.298602
vt 0.239866 0.298589
vt 0.239881 0.298855
vt 0.239779 0.298332
vt 0.239881 0.298353
vt 0.239976 0.298373
vt 0.239963 0.298576
vt 0.239976 0.298804
vt 0.239653 0.293622
vt 0.239653 0.293928
vt 0.239527 0.293928
vt 0.239531 0.293713
vt 0.239653 0.294234
vt 0.239531 0.294143
vt 0.239441 0.294043
vt 0.239409 0.293928
vt 0.239441 0.293814
vt 0.240221 0.294234
vt 0.240221 0.294541
vt 0.240095 0.294541
vt 0.240098 0.294326
vt 0.240221 0.294847
vt 0.240098 0.294756
vt 0.240008 0.294655
vt 0.239976 0.294541
vt 0.240008 0.294426
vt 0.240464 0.249657
vt 0.240464 0.250117
vt 0.240402 0.250117
vt 0.240402 0.249734
vt 0.240464 0.250576
vt 0.240402 0.250500
vt 0.240348 0.250423
vt 0.240348 0.250117
vt 0.240348 0.249811
vt 0.240295 0.303170
vt 0.240261 0.302994
vt 0.240348 0.302994
vt 0.240377 0.303140
vt 0.240295 0.302819
vt 0.240377 0.302849
vt 0.240452 0.302878
vt 0.240429 0.302995
vt 0.240452 0.303111
vt 0.239325 0.301647
vt 0.239310 0.301418
vt 0.239396 0.301405
vt 0.239409 0.301595
vt 0.239325 0.301216
vt 0.239409 0.301237
vt 0.239487 0.301257
vt 0.239477 0.301392
vt 0.239487 0.301544
vt 0.240046 0.301713
vt 0.240030 0.301510
vt 0.240117 0.301524
vt 0.240130 0.301692
vt 0.240046 0.301282
vt 0.240130 0.301333
vt 0.240208 0.301385
vt 0.240197 0.301537
vt 0.240208 0.301672
vt 0.240464 0.241389
vt 0.240464 0.241849
vt 0.240402 0.241849
vt 0.240402 0.241466
vt 0.240464 0.242308
vt 0.240402 0.242232
vt 0.240348 0.242155
vt 0.240348 0.241849
vt 0.240348 0.241543
vt 0.239502 0.302469
vt 0.239487 0.302241
vt 0.239574 0.302227
vt 0.239586 0.302417
vt 0.239502 0.302038
vt 0.239587 0.302059
vt 0.239664 0.302079
vt 0.239654 0.302214
vt 0.239664 0.302366
vt 0.239290 0.296608
vt 0.239273 0.296304
vt 0.239377 0.296290
vt 0.239392 0.296557
vt 0.239290 0.296034
vt 0.239392 0.296055
vt 0.239487 0.296075
vt 0.239474 0.296277
vt 0.239487 0.296506
vt 0.239993 0.297758
vt 0.239976 0.297488
vt 0.240081 0.297501
vt 0.240095 0.297737
vt 0.239993 0.297183
vt 0.240095 0.297235
vt 0.240191 0.297286
vt 0.240178 0.297514
vt 0.240191 0.297717
vt 0.240145 0.287742
vt 0.240145 0.288354
vt 0.240060 0.288354
vt 0.240060 0.287818
vt 0.240145 0.288967
vt 0.240060 0.288890
vt 0.239983 0.288813
vt 0.239983 0.288354
vt 0.239983 0.287895
vt 0.240014 0.300421
vt 0.239976 0.300186
vt 0.240081 0.300186
vt 0.240115 0.300391
vt 0.240014 0.299951
vt 0.240115 0.299981
vt 0.240208 0.300010
vt 0.240179 0.300186
vt 0.240208 0.300362
vt 0.239749 0.296034
vt 0.239732 0.295764
vt 0.239836 0.295777
vt 0.239851 0.296013
vt 0.239748 0.295459
vt 0.239851 0.295511
vt 0.239946 0.295562
vt 0.239933 0.295790
vt 0.239946 0.295993
vt 0.239983 0.287742
vt 0.239983 0.287129
vt 0.240068 0.287129
vt 0.240068 0.287665
vt 0.239983 0.286517
vt 0.240068 0.286593
vt 0.240145 0.286670
vt 0.240145 0.287129
vt 0.240145 0.287589
vt 0.240183 0.291274
vt 0.240145 0.291039
vt 0.240249 0.291039
vt 0.240283 0.291244
vt 0.240183 0.290804
vt 0.240283 0.290834
vt 0.240376 0.290863
vt 0.240347 0.291039
vt 0.240376 0.291215
vt 0.239330 0.303559
vt 0.239296 0.303384
vt 0.239383 0.303384
vt 0.239412 0.303529
vt 0.239330 0.303209
vt 0.239412 0.303238
vt 0.239487 0.303267
vt 0.239464 0.303384
vt 0.239487 0.303500
vt 0.240348 0.255453
vt 0.240115 0.255450
vt 0.240100 0.254896
vt 0.240348 0.254899
vt 0.239882 0.255444
vt 0.239859 0.254889
vt 0.239773 0.254333
vt 0.240078 0.254341
vt 0.240348 0.254346
vt 0.240349 0.278644
vt 0.240349 0.278878
vt 0.239795 0.278878
vt 0.239795 0.278686
vt 0.240349 0.279111
vt 0.239795 0.279069
vt 0.239240 0.278979
vt 0.239240 0.278878
vt 0.239240 0.278776
vt 0.239307 0.265544
vt 0.239540 0.265537
vt 0.239525 0.266092
vt 0.239284 0.266099
vt 0.239773 0.265535
vt 0.239773 0.266088
vt 0.239773 0.266642
vt 0.239503 0.266647
vt 0.239198 0.266655
vt 0.239241 0.272048
vt 0.239240 0.271815
vt 0.239794 0.271815
vt 0.239794 0.272050
vt 0.239241 0.271582
vt 0.239794 0.271580
vt 0.240348 0.271577
vt 0.240348 0.271815
vt 0.240348 0.272053
vt 0.240348 0.253213
vt 0.240115 0.253210
vt 0.240100 0.252655
vt 0.240348 0.252659
vt 0.239882 0.253204
vt 0.239859 0.252649
vt 0.239773 0.252093
vt 0.240078 0.252101
vt 0.240348 0.252105
vt 0.240349 0.280976
vt 0.240349 0.281210
vt 0.239795 0.281210
vt 0.239795 0.281018
vt 0.240349 0.281443
vt 0.239795 0.281401
vt 0.239240 0.281312
vt 0.239240 0.281210
vt 0.239240 0.281108
vt 0.240145 0.288967
vt 0.240247 0.288967
vt 0.240247 0.289579
vt 0.240145 0.289579
vt 0.240349 0.288967
vt 0.240349 0.289579
vt 0.240349 0.290192
vt 0.240247 0.290192
vt 0.240145 0.290192
vt 0.239882 0.259943
vt 0.240115 0.259937
vt 0.240100 0.260491
vt 0.239859 0.260498
vt 0.240348 0.259934
vt 0.240348 0.260488
vt 0.240348 0.261042
vt 0.240078 0.261046
vt 0.239773 0.261054
vt 0.239241 0.275375
vt 0.239240 0.275142
vt 0.239794 0.275142
vt 0.239794 0.275377
vt 0.239241 0.274909
vt 0.239794 0.274907
vt 0.240348 0.274904
vt 0.240348 0.275142
vt 0.240348 0.275379
vt 0.239431 0.248592
vt 0.239266 0.248427
vt 0.239762 0.248093
vt 0.239647 0.248680
vt 0.239176 0.248212
vt 0.239176 0.247978
vt 0.239264 0.247762
vt 0.239429 0.247598
vt 0.239644 0.247507
vt 0.239877 0.247507
vt 0.240093 0.247595
vt 0.240258 0.247760
vt 0.240348 0.247975
vt 0.240348 0.248208
vt 0.240260 0.248424
vt 0.240095 0.248589
vt 0.239880 0.248680
vt 0.239680 0.301608
vt 0.239764 0.301628
vt 0.239751 0.301797
vt 0.239664 0.301810
vt 0.239842 0.301649
vt 0.239831 0.301783
vt 0.239842 0.301936
vt 0.239764 0.301987
vt 0.239680 0.302038
vt 0.239504 0.296608
vt 0.239606 0.296660
vt 0.239591 0.296926
vt 0.239487 0.296913
vt 0.239702 0.296711
vt 0.239689 0.296940
vt 0.239702 0.297142
vt 0.239606 0.297162
vt 0.239504 0.297183
vt 0.239898 0.293622
vt 0.239776 0.293531
vt 0.239772 0.293316
vt 0.239898 0.293316
vt 0.239685 0.293430
vt 0.239653 0.293316
vt 0.239685 0.293201
vt 0.239776 0.293101
vt 0.239898 0.293009
vt 0.239487 0.295459
vt 0.239365 0.295368
vt 0.239361 0.295153
vt 0.239487 0.295153
vt 0.239275 0.295267
vt 0.239243 0.295153
vt 0.239275 0.295039
vt 0.239365 0.294938
vt 0.239487 0.294847
vt 0.240464 0.248739
vt 0.240402 0.248662
vt 0.240402 0.248279
vt 0.240464 0.248279
vt 0.240348 0.248586
vt 0.240348 0.248279
vt 0.240348 0.247973
vt 0.240402 0.247897
vt 0.240464 0.247820
vt 0.239330 0.302508
vt 0.239412 0.302538
vt 0.239383 0.302683
vt 0.239296 0.302683
vt 0.239487 0.302567
vt 0.239464 0.302683
vt 0.239487 0.302800
vt 0.239412 0.302828
vt 0.239330 0.302858
vt 0.239857 0.302038
vt 0.239941 0.302090
vt 0.239928 0.302280
vt 0.239842 0.302267
vt 0.240019 0.302141
vt 0.240009 0.302293
vt 0.240019 0.302428
vt 0.239941 0.302448
vt 0.239857 0.302469
vt 0.239680 0.301177
vt 0.239764 0.301198
vt 0.239751 0.301366
vt 0.239664 0.301379
vt 0.239842 0.301218
vt 0.239831 0.301353
vt 0.239842 0.301505
vt 0.239764 0.301556
vt 0.239680 0.301608
vt 0.240464 0.255169
vt 0.240402 0.255093
vt 0.240402 0.254710
vt 0.240464 0.254710
vt 0.240348 0.255016
vt 0.240348 0.254710
vt 0.240348 0.254404
vt 0.240402 0.254327
vt 0.240464 0.254251
vt 0.239857 0.301177
vt 0.239941 0.301228
vt 0.239928 0.301419
vt 0.239842 0.301405
vt 0.240019 0.301280
vt 0.240009 0.301432
vt 0.240019 0.301567
vt 0.239941 0.301587
vt 0.239857 0.301608
vt 0.239779 0.296034
vt 0.239881 0.296085
vt 0.239866 0.296352
vt 0.239762 0.296338
vt 0.239976 0.296136
vt 0.239963 0.296365
vt 0.239976 0.296567
vt 0.239881 0.296588
vt 0.239779 0.296608
vt 0.239504 0.297758
vt 0.239606 0.297778
vt 0.239591 0.298014
vt 0.239487 0.298028
vt 0.239702 0.297799
vt 0.239689 0.298001
vt 0.239702 0.298230
vt 0.239606 0.298281
vt 0.239504 0.298332
vt 0.240304 0.293009
vt 0.240219 0.292933
vt 0.240219 0.292397
vt 0.240304 0.292397
vt 0.240142 0.292856
vt 0.240142 0.292397
vt 0.240142 0.291938
vt 0.240219 0.291861
vt 0.240304 0.291785
vt 0.239294 0.299846
vt 0.239394 0.299876
vt 0.239360 0.300081
vt 0.239256 0.300081
vt 0.239487 0.299905
vt 0.239458 0.300081
vt 0.239487 0.300257
vt 0.239394 0.300286
vt 0.239294 0.300316
vt 0.239564 0.296034
vt 0.239667 0.296055
vt 0.239652 0.296290
vt 0.239547 0.296304
vt 0.239762 0.296075
vt 0.239749 0.296277
vt 0.239762 0.296506
vt 0.239666 0.296557
vt 0.239564 0.296608
vt 0.240465 0.293009
vt 0.240380 0.292933
vt 0.240380 0.292397
vt 0.240465 0.292397
vt 0.240304 0.292856
vt 0.240304 0.292397
vt 0.240304 0.291938
vt 0.240380 0.291861
vt 0.240465 0.291785
vt 0.239294 0.300316
vt 0.239394 0.300346
vt 0.239360 0.300550
vt 0.239256 0.300550
vt 0.239487 0.300375
vt 0.239458 0.300550
vt 0.239487 0.300726
vt 0.239394 0.300755
vt 0.239294 0.300785
vt 0.239330 0.303559
vt 0.239412 0.303589
vt 0.239383 0.303734
vt 0.239296 0.303734
vt 0.239487 0.303617
vt 0.239464 0.303734
vt 0.239487 0.303851
vt 0.239412 0.303879
vt 0.239330 0.303909
vt 0.764236 0.166723
vt 0.762905 0.167248
vt 0.762834 0.166938
vt 0.764085 0.166444
vt 0.761723 0.167347
vt 0.761765 0.167027
vt 0.761801 0.166746
vt 0.762763 0.166644
vt 0.763937 0.166171
vt 0.788329 0.923175
vt 0.786431 0.923411
vt 0.785731 0.923368
vt 0.786248 0.923093
vt 0.784590 0.924138
vt 0.784440 0.923858
vt 0.784600 0.923498
vt 0.782914 0.924856
vt 0.783049 0.924321
vt 0.782904 0.925338
vt 0.781646 0.926766
vt 0.781554 0.926194
vt 0.781641 0.925486
vt 0.785137 0.922604
vt 0.784860 0.923069
vt 0.783323 0.923719
vt 0.783690 0.923061
vt 0.781884 0.924689
vt 0.782359 0.923695
vt 0.788316 0.922204
vt 0.788322 0.922613
vt 0.786537 0.922717
vt 0.786698 0.922316
vt 0.780425 0.927746
vt 0.780460 0.926782
vt 0.780998 0.928158
vt 0.780697 0.929479
vt 0.779949 0.929164
vt 0.779316 0.928784
vt 0.779568 0.928175
vt 0.779761 0.927568
vt 0.782358 0.929255
vt 0.782652 0.929580
vt 0.782155 0.929788
vt 0.783453 0.929103
vt 0.783556 0.929611
vt 0.783489 0.930042
vt 0.785937 0.930296
vt 0.785902 0.929490
vt 0.787154 0.929401
vt 0.787179 0.930345
vt 0.785836 0.928619
vt 0.787112 0.928397
vt 0.788397 0.928292
vt 0.788411 0.929354
vt 0.788425 0.930351
vt 0.784686 0.929579
vt 0.784719 0.930206
vt 0.784599 0.928881
vt 0.784429 0.928046
vt 0.785702 0.927607
vt 0.783297 0.928474
vt 0.782929 0.927822
vt 0.784102 0.927140
vt 0.785456 0.926491
vt 0.782461 0.928787
vt 0.781959 0.928488
vt 0.787032 0.927251
vt 0.788381 0.927092
vt 0.786893 0.926003
vt 0.788364 0.925798
vt 0.783574 0.926235
vt 0.785068 0.925332
vt 0.782385 0.927222
vt 0.781704 0.927989
vt 0.786685 0.924721
vt 0.788347 0.924490
vt 0.702752 0.855769
vt 0.703829 0.855005
vt 0.703317 0.856059
vt 0.701766 0.856797
vt 0.704818 0.854606
vt 0.704772 0.855139
vt 0.704865 0.855464
vt 0.704074 0.856153
vt 0.702783 0.857317
vt 0.701955 0.857545
vt 0.700931 0.858001
vt 0.699970 0.863983
vt 0.700202 0.862109
vt 0.700496 0.862093
vt 0.700238 0.863990
vt 0.700768 0.860327
vt 0.701164 0.860273
vt 0.701526 0.860303
vt 0.700770 0.862127
vt 0.700495 0.863997
vt 0.701631 0.858720
vt 0.702209 0.858618
vt 0.703533 0.857246
vt 0.704161 0.857358
vt 0.702741 0.858620
vt 0.700985 0.858971
vt 0.700272 0.859323
vt 0.700302 0.860510
vt 0.699786 0.860766
vt 0.699854 0.862200
vt 0.699464 0.862333
vt 0.699663 0.863975
vt 0.699322 0.863966
vt 0.706776 0.856431
vt 0.707079 0.857958
vt 0.706892 0.858521
vt 0.706604 0.858243
vt 0.707329 0.859326
vt 0.706935 0.859449
vt 0.706484 0.859380
vt 0.707596 0.861749
vt 0.707639 0.862964
vt 0.706751 0.862945
vt 0.706840 0.861733
vt 0.707639 0.864189
vt 0.706689 0.864164
vt 0.705702 0.864137
vt 0.705819 0.862904
vt 0.706040 0.861684
vt 0.707501 0.860553
vt 0.706914 0.860558
vt 0.706288 0.860501
vt 0.705109 0.861557
vt 0.705534 0.860349
vt 0.704031 0.861295
vt 0.704667 0.860000
vt 0.705309 0.858851
vt 0.705923 0.859245
vt 0.706193 0.858378
vt 0.705900 0.857833
vt 0.704584 0.864107
vt 0.704754 0.862821
vt 0.703322 0.864073
vt 0.703541 0.862667
vt 0.702826 0.860858
vt 0.703728 0.859401
vt 0.704688 0.858225
vt 0.705407 0.857527
vt 0.705512 0.856717
vt 0.701950 0.864036
vt 0.702203 0.862426
vt 0.766536 0.164730
vt 0.765475 0.165842
vt 0.765271 0.165607
vt 0.766296 0.164537
vt 0.765074 0.165378
vt 0.766061 0.164349
vt 0.768071 0.162013
vt 0.767398 0.163453
vt 0.767131 0.163301
vt 0.767784 0.161904
vt 0.766869 0.163154
vt 0.767502 0.161797
vt 0.768785 0.158723
vt 0.768546 0.160412
vt 0.768247 0.160347
vt 0.768483 0.158701
vt 0.767954 0.160283
vt 0.768188 0.158681
vt 0.780381 0.926037
vt 0.781144 0.924509
vt 0.779439 0.927473
vt 0.778915 0.927512
vt 0.779327 0.926535
vt 0.780104 0.925475
vt 0.705062 0.856134
vt 0.705478 0.855280
vt 0.706087 0.855033
vt 0.706464 0.855675
vt 0.757183 0.160206
vt 0.757051 0.158906
vt 0.757349 0.158910
vt 0.757482 0.160189
vt 0.757066 0.157603
vt 0.757360 0.157628
vt 0.757654 0.157653
vt 0.757647 0.158914
vt 0.757780 0.160171
vt 0.757939 0.162695
vt 0.757430 0.161475
vt 0.757728 0.161437
vt 0.758234 0.162649
vt 0.758025 0.161398
vt 0.758529 0.162602
vt 0.759983 0.164878
vt 0.758837 0.163844
vt 0.759131 0.163810
vt 0.760271 0.164867
vt 0.759422 0.163777
vt 0.760542 0.164855
vt 0.778934 0.928254
vt 0.779188 0.928119
vt 0.705561 0.854641
vt 0.705421 0.854898
vt 0.760361 0.166497
vt 0.760629 0.166333
vt 0.761067 0.166800
vt 0.760888 0.167068
vt 0.760865 0.166193
vt 0.761220 0.166586
vt 0.760083 0.165722
vt 0.760376 0.165650
vt 0.760650 0.165579
vt 0.765411 0.149982
vt 0.765211 0.150238
vt 0.764040 0.149515
vt 0.764168 0.149219
vt 0.765014 0.150487
vt 0.763917 0.149796
vt 0.762981 0.149519
vt 0.762995 0.149228
vt 0.763010 0.148902
vt 0.790407 0.923038
vt 0.790931 0.923299
vt 0.790233 0.923360
vt 0.792066 0.923399
vt 0.792235 0.923754
vt 0.792093 0.924039
vt 0.793638 0.924180
vt 0.793787 0.924712
vt 0.795076 0.925307
vt 0.795182 0.926012
vt 0.795106 0.926587
vt 0.793810 0.925193
vt 0.791505 0.922519
vt 0.792964 0.922937
vt 0.793348 0.923585
vt 0.791794 0.922976
vt 0.794311 0.923536
vt 0.794812 0.924517
vt 0.789937 0.922273
vt 0.790109 0.922670
vt 0.796291 0.926571
vt 0.796352 0.927534
vt 0.797011 0.927338
vt 0.797220 0.927939
vt 0.797488 0.928542
vt 0.796866 0.928939
vt 0.796126 0.929273
vt 0.795790 0.927960
vt 0.794678 0.929621
vt 0.794175 0.929426
vt 0.794460 0.929093
vt 0.793350 0.929911
vt 0.793272 0.929482
vt 0.793362 0.928971
vt 0.790910 0.930230
vt 0.789670 0.930312
vt 0.789669 0.929368
vt 0.790923 0.929423
vt 0.789684 0.928362
vt 0.790966 0.928551
vt 0.792125 0.930108
vt 0.792142 0.929479
vt 0.792210 0.928780
vt 0.791073 0.927536
vt 0.792357 0.927940
vt 0.791290 0.926413
vt 0.792660 0.927026
vt 0.793851 0.927677
vt 0.793500 0.928338
vt 0.794345 0.928629
vt 0.794838 0.928317
vt 0.789734 0.927215
vt 0.789840 0.925964
vt 0.791647 0.925244
vt 0.793164 0.926108
vt 0.794379 0.927062
vt 0.795080 0.927811
vt 0.790014 0.924677
vt 0.702308 0.872335
vt 0.701378 0.871256
vt 0.702887 0.872075
vt 0.703341 0.873156
vt 0.700608 0.870009
vt 0.701607 0.870519
vt 0.702421 0.870791
vt 0.703648 0.872022
vt 0.704401 0.872753
vt 0.704290 0.873072
vt 0.704308 0.873607
vt 0.700394 0.865899
vt 0.700101 0.865867
vt 0.700670 0.865880
vt 0.701326 0.867742
vt 0.700963 0.867752
vt 0.700570 0.867677
vt 0.701918 0.869461
vt 0.701346 0.869328
vt 0.702449 0.869488
vt 0.703799 0.870824
vt 0.703167 0.870902
vt 0.700022 0.868653
vt 0.700714 0.869043
vt 0.699614 0.867185
vt 0.700115 0.867469
vt 0.699376 0.865604
vt 0.699758 0.865758
vt 0.706361 0.871890
vt 0.706287 0.870072
vt 0.706589 0.869809
vt 0.706745 0.870381
vt 0.706228 0.868930
vt 0.706682 0.868885
vt 0.707069 0.869028
vt 0.707465 0.866624
vt 0.706709 0.866598
vt 0.706686 0.865384
vt 0.707573 0.865413
vt 0.705908 0.866605
vt 0.705753 0.865374
vt 0.706720 0.867776
vt 0.707306 0.867813
vt 0.706092 0.867800
vt 0.705331 0.867911
vt 0.704971 0.866682
vt 0.705660 0.869034
vt 0.705026 0.869394
vt 0.704447 0.868213
vt 0.703880 0.866885
vt 0.705883 0.869914
vt 0.705561 0.870443
vt 0.704685 0.865401
vt 0.703465 0.865489
vt 0.703477 0.868761
vt 0.702654 0.867258
vt 0.704372 0.869986
vt 0.705053 0.870722
vt 0.705114 0.871536
vt 0.702116 0.865658
vt 0.767414 0.152374
vt 0.767142 0.152532
vt 0.766273 0.151284
vt 0.766518 0.151079
vt 0.766875 0.152686
vt 0.766036 0.151484
vt 0.768546 0.155343
vt 0.768242 0.155410
vt 0.767795 0.153909
vt 0.768087 0.153797
vt 0.767945 0.155475
vt 0.767509 0.154018
vt 0.768479 0.157034
vt 0.768785 0.157011
vt 0.768177 0.157055
vt 0.795547 0.924317
vt 0.796350 0.925825
vt 0.796612 0.925255
vt 0.797418 0.926293
vt 0.797856 0.927259
vt 0.797330 0.927235
vt 0.704633 0.872094
vt 0.706008 0.872628
vt 0.705598 0.873249
vt 0.705003 0.872970
vt 0.757614 0.155113
vt 0.757893 0.155177
vt 0.757560 0.156376
vt 0.757272 0.156331
vt 0.758172 0.155240
vt 0.757848 0.156420
vt 0.758696 0.152920
vt 0.758964 0.153003
vt 0.758318 0.154051
vt 0.758048 0.153970
vt 0.759231 0.153086
vt 0.758588 0.154131
vt 0.760851 0.151088
vt 0.761130 0.151132
vt 0.759943 0.152032
vt 0.759670 0.151969
vt 0.761388 0.151178
vt 0.760217 0.152096
vt 0.797599 0.927874
vt 0.797856 0.928002
vt 0.704925 0.873348
vt 0.705052 0.873612
vt 0.761500 0.149509
vt 0.762130 0.149035
vt 0.762259 0.149334
vt 0.761739 0.149721
vt 0.762372 0.149579
vt 0.761943 0.149902
vt 0.761361 0.150366
vt 0.761078 0.150245
vt 0.761616 0.150481
vt 0.240348 0.257694
vt 0.240348 0.258247
vt 0.240100 0.258251
vt 0.240115 0.257696
vt 0.240348 0.258801
vt 0.240078 0.258806
vt 0.239773 0.258814
vt 0.239859 0.258258
vt 0.239882 0.257703
vt 0.240349 0.275846
vt 0.239795 0.275804
vt 0.239795 0.275613
vt 0.240349 0.275613
vt 0.239240 0.275715
vt 0.239240 0.275613
vt 0.239240 0.275511
vt 0.239795 0.275421
vt 0.240349 0.275379
vt 0.239882 0.259925
vt 0.239859 0.259370
vt 0.240100 0.259376
vt 0.240115 0.259931
vt 0.239773 0.258814
vt 0.240078 0.258822
vt 0.240348 0.258826
vt 0.240348 0.259380
vt 0.240348 0.259934
vt 0.239241 0.268255
vt 0.239794 0.268253
vt 0.239794 0.268488
vt 0.239240 0.268488
vt 0.240348 0.268250
vt 0.240348 0.268488
vt 0.240348 0.268726
vt 0.239794 0.268723
vt 0.239241 0.268721
vt 0.240348 0.262174
vt 0.240348 0.262728
vt 0.240100 0.262732
vt 0.240115 0.262177
vt 0.240348 0.263282
vt 0.240078 0.263286
vt 0.239773 0.263294
vt 0.239859 0.262738
vt 0.239882 0.262183
vt 0.240349 0.281909
vt 0.239795 0.281868
vt 0.239795 0.281676
vt 0.240349 0.281676
vt 0.239240 0.281778
vt 0.239240 0.281676
vt 0.239240 0.281574
vt 0.239795 0.281484
vt 0.240349 0.281443
vt 0.240349 0.284067
vt 0.240349 0.284679
vt 0.240247 0.284679
vt 0.240247 0.284067
vt 0.240349 0.285292
vt 0.240247 0.285292
vt 0.240145 0.285292
vt 0.240145 0.284679
vt 0.240145 0.284067
vt 0.239882 0.254324
vt 0.239859 0.253769
vt 0.240100 0.253776
vt 0.240115 0.254330
vt 0.239773 0.253213
vt 0.240078 0.253221
vt 0.240348 0.253225
vt 0.240348 0.253779
vt 0.240348 0.254333
vt 0.239241 0.273958
vt 0.239794 0.273956
vt 0.239794 0.274191
vt 0.239240 0.274191
vt 0.240348 0.273954
vt 0.240348 0.274191
vt 0.240348 0.274429
vt 0.239794 0.274427
vt 0.239241 0.274424
vt 0.239264 0.240726
vt 0.239429 0.240561
vt 0.239762 0.241057
vt 0.239176 0.240942
vt 0.239644 0.240471
vt 0.239877 0.240471
vt 0.240093 0.240559
vt 0.240258 0.240724
vt 0.240348 0.240939
vt 0.240348 0.241172
vt 0.240260 0.241388
vt 0.240095 0.241553
vt 0.239880 0.241643
vt 0.239647 0.241643
vt 0.239431 0.241555
vt 0.239266 0.241390
vt 0.239176 0.241175
vt 0.239857 0.302038
vt 0.239842 0.301836
vt 0.239928 0.301849
vt 0.239941 0.302018
vt 0.239857 0.301608
vt 0.239941 0.301659
vt 0.240019 0.301710
vt 0.240009 0.301863
vt 0.240019 0.301997
vt 0.239290 0.297183
vt 0.239273 0.296878
vt 0.239377 0.296865
vt 0.239392 0.297132
vt 0.239290 0.296608
vt 0.239392 0.296629
vt 0.239487 0.296649
vt 0.239474 0.296852
vt 0.239487 0.297080
vt 0.240142 0.293009
vt 0.240142 0.293316
vt 0.240016 0.293316
vt 0.240020 0.293101
vt 0.240142 0.293622
vt 0.240020 0.293531
vt 0.239930 0.293430
vt 0.239898 0.293316
vt 0.239930 0.293201
vt 0.240221 0.294847
vt 0.240221 0.295153
vt 0.240095 0.295153
vt 0.240098 0.294938
vt 0.240221 0.295459
vt 0.240098 0.295368
vt 0.240008 0.295267
vt 0.239976 0.295153
vt 0.240008 0.295039
vt 0.240464 0.242308
vt 0.240464 0.242767
vt 0.240402 0.242767
vt 0.240402 0.242385
vt 0.240464 0.243227
vt 0.240402 0.243150
vt 0.240348 0.243074
vt 0.240348 0.242767
vt 0.240348 0.242461
vt 0.239330 0.303209
vt 0.239296 0.303033
vt 0.239383 0.303033
vt 0.239412 0.303179
vt 0.239330 0.302858
vt 0.239412 0.302888
vt 0.239487 0.302917
vt 0.239464 0.303033
vt 0.239487 0.303150
vt 0.239983 0.290622
vt 0.239967 0.290394
vt 0.240054 0.290380
vt 0.240067 0.290571
vt 0.239983 0.290191
vt 0.240067 0.290212
vt 0.240145 0.290232
vt 0.240134 0.290367
vt 0.240145 0.290520
vt 0.239502 0.301177
vt 0.239487 0.300975
vt 0.239574 0.300988
vt 0.239587 0.301156
vt 0.239502 0.300746
vt 0.239586 0.300798
vt 0.239664 0.300849
vt 0.239654 0.301001
vt 0.239664 0.301136
vt 0.240464 0.246901
vt 0.240464 0.247361
vt 0.240402 0.247361
vt 0.240402 0.246978
vt 0.240464 0.247820
vt 0.240402 0.247744
vt 0.240348 0.247667
vt 0.240348 0.247361
vt 0.240348 0.247055
vt 0.240046 0.300851
vt 0.240030 0.300623
vt 0.240117 0.300610
vt 0.240130 0.300800
vt 0.240046 0.300421
vt 0.240130 0.300441
vt 0.240208 0.300462
vt 0.240197 0.300596
vt 0.240208 0.300749
vt 0.239504 0.298907
vt 0.239487 0.298602
vt 0.239591 0.298589
vt 0.239606 0.298855
vt 0.239504 0.298332
vt 0.239606 0.298353
vt 0.239702 0.298373
vt 0.239689 0.298576
vt 0.239702 0.298804
vt 0.239993 0.299481
vt 0.239976 0.299212
vt 0.240081 0.299225
vt 0.240095 0.299461
vt 0.239993 0.298907
vt 0.240095 0.298958
vt 0.240191 0.299010
vt 0.240178 0.299238
vt 0.240191 0.299440
vt 0.239402 0.293009
vt 0.239402 0.293622
vt 0.239317 0.293622
vt 0.239317 0.293086
vt 0.239402 0.294234
vt 0.239317 0.294158
vt 0.239240 0.294081
vt 0.239240 0.293622
vt 0.239240 0.293163
vt 0.239525 0.299376
vt 0.239487 0.299142
vt 0.239592 0.299142
vt 0.239626 0.299347
vt 0.239525 0.298907
vt 0.239626 0.298937
vt 0.239719 0.298966
vt 0.239690 0.299142
vt 0.239719 0.299318
vt 0.239204 0.294809
vt 0.239187 0.294539
vt 0.239292 0.294552
vt 0.239307 0.294788
vt 0.239204 0.294234
vt 0.239306 0.294286
vt 0.239402 0.294337
vt 0.239389 0.294565
vt 0.239402 0.294768
vt 0.239563 0.291785
vt 0.239563 0.292397
vt 0.239478 0.292397
vt 0.239478 0.291861
vt 0.239563 0.293009
vt 0.239478 0.292933
vt 0.239402 0.292856
vt 0.239402 0.292397
vt 0.239402 0.291938
vt 0.239783 0.299846
vt 0.239745 0.299611
vt 0.239849 0.299611
vt 0.239883 0.299816
vt 0.239783 0.299376
vt 0.239883 0.299406
vt 0.239976 0.299435
vt 0.239947 0.299611
vt 0.239976 0.299787
vt 0.240295 0.302819
vt 0.240261 0.302644
vt 0.240348 0.302644
vt 0.240377 0.302790
vt 0.240295 0.302469
vt 0.240377 0.302499
vt 0.240452 0.302528
vt 0.240429 0.302644
vt 0.240452 0.302761
vt 0.239773 0.254333
vt 0.239540 0.254330
vt 0.239525 0.253776
vt 0.239773 0.253779
vt 0.239307 0.254324
vt 0.239284 0.253769
vt 0.239198 0.253213
vt 0.239503 0.253221
vt 0.239773 0.253225
vt 0.240349 0.279577
vt 0.240349 0.279810
vt 0.239795 0.279810
vt 0.239795 0.279619
vt 0.240349 0.280044
vt 0.239795 0.280002
vt 0.239240 0.279912
vt 0.239240 0.279810
vt 0.239240 0.279709
vt 0.239882 0.250982
vt 0.240115 0.250975
vt 0.240100 0.251530
vt 0.239859 0.251537
vt 0.240348 0.250973
vt 0.240348 0.251526
vt 0.240348 0.252080
vt 0.240078 0.252085
vt 0.239773 0.252093
vt 0.239241 0.271098
vt 0.239240 0.270864
vt 0.239794 0.270864
vt 0.239794 0.271100
vt 0.239241 0.270631
vt 0.239794 0.270629
vt 0.240348 0.270627
vt 0.240348 0.270864
vt 0.240348 0.271102
vt 0.239773 0.267775
vt 0.239540 0.267772
vt 0.239525 0.267217
vt 0.239773 0.267221
vt 0.239307 0.267766
vt 0.239284 0.267211
vt 0.239198 0.266655
vt 0.239503 0.266663
vt 0.239773 0.266667
vt 0.240349 0.281909
vt 0.240349 0.282142
vt 0.239795 0.282142
vt 0.239795 0.281951
vt 0.240349 0.282376
vt 0.239795 0.282334
vt 0.239240 0.282244
vt 0.239240 0.282142
vt 0.239240 0.282041
vt 0.240145 0.286517
vt 0.240247 0.286517
vt 0.240247 0.287129
vt 0.240145 0.287129
vt 0.240349 0.286517
vt 0.240349 0.287129
vt 0.240349 0.287742
vt 0.240247 0.287742
vt 0.240145 0.287742
vt 0.239307 0.252102
vt 0.239540 0.252096
vt 0.239525 0.252650
vt 0.239284 0.252657
vt 0.239773 0.252093
vt 0.239773 0.252647
vt 0.239773 0.253200
vt 0.239503 0.253205
vt 0.239198 0.253213
vt 0.239241 0.273474
vt 0.239240 0.273241
vt 0.239794 0.273241
vt 0.239794 0.273476
vt 0.239241 0.273007
vt 0.239794 0.273005
vt 0.240348 0.273003
vt 0.240348 0.273241
vt 0.240348 0.273478
vt 0.239880 0.242816
vt 0.239647 0.242816
vt 0.239762 0.242230
vt 0.240095 0.242726
vt 0.239431 0.242728
vt 0.239266 0.242563
vt 0.239176 0.242348
vt 0.239176 0.242115
vt 0.239264 0.241899
vt 0.239429 0.241734
vt 0.239644 0.241643
vt 0.239877 0.241643
vt 0.240093 0.241731
vt 0.240258 0.241896
vt 0.240348 0.242111
vt 0.240348 0.242345
vt 0.240260 0.242561
vt 0.239983 0.290622
vt 0.240067 0.290643
vt 0.240054 0.290811
vt 0.239967 0.290824
vt 0.240145 0.290663
vt 0.240134 0.290798
vt 0.240145 0.290950
vt 0.240067 0.291001
vt 0.239983 0.291053
vt 0.239290 0.295459
vt 0.239392 0.295511
vt 0.239377 0.295777
vt 0.239273 0.295764
vt 0.239487 0.295562
vt 0.239474 0.295790
vt 0.239487 0.295993
vt 0.239392 0.296013
vt 0.239290 0.296034
vt 0.240389 0.290804
vt 0.240267 0.290713
vt 0.240263 0.290498
vt 0.240389 0.290498
vt 0.240177 0.290612
vt 0.240145 0.290498
vt 0.240177 0.290383
vt 0.240267 0.290283
vt 0.240389 0.290192
vt 0.240465 0.295459
vt 0.240343 0.295368
vt 0.240339 0.295153
vt 0.240465 0.295153
vt 0.240253 0.295267
vt 0.240221 0.295153
vt 0.240253 0.295039
vt 0.240343 0.294938
vt 0.240465 0.294847
vt 0.240464 0.246901
vt 0.240402 0.246825
vt 0.240402 0.246442
vt 0.240464 0.246442
vt 0.240348 0.246748
vt 0.240348 0.246442
vt 0.240348 0.246136
vt 0.240402 0.246059
vt 0.240464 0.245983
vt 0.240065 0.302924
vt 0.240147 0.302954
vt 0.240117 0.303099
vt 0.240030 0.303099
vt 0.240222 0.302983
vt 0.240198 0.303099
vt 0.240222 0.303216
vt 0.240147 0.303245
vt 0.240065 0.303275
vt 0.240290 0.300746
vt 0.240374 0.300798
vt 0.240361 0.300988
vt 0.240275 0.300975
vt 0.240452 0.300849
vt 0.240442 0.301001
vt 0.240452 0.301136
vt 0.240374 0.301156
vt 0.240290 0.301177
vt 0.239857 0.300746
vt 0.239941 0.300767
vt 0.239928 0.300935
vt 0.239842 0.300949
vt 0.240019 0.300787
vt 0.240009 0.300922
vt 0.240019 0.301074
vt 0.239941 0.301125
vt 0.239857 0.301177
vt 0.240464 0.241389
vt 0.240402 0.241313
vt 0.240402 0.240930
vt 0.240464 0.240930
vt 0.240348 0.241236
vt 0.240348 0.240930
vt 0.240348 0.240624
vt 0.240402 0.240547
vt 0.240464 0.240471
vt 0.239502 0.301608
vt 0.239586 0.301659
vt 0.239574 0.301849
vt 0.239487 0.301836
vt 0.239664 0.301710
vt 0.239654 0.301863
vt 0.239664 0.301997
vt 0.239587 0.302018
vt 0.239502 0.302038
vt 0.239993 0.296608
vt 0.240095 0.296660
vt 0.240081 0.296926
vt 0.239976 0.296913
vt 0.240191 0.296711
vt 0.240178 0.296940
vt 0.240191 0.297142
vt 0.240095 0.297162
vt 0.239993 0.297183
vt 0.239779 0.297183
vt 0.239881 0.297204
vt 0.239866 0.297440
vt 0.239762 0.297453
vt 0.239976 0.297224
vt 0.239963 0.297426
vt 0.239976 0.297655
vt 0.239881 0.297706
vt 0.239779 0.297758
vt 0.240465 0.294234
vt 0.240380 0.294158
vt 0.240380 0.293622
vt 0.240465 0.293622
vt 0.240304 0.294081
vt 0.240304 0.293622
vt 0.240304 0.293163
vt 0.240380 0.293086
vt 0.240465 0.293009
vt 0.240259 0.298907
vt 0.240359 0.298937
vt 0.240325 0.299142
vt 0.240221 0.299142
vt 0.240452 0.298966
vt 0.240423 0.299142
vt 0.240452 0.299318
vt 0.240359 0.299347
vt 0.240259 0.299377
vt 0.239504 0.295459
vt 0.239606 0.295480
vt 0.239591 0.295716
vt 0.239487 0.295729
vt 0.239702 0.295500
vt 0.239689 0.295703
vt 0.239702 0.295931
vt 0.239606 0.295982
vt 0.239504 0.296034
vt 0.240145 0.284067
vt 0.240060 0.283990
vt 0.240060 0.283454
vt 0.240145 0.283454
vt 0.239983 0.283914
vt 0.239983 0.283454
vt 0.239983 0.282995
vt 0.240060 0.282919
vt 0.240145 0.282842
vt 0.239525 0.299846
vt 0.239626 0.299876
vt 0.239592 0.300081
vt 0.239487 0.300081
vt 0.239719 0.299905
vt 0.239690 0.300081
vt 0.239719 0.300257
vt 0.239626 0.300286
vt 0.239525 0.300316
vt 0.240295 0.303170
vt 0.240377 0.303199
vt 0.240348 0.303345
vt 0.240261 0.303345
vt 0.240452 0.303228
vt 0.240429 0.303345
vt 0.240452 0.303461
vt 0.240377 0.303490
vt 0.240295 0.303520
vt 0.453868 0.727305
vt 0.452618 0.727325
vt 0.452632 0.727110
vt 0.453851 0.727098
vt 0.453832 0.726691
vt 0.452646 0.726696
vt 0.452649 0.726493
vt 0.453827 0.726491
vt 0.452650 0.726292
vt 0.453825 0.726293
vt 0.452647 0.726091
vt 0.453827 0.726093
vt 0.452642 0.725889
vt 0.453832 0.725891
vt 0.452634 0.725685
vt 0.453837 0.725689
vt 0.452623 0.725477
vt 0.453846 0.725482
vt 0.452606 0.725263
vt 0.453861 0.725272
vt 0.452583 0.725040
vt 0.453885 0.725054
vt 0.452553 0.724803
vt 0.453923 0.724822
vt 0.452520 0.724549
vt 0.453980 0.724565
vt 0.453997 0.727996
vt 0.452535 0.728050
vt 0.452569 0.727789
vt 0.453937 0.727747
vt 0.452597 0.727550
vt 0.453895 0.727520
vt 0.453840 0.726894
vt 0.452640 0.726901
vt 0.239294 0.287666
vt 0.239240 0.287535
vt 0.239240 0.287394
vt 0.239294 0.287263
vt 0.239394 0.287163
vt 0.239525 0.287109
vt 0.239667 0.287109
vt 0.239797 0.287163
vt 0.239897 0.287263
vt 0.239951 0.287394
vt 0.239951 0.287535
vt 0.239897 0.287666
vt 0.239797 0.287766
vt 0.239667 0.287820
vt 0.239525 0.287820
vt 0.239395 0.287766
vt 0.453963 0.726887
vt 0.453976 0.727089
vt 0.454088 0.726881
vt 0.454099 0.727079
vt 0.454236 0.726875
vt 0.454234 0.727069
vt 0.452416 0.727096
vt 0.452430 0.726891
vt 0.452230 0.727080
vt 0.452244 0.726881
vt 0.452082 0.727068
vt 0.452083 0.726872
vt 0.453953 0.726687
vt 0.454080 0.726681
vt 0.454220 0.726676
vt 0.452440 0.726689
vt 0.452253 0.726681
vt 0.452101 0.726674
vt 0.453948 0.726490
vt 0.454072 0.726488
vt 0.454204 0.726484
vt 0.452444 0.726492
vt 0.452260 0.726488
vt 0.452117 0.726484
vt 0.453946 0.726293
vt 0.454071 0.726295
vt 0.454209 0.726294
vt 0.452444 0.726294
vt 0.452262 0.726295
vt 0.452112 0.726295
vt 0.453949 0.726094
vt 0.454074 0.726098
vt 0.454217 0.726099
vt 0.452441 0.726095
vt 0.452258 0.726100
vt 0.452103 0.726102
vt 0.453955 0.725893
vt 0.454078 0.725897
vt 0.454228 0.725900
vt 0.452433 0.725895
vt 0.452252 0.725901
vt 0.452092 0.725906
vt 0.453960 0.725692
vt 0.454087 0.725697
vt 0.454223 0.725703
vt 0.452425 0.725694
vt 0.452242 0.725706
vt 0.452097 0.725712
vt 0.453970 0.725490
vt 0.454099 0.725499
vt 0.454244 0.725509
vt 0.452412 0.725494
vt 0.452226 0.725513
vt 0.452078 0.725526
vt 0.453988 0.725286
vt 0.454115 0.725300
vt 0.454248 0.725315
vt 0.452389 0.725290
vt 0.452202 0.725317
vt 0.452052 0.725340
vt 0.454018 0.725077
vt 0.454145 0.725103
vt 0.454282 0.725131
vt 0.452354 0.725077
vt 0.452164 0.725119
vt 0.452013 0.725155
vt 0.454065 0.724857
vt 0.454199 0.724899
vt 0.454337 0.724950
vt 0.452308 0.724852
vt 0.452107 0.724915
vt 0.451955 0.724972
vt 0.454145 0.724612
vt 0.454293 0.724687
vt 0.454417 0.724776
vt 0.452237 0.724603
vt 0.452012 0.724700
vt 0.451873 0.724797
vt 0.454074 0.727710
vt 0.454159 0.727947
vt 0.454204 0.727668
vt 0.454297 0.727869
vt 0.454334 0.727619
vt 0.454417 0.727782
vt 0.452246 0.727993
vt 0.452321 0.727740
vt 0.452027 0.727888
vt 0.452121 0.727679
vt 0.451890 0.727792
vt 0.451975 0.727624
vt 0.454025 0.727497
vt 0.454153 0.727471
vt 0.454282 0.727444
vt 0.452368 0.727516
vt 0.452174 0.727478
vt 0.452030 0.727446
vt 0.453994 0.727292
vt 0.454120 0.727276
vt 0.454261 0.727257
vt 0.452398 0.727304
vt 0.452209 0.727279
vt 0.452054 0.727257
vt 0.239667 0.290665
vt 0.239525 0.290665
vt 0.239395 0.290611
vt 0.239294 0.290511
vt 0.239240 0.290380
vt 0.239240 0.290238
vt 0.239294 0.290108
vt 0.239395 0.290008
vt 0.239525 0.289954
vt 0.239667 0.289954
vt 0.239797 0.290008
vt 0.239897 0.290108
vt 0.239951 0.290238
vt 0.239952 0.290380
vt 0.239897 0.290511
vt 0.239797 0.290611
vt 0.675601 0.239218
vt 0.674352 0.239210
vt 0.674367 0.239001
vt 0.675585 0.239006
vt 0.675567 0.238595
vt 0.674381 0.238593
vt 0.674384 0.238393
vt 0.675562 0.238392
vt 0.674385 0.238194
vt 0.675559 0.238192
vt 0.674381 0.237995
vt 0.675561 0.237989
vt 0.674374 0.237795
vt 0.675564 0.237785
vt 0.674366 0.237595
vt 0.675569 0.237579
vt 0.674353 0.237391
vt 0.675577 0.237368
vt 0.674333 0.237183
vt 0.675589 0.237152
vt 0.674303 0.236967
vt 0.675607 0.236926
vt 0.674259 0.236738
vt 0.675633 0.236686
vt 0.674199 0.236487
vt 0.675663 0.236425
vt 0.675691 0.239927
vt 0.674233 0.239916
vt 0.674291 0.239659
vt 0.675655 0.239674
vt 0.674329 0.239428
vt 0.675624 0.239440
vt 0.675574 0.238799
vt 0.674376 0.238797
vt 0.239295 0.289799
vt 0.239240 0.289669
vt 0.239240 0.289527
vt 0.239294 0.289397
vt 0.239394 0.289297
vt 0.239525 0.289242
vt 0.239667 0.289242
vt 0.239797 0.289297
vt 0.239897 0.289397
vt 0.239952 0.289527
vt 0.239952 0.289669
vt 0.239897 0.289799
vt 0.239797 0.289899
vt 0.239667 0.289954
vt 0.239525 0.289954
vt 0.239395 0.289899
vt 0.675783 0.238787
vt 0.675798 0.238990
vt 0.675968 0.238777
vt 0.675982 0.238973
vt 0.676127 0.238767
vt 0.676129 0.238961
vt 0.674241 0.238994
vt 0.674252 0.238791
vt 0.674116 0.238985
vt 0.674126 0.238785
vt 0.673980 0.238977
vt 0.673977 0.238780
vt 0.675773 0.238587
vt 0.675958 0.238578
vt 0.676110 0.238571
vt 0.674260 0.238590
vt 0.674132 0.238585
vt 0.673992 0.238580
vt 0.675768 0.238390
vt 0.675951 0.238385
vt 0.676094 0.238382
vt 0.674264 0.238392
vt 0.674139 0.238391
vt 0.674007 0.238388
vt 0.675766 0.238192
vt 0.675949 0.238193
vt 0.676100 0.238193
vt 0.674264 0.238196
vt 0.674140 0.238198
vt 0.674001 0.238197
vt 0.675769 0.237992
vt 0.675953 0.237996
vt 0.676109 0.237999
vt 0.674260 0.237998
vt 0.674135 0.238002
vt 0.673994 0.238003
vt 0.675774 0.237789
vt 0.675958 0.237795
vt 0.676121 0.237800
vt 0.674252 0.237799
vt 0.674130 0.237803
vt 0.673983 0.237807
vt 0.675780 0.237586
vt 0.675968 0.237595
vt 0.676117 0.237602
vt 0.674245 0.237600
vt 0.674120 0.237607
vt 0.673988 0.237613
vt 0.675791 0.237382
vt 0.675980 0.237396
vt 0.676138 0.237408
vt 0.674231 0.237402
vt 0.674105 0.237415
vt 0.673969 0.237425
vt 0.675810 0.237174
vt 0.676000 0.237197
vt 0.676146 0.237215
vt 0.674207 0.237200
vt 0.674082 0.237219
vt 0.673944 0.237237
vt 0.675839 0.236959
vt 0.676032 0.236998
vt 0.676183 0.237031
vt 0.674172 0.236993
vt 0.674046 0.237022
vt 0.673908 0.237053
vt 0.675883 0.236731
vt 0.676086 0.236792
vt 0.676239 0.236847
vt 0.674120 0.236775
vt 0.673988 0.236820
vt 0.673851 0.236873
vt 0.675951 0.236478
vt 0.676179 0.236574
vt 0.676320 0.236670
vt 0.674037 0.236536
vt 0.673891 0.236612
vt 0.673769 0.236702
vt 0.675897 0.239623
vt 0.675973 0.239869
vt 0.676093 0.239562
vt 0.676186 0.239766
vt 0.676235 0.239507
vt 0.676320 0.239671
vt 0.674068 0.239868
vt 0.674150 0.239624
vt 0.673925 0.239790
vt 0.674017 0.239583
vt 0.673801 0.239702
vt 0.673884 0.239535
vt 0.675849 0.239404
vt 0.676039 0.239365
vt 0.676181 0.239333
vt 0.674197 0.239407
vt 0.674067 0.239383
vt 0.673935 0.239357
vt 0.675818 0.239196
vt 0.676004 0.239170
vt 0.676157 0.239148
vt 0.674225 0.239199
vt 0.674098 0.239184
vt 0.673954 0.239167
vt 0.239951 0.283268
vt 0.239897 0.283399
vt 0.239797 0.283499
vt 0.239667 0.283553
vt 0.239525 0.283553
vt 0.239394 0.283499
vt 0.239294 0.283399
vt 0.239240 0.283268
vt 0.239240 0.283127
vt 0.239294 0.282996
vt 0.239395 0.282896
vt 0.239525 0.282842
vt 0.239667 0.282842
vt 0.239797 0.282896
vt 0.239897 0.282996
vt 0.239951 0.283127
vt 0.237556 0.725341
vt 0.237560 0.718476
vt 0.237781 0.718495
vt 0.237776 0.725322
vt 0.238209 0.725302
vt 0.238215 0.718516
vt 0.238430 0.718522
vt 0.238424 0.725297
vt 0.238643 0.718523
vt 0.238638 0.725295
vt 0.238858 0.718520
vt 0.238853 0.725299
vt 0.239073 0.718514
vt 0.239069 0.725305
vt 0.239288 0.718506
vt 0.239286 0.725313
vt 0.239506 0.718492
vt 0.239505 0.725326
vt 0.239728 0.718473
vt 0.239727 0.725345
vt 0.239954 0.718445
vt 0.239954 0.725372
vt 0.240189 0.718410
vt 0.240188 0.725406
vt 0.240432 0.718374
vt 0.240432 0.725444
vt 0.236854 0.725442
vt 0.236855 0.718373
vt 0.237100 0.718413
vt 0.237097 0.725403
vt 0.237334 0.718448
vt 0.237330 0.725368
vt 0.237993 0.725310
vt 0.237999 0.718508
vt 0.239294 0.289088
vt 0.239240 0.288958
vt 0.239240 0.288816
vt 0.239294 0.288686
vt 0.239394 0.288585
vt 0.239525 0.288531
vt 0.239667 0.288531
vt 0.239797 0.288585
vt 0.239897 0.288685
vt 0.239951 0.288816
vt 0.239951 0.288958
vt 0.239897 0.289088
vt 0.239797 0.289188
vt 0.239667 0.289242
vt 0.239525 0.289242
vt 0.239395 0.289188
vt 0.238006 0.725529
vt 0.237794 0.725544
vt 0.238015 0.725722
vt 0.237810 0.725735
vt 0.238023 0.725890
vt 0.237820 0.725887
vt 0.237799 0.718273
vt 0.238012 0.718288
vt 0.237816 0.718082
vt 0.238022 0.718095
vt 0.237827 0.717929
vt 0.238030 0.717927
vt 0.238217 0.725519
vt 0.238225 0.725714
vt 0.238231 0.725875
vt 0.238223 0.718299
vt 0.238232 0.718104
vt 0.238238 0.717943
vt 0.238426 0.725515
vt 0.238430 0.725709
vt 0.238432 0.725861
vt 0.238432 0.718304
vt 0.238437 0.718110
vt 0.238440 0.717958
vt 0.238637 0.725514
vt 0.238635 0.725708
vt 0.238633 0.725868
vt 0.238642 0.718305
vt 0.238642 0.718111
vt 0.238641 0.717952
vt 0.238849 0.725518
vt 0.238844 0.725713
vt 0.238840 0.725878
vt 0.238854 0.718302
vt 0.238850 0.718108
vt 0.238847 0.717944
vt 0.239062 0.725526
vt 0.239056 0.725719
vt 0.239051 0.725891
vt 0.239066 0.718295
vt 0.239060 0.718103
vt 0.239057 0.717933
vt 0.239276 0.725534
vt 0.239265 0.725728
vt 0.239259 0.725884
vt 0.239277 0.718287
vt 0.239266 0.718095
vt 0.239262 0.717943
vt 0.239487 0.725547
vt 0.239471 0.725740
vt 0.239459 0.725902
vt 0.239487 0.718273
vt 0.239468 0.718081
vt 0.239456 0.717928
vt 0.239699 0.725569
vt 0.239674 0.725761
vt 0.239656 0.725909
vt 0.239697 0.718249
vt 0.239670 0.718058
vt 0.239648 0.717905
vt 0.239913 0.725602
vt 0.239873 0.725794
vt 0.239840 0.725943
vt 0.239913 0.718214
vt 0.239871 0.718021
vt 0.239837 0.717869
vt 0.240137 0.725649
vt 0.240075 0.725848
vt 0.240020 0.725997
vt 0.240137 0.718167
vt 0.240075 0.717966
vt 0.240020 0.717814
vt 0.240379 0.725718
vt 0.240286 0.725939
vt 0.240193 0.726076
vt 0.240381 0.718098
vt 0.240289 0.717875
vt 0.240195 0.717736
vt 0.237150 0.725644
vt 0.236908 0.725718
vt 0.237210 0.725840
vt 0.237006 0.725930
vt 0.237263 0.725983
vt 0.237099 0.726064
vt 0.236911 0.718096
vt 0.237154 0.718171
vt 0.237011 0.717883
vt 0.237214 0.717974
vt 0.237104 0.717748
vt 0.237268 0.717831
vt 0.237369 0.725596
vt 0.237408 0.725788
vt 0.237438 0.725931
vt 0.237374 0.718220
vt 0.237413 0.718027
vt 0.237444 0.717883
vt 0.237581 0.725564
vt 0.237607 0.725754
vt 0.237627 0.725911
vt 0.237586 0.718252
vt 0.237613 0.718061
vt 0.237634 0.717904
vt 0.239240 0.291091
vt 0.239240 0.290950
vt 0.239294 0.290819
vt 0.239395 0.290719
vt 0.239525 0.290665
vt 0.239667 0.290665
vt 0.239797 0.290719
vt 0.239897 0.290819
vt 0.239952 0.290950
vt 0.239952 0.291091
vt 0.239897 0.291222
vt 0.239797 0.291322
vt 0.239667 0.291376
vt 0.239525 0.291376
vt 0.239395 0.291322
vt 0.239294 0.291222
vt 0.683297 0.237104
vt 0.683286 0.237307
vt 0.682085 0.237301
vt 0.682076 0.237093
vt 0.683275 0.237712
vt 0.683272 0.237912
vt 0.682095 0.237912
vt 0.682093 0.237710
vt 0.683272 0.238111
vt 0.682094 0.238113
vt 0.683277 0.238311
vt 0.682088 0.238315
vt 0.683284 0.238514
vt 0.682080 0.238520
vt 0.683292 0.238720
vt 0.682070 0.238727
vt 0.683307 0.238931
vt 0.682054 0.238941
vt 0.683331 0.239149
vt 0.682031 0.239163
vt 0.683370 0.239381
vt 0.682001 0.239399
vt 0.683426 0.239636
vt 0.681967 0.239653
vt 0.683446 0.236203
vt 0.683382 0.236456
vt 0.682013 0.236416
vt 0.681974 0.236149
vt 0.683341 0.236682
vt 0.682042 0.236654
vt 0.683314 0.236896
vt 0.682062 0.236877
vt 0.683279 0.237509
vt 0.682090 0.237506
vt 0.239897 0.286244
vt 0.239797 0.286344
vt 0.239667 0.286398
vt 0.239525 0.286398
vt 0.239395 0.286344
vt 0.239294 0.286244
vt 0.239240 0.286113
vt 0.239240 0.285971
vt 0.239294 0.285841
vt 0.239395 0.285741
vt 0.239525 0.285687
vt 0.239667 0.285687
vt 0.239797 0.285741
vt 0.239897 0.285841
vt 0.239951 0.285972
vt 0.239951 0.286113
vt 0.683410 0.237313
vt 0.683402 0.237514
vt 0.683533 0.237318
vt 0.683528 0.237518
vt 0.683670 0.237323
vt 0.683677 0.237521
vt 0.681882 0.237513
vt 0.681873 0.237310
vt 0.681696 0.237519
vt 0.681688 0.237320
vt 0.681534 0.237524
vt 0.681538 0.237326
vt 0.683396 0.237714
vt 0.683523 0.237718
vt 0.683665 0.237721
vt 0.681888 0.237714
vt 0.681701 0.237719
vt 0.681548 0.237723
vt 0.683393 0.237912
vt 0.683518 0.237913
vt 0.683650 0.237915
vt 0.681889 0.237911
vt 0.681706 0.237913
vt 0.681562 0.237915
vt 0.683394 0.238109
vt 0.683518 0.238106
vt 0.683657 0.238106
vt 0.681887 0.238109
vt 0.681705 0.238105
vt 0.681554 0.238104
vt 0.683399 0.238308
vt 0.683524 0.238303
vt 0.683667 0.238300
vt 0.681881 0.238309
vt 0.681698 0.238301
vt 0.681544 0.238296
vt 0.683408 0.238510
vt 0.683532 0.238504
vt 0.683680 0.238498
vt 0.681870 0.238510
vt 0.681688 0.238499
vt 0.681529 0.238491
vt 0.683417 0.238713
vt 0.683544 0.238704
vt 0.683681 0.238694
vt 0.681858 0.238712
vt 0.681673 0.238695
vt 0.681528 0.238683
vt 0.683434 0.238918
vt 0.683564 0.238903
vt 0.683708 0.238886
vt 0.681837 0.238916
vt 0.681650 0.238889
vt 0.681503 0.238867
vt 0.683463 0.239127
vt 0.683593 0.239103
vt 0.683726 0.239077
vt 0.681804 0.239126
vt 0.681613 0.239086
vt 0.681465 0.239050
vt 0.683511 0.239346
vt 0.683643 0.239304
vt 0.683777 0.239255
vt 0.681755 0.239350
vt 0.681556 0.239287
vt 0.681408 0.239230
vt 0.683590 0.239589
vt 0.683736 0.239515
vt 0.683862 0.239425
vt 0.681685 0.239598
vt 0.681461 0.239502
vt 0.681320 0.239403
vt 0.683605 0.236258
vt 0.683520 0.236491
vt 0.683742 0.236334
vt 0.683650 0.236534
vt 0.683862 0.236421
vt 0.683780 0.236583
vt 0.681765 0.236464
vt 0.681688 0.236217
vt 0.681565 0.236526
vt 0.681472 0.236318
vt 0.681420 0.236581
vt 0.681336 0.236414
vt 0.683470 0.236706
vt 0.683596 0.236731
vt 0.683729 0.236759
vt 0.681813 0.236689
vt 0.681621 0.236727
vt 0.681474 0.236760
vt 0.683439 0.236910
vt 0.683566 0.236925
vt 0.683697 0.236940
vt 0.681843 0.236900
vt 0.681654 0.236924
vt 0.681509 0.236942
vt 0.683421 0.237112
vt 0.683546 0.237121
vt 0.683690 0.237132
vt 0.681862 0.237106
vt 0.681675 0.237121
vt 0.681518 0.237134
vt 0.239525 0.286398
vt 0.239667 0.286398
vt 0.239797 0.286452
vt 0.239897 0.286552
vt 0.239951 0.286683
vt 0.239951 0.286824
vt 0.239897 0.286955
vt 0.239797 0.287055
vt 0.239667 0.287109
vt 0.239525 0.287109
vt 0.239394 0.287055
vt 0.239294 0.286955
vt 0.239240 0.286824
vt 0.239240 0.286683
vt 0.239294 0.286552
vt 0.239394 0.286452
vt 0.683136 0.232232
vt 0.683124 0.232439
vt 0.681924 0.232441
vt 0.681915 0.232236
vt 0.683113 0.232847
vt 0.683110 0.233048
vt 0.681932 0.233046
vt 0.681931 0.232846
vt 0.683109 0.233250
vt 0.681931 0.233245
vt 0.683113 0.233453
vt 0.681924 0.233444
vt 0.683118 0.233659
vt 0.681915 0.233646
vt 0.683126 0.233869
vt 0.681903 0.233849
vt 0.683138 0.234086
vt 0.681884 0.234057
vt 0.683157 0.234312
vt 0.681855 0.234272
vt 0.683183 0.234552
vt 0.681810 0.234500
vt 0.683213 0.234812
vt 0.681750 0.234750
vt 0.683247 0.231308
vt 0.683206 0.231566
vt 0.681840 0.231579
vt 0.681779 0.231318
vt 0.683175 0.231799
vt 0.681878 0.231809
vt 0.683152 0.232020
vt 0.681901 0.232026
vt 0.683117 0.232643
vt 0.681929 0.232643
vt 0.239897 0.284821
vt 0.239797 0.284921
vt 0.239667 0.284975
vt 0.239525 0.284975
vt 0.239394 0.284921
vt 0.239294 0.284821
vt 0.239240 0.284691
vt 0.239240 0.284549
vt 0.239294 0.284418
vt 0.239394 0.284318
vt 0.239525 0.284264
vt 0.239667 0.284264
vt 0.239797 0.284318
vt 0.239897 0.284418
vt 0.239951 0.284549
vt 0.239951 0.284691
vt 0.683335 0.232450
vt 0.683325 0.232651
vt 0.683518 0.232460
vt 0.683510 0.232658
vt 0.683667 0.232467
vt 0.683671 0.232663
vt 0.681806 0.232647
vt 0.681799 0.232445
vt 0.681679 0.232650
vt 0.681675 0.232450
vt 0.681529 0.232652
vt 0.681538 0.232454
vt 0.683318 0.232851
vt 0.683504 0.232857
vt 0.683657 0.232862
vt 0.681810 0.232848
vt 0.681682 0.232851
vt 0.681541 0.232853
vt 0.683316 0.233049
vt 0.683499 0.233051
vt 0.683644 0.233053
vt 0.681811 0.233045
vt 0.681687 0.233045
vt 0.681554 0.233047
vt 0.683316 0.233247
vt 0.683500 0.233244
vt 0.683651 0.233242
vt 0.681809 0.233242
vt 0.681685 0.233238
vt 0.681547 0.233238
vt 0.683322 0.233448
vt 0.683507 0.233441
vt 0.683662 0.233436
vt 0.681803 0.233441
vt 0.681679 0.233434
vt 0.681537 0.233431
vt 0.683331 0.233652
vt 0.683515 0.233642
vt 0.683678 0.233634
vt 0.681792 0.233640
vt 0.681670 0.233633
vt 0.681523 0.233627
vt 0.683341 0.233858
vt 0.683530 0.233842
vt 0.683679 0.233831
vt 0.681780 0.233840
vt 0.681655 0.233829
vt 0.681523 0.233819
vt 0.683358 0.234065
vt 0.683550 0.234043
vt 0.683707 0.234022
vt 0.681759 0.234040
vt 0.681632 0.234022
vt 0.681497 0.234004
vt 0.683388 0.234279
vt 0.683582 0.234243
vt 0.683729 0.234213
vt 0.681725 0.234246
vt 0.681597 0.234218
vt 0.681462 0.234188
vt 0.683433 0.234507
vt 0.683635 0.234446
vt 0.683783 0.234392
vt 0.681671 0.234463
vt 0.681541 0.234418
vt 0.681407 0.234367
vt 0.683500 0.234758
vt 0.683727 0.234664
vt 0.683869 0.234566
vt 0.681589 0.234702
vt 0.681444 0.234626
vt 0.681320 0.234535
vt 0.683525 0.231376
vt 0.683449 0.231617
vt 0.683735 0.231476
vt 0.683643 0.231678
vt 0.683869 0.231570
vt 0.683785 0.231734
vt 0.681699 0.231613
vt 0.681615 0.231372
vt 0.681566 0.231655
vt 0.681474 0.231449
vt 0.681433 0.231703
vt 0.681351 0.231536
vt 0.683399 0.231837
vt 0.683587 0.231875
vt 0.683731 0.231908
vt 0.681747 0.231831
vt 0.681618 0.231856
vt 0.681482 0.231882
vt 0.683367 0.232044
vt 0.683554 0.232069
vt 0.683696 0.232087
vt 0.681775 0.232039
vt 0.681646 0.232053
vt 0.681514 0.232066
vt 0.683347 0.232247
vt 0.683531 0.232264
vt 0.683687 0.232276
vt 0.681791 0.232242
vt 0.681664 0.232251
vt 0.681519 0.232260
vt 0.239525 0.284264
vt 0.239395 0.284210
vt 0.239294 0.284110
vt 0.239240 0.283979
vt 0.239240 0.283838
vt 0.239294 0.283707
vt 0.239395 0.283607
vt 0.239525 0.283553
vt 0.239667 0.283553
vt 0.239797 0.283607
vt 0.239897 0.283707
vt 0.239951 0.283838
vt 0.239952 0.283980
vt 0.239897 0.284110
vt 0.239797 0.284210
vt 0.239667 0.284264
vt 0.680397 0.238899
vt 0.680180 0.238886
vt 0.680175 0.232083
vt 0.680393 0.232070
vt 0.679749 0.238874
vt 0.679534 0.238872
vt 0.679529 0.232097
vt 0.679744 0.232095
vt 0.679319 0.238874
vt 0.679315 0.232096
vt 0.679104 0.238880
vt 0.679100 0.232090
vt 0.678887 0.238890
vt 0.678885 0.232080
vt 0.678668 0.238903
vt 0.678667 0.232067
vt 0.678446 0.238922
vt 0.678446 0.232048
vt 0.678219 0.238948
vt 0.678219 0.232020
vt 0.677985 0.238983
vt 0.677985 0.231985
vt 0.677741 0.239021
vt 0.677742 0.231948
vt 0.681320 0.239022
vt 0.681073 0.238978
vt 0.681071 0.231989
vt 0.681320 0.231945
vt 0.680841 0.238943
vt 0.680838 0.232025
vt 0.680617 0.238917
vt 0.680613 0.232051
vt 0.679964 0.238879
vt 0.679959 0.232090
vt 0.239897 0.285532
vt 0.239797 0.285633
vt 0.239667 0.285687
vt 0.239525 0.285687
vt 0.239395 0.285633
vt 0.239294 0.285532
vt 0.239240 0.285402
vt 0.239240 0.285260
vt 0.239294 0.285130
vt 0.239395 0.285030
vt 0.239525 0.284975
vt 0.239667 0.284975
vt 0.239797 0.285030
vt 0.239897 0.285130
vt 0.239951 0.285260
vt 0.239951 0.285402
vt 0.680169 0.239107
vt 0.679956 0.239098
vt 0.680160 0.239299
vt 0.679952 0.239293
vt 0.680156 0.239455
vt 0.679948 0.239464
vt 0.679951 0.231871
vt 0.680164 0.231861
vt 0.679946 0.231676
vt 0.680155 0.231669
vt 0.679942 0.231505
vt 0.680150 0.231513
vt 0.679745 0.239092
vt 0.679740 0.239289
vt 0.679736 0.239451
vt 0.679739 0.231878
vt 0.679734 0.231681
vt 0.679730 0.231518
vt 0.679535 0.239091
vt 0.679534 0.239285
vt 0.679532 0.239438
vt 0.679529 0.231879
vt 0.679528 0.231685
vt 0.679526 0.231532
vt 0.679324 0.239093
vt 0.679328 0.239287
vt 0.679331 0.239447
vt 0.679319 0.231877
vt 0.679323 0.231684
vt 0.679325 0.231525
vt 0.679112 0.239100
vt 0.679120 0.239294
vt 0.679126 0.239458
vt 0.679108 0.231871
vt 0.679115 0.231678
vt 0.679120 0.231515
vt 0.678898 0.239111
vt 0.678910 0.239303
vt 0.678918 0.239472
vt 0.678896 0.231860
vt 0.678906 0.231669
vt 0.678913 0.231502
vt 0.678685 0.239124
vt 0.678703 0.239318
vt 0.678714 0.239471
vt 0.678684 0.231847
vt 0.678702 0.231655
vt 0.678712 0.231505
vt 0.678473 0.239145
vt 0.678499 0.239338
vt 0.678519 0.239497
vt 0.678474 0.231825
vt 0.678502 0.231634
vt 0.678522 0.231483
vt 0.678259 0.239178
vt 0.678297 0.239372
vt 0.678328 0.239517
vt 0.678261 0.231791
vt 0.678301 0.231598
vt 0.678336 0.231448
vt 0.678037 0.239226
vt 0.678098 0.239424
vt 0.678151 0.239569
vt 0.678037 0.231741
vt 0.678100 0.231542
vt 0.678155 0.231393
vt 0.677795 0.239295
vt 0.677887 0.239514
vt 0.677982 0.239653
vt 0.677794 0.231672
vt 0.677886 0.231450
vt 0.677982 0.231308
vt 0.681258 0.239292
vt 0.681021 0.239219
vt 0.681163 0.239502
vt 0.680962 0.239414
vt 0.681072 0.239636
vt 0.680909 0.239557
vt 0.681019 0.231747
vt 0.681256 0.231673
vt 0.680958 0.231552
vt 0.681160 0.231463
vt 0.680904 0.231409
vt 0.681068 0.231328
vt 0.680802 0.239170
vt 0.680764 0.239360
vt 0.680733 0.239506
vt 0.680798 0.231797
vt 0.680760 0.231606
vt 0.680728 0.231460
vt 0.680591 0.239138
vt 0.680566 0.239330
vt 0.680550 0.239475
vt 0.680586 0.231829
vt 0.680562 0.231638
vt 0.680545 0.231491
vt 0.680381 0.239119
vt 0.680365 0.239310
vt 0.680355 0.239471
vt 0.680376 0.231849
vt 0.680360 0.231658
vt 0.680349 0.231496
vt 0.239951 0.288105
vt 0.239951 0.288246
vt 0.239897 0.288377
vt 0.239797 0.288477
vt 0.239667 0.288531
vt 0.239525 0.288531
vt 0.239395 0.288477
vt 0.239295 0.288377
vt 0.239240 0.288246
vt 0.239240 0.288105
vt 0.239294 0.287974
vt 0.239394 0.287874
vt 0.239525 0.287820
vt 0.239667 0.287820
vt 0.239797 0.287874
vt 0.239897 0.287974
vt 0.454417 0.716532
vt 0.452485 0.716532
vt 0.452485 0.715864
vt 0.454417 0.715864
vt 0.450552 0.716532
vt 0.450552 0.715864
vt 0.450552 0.715196
vt 0.452485 0.715196
vt 0.454417 0.715196
vt 0.452485 0.714528
vt 0.454417 0.714528
vt 0.450552 0.714528
vt 0.450552 0.713860
vt 0.452485 0.713860
vt 0.454417 0.713860
vt 0.454417 0.724549
vt 0.452485 0.724549
vt 0.452485 0.723881
vt 0.454417 0.723881
vt 0.450552 0.724549
vt 0.450552 0.723881
vt 0.450552 0.723213
vt 0.452485 0.723213
vt 0.454417 0.723213
vt 0.452485 0.722545
vt 0.454417 0.722545
vt 0.450552 0.722545
vt 0.450552 0.721877
vt 0.452485 0.721877
vt 0.454417 0.721877
vt 0.452485 0.721209
vt 0.454417 0.721209
vt 0.450552 0.721209
vt 0.450552 0.720541
vt 0.452485 0.720541
vt 0.454417 0.720541
vt 0.452485 0.719873
vt 0.454417 0.719873
vt 0.450552 0.719873
vt 0.450552 0.719205
vt 0.452485 0.719205
vt 0.454417 0.719205
vt 0.782784 0.152611
vt 0.782918 0.151772
vt 0.783479 0.151828
vt 0.783381 0.152669
vt 0.782950 0.150921
vt 0.783558 0.150958
vt 0.784051 0.151004
vt 0.783934 0.151877
vt 0.783844 0.152718
vt 0.452485 0.718537
vt 0.454417 0.718537
vt 0.450552 0.718537
vt 0.450552 0.717869
vt 0.452485 0.717869
vt 0.454417 0.717869
vt 0.452485 0.717200
vt 0.454417 0.717201
vt 0.450552 0.717200
vt 0.671751 0.239927
vt 0.671135 0.239668
vt 0.672090 0.238248
vt 0.672419 0.239927
vt 0.670663 0.239196
vt 0.670411 0.238577
vt 0.670411 0.237909
vt 0.670670 0.237294
vt 0.671142 0.236821
vt 0.671761 0.236569
vt 0.672429 0.236569
vt 0.673045 0.236828
vt 0.673517 0.237301
vt 0.673769 0.237919
vt 0.673769 0.238587
vt 0.673510 0.239203
vt 0.673037 0.239675
vt 0.785349 0.151232
vt 0.785610 0.150326
vt 0.786457 0.150679
vt 0.786142 0.151459
vt 0.785999 0.149265
vt 0.786928 0.149842
vt 0.787589 0.150462
vt 0.787413 0.151182
vt 0.786919 0.151730
vt 0.782645 0.157678
vt 0.782660 0.156832
vt 0.783214 0.156815
vt 0.783241 0.157644
vt 0.782595 0.155988
vt 0.783192 0.155988
vt 0.783649 0.155988
vt 0.783652 0.156802
vt 0.783699 0.157617
vt 0.782881 0.162765
vt 0.783008 0.161908
vt 0.783607 0.161931
vt 0.783517 0.162967
vt 0.782950 0.161055
vt 0.783558 0.161018
vt 0.784051 0.160972
vt 0.784129 0.161927
vt 0.784151 0.163074
vt 0.782645 0.154298
vt 0.782757 0.153459
vt 0.783311 0.153504
vt 0.783242 0.154332
vt 0.783751 0.153542
vt 0.783699 0.154360
vt 0.782784 0.159366
vt 0.782757 0.158518
vt 0.783311 0.158472
vt 0.783381 0.159307
vt 0.783751 0.158435
vt 0.783844 0.159258
vt 0.782918 0.160204
vt 0.783479 0.160149
vt 0.783934 0.160099
vt 0.783008 0.150068
vt 0.783607 0.150045
vt 0.782882 0.149211
vt 0.783517 0.149009
vt 0.784152 0.148902
vt 0.784129 0.150050
vt 0.782660 0.155144
vt 0.783214 0.155161
vt 0.783652 0.155174
vt 0.239676 0.726076
vt 0.239979 0.726529
vt 0.239141 0.727367
vt 0.239141 0.726182
vt 0.240432 0.726832
vt 0.240326 0.727367
vt 0.240432 0.727901
vt 0.239979 0.728204
vt 0.239676 0.728658
vt 0.239141 0.728551
vt 0.238607 0.728658
vt 0.238304 0.728204
vt 0.237850 0.727901
vt 0.237957 0.727367
vt 0.237850 0.726832
vt 0.238304 0.726529
vt 0.238607 0.726076
vt 0.785349 0.160744
vt 0.785176 0.159908
vt 0.785947 0.159743
vt 0.786142 0.160517
vt 0.785035 0.159107
vt 0.785791 0.158989
vt 0.786590 0.158854
vt 0.786947 0.159505
vt 0.786919 0.160246
vt 0.784944 0.158320
vt 0.785697 0.158236
vt 0.784868 0.157541
vt 0.785618 0.157487
vt 0.786425 0.157427
vt 0.786709 0.158117
vt 0.784815 0.155988
vt 0.784836 0.155213
vt 0.785586 0.155239
vt 0.785563 0.155988
vt 0.784868 0.154436
vt 0.785618 0.154489
vt 0.786425 0.154550
vt 0.786603 0.155276
vt 0.786373 0.155988
vt 0.785035 0.152870
vt 0.785176 0.152069
vt 0.785947 0.152233
vt 0.785791 0.152987
vt 0.786947 0.152471
vt 0.786590 0.153123
vt 0.785999 0.162711
vt 0.785610 0.161650
vt 0.786457 0.161297
vt 0.786928 0.162135
vt 0.787413 0.160795
vt 0.787589 0.161514
vt 0.784836 0.156764
vt 0.785586 0.156737
vt 0.786603 0.156700
vt 0.784944 0.153657
vt 0.785697 0.153741
vt 0.786709 0.153859
vt 0.784295 0.153591
vt 0.784232 0.154393
vt 0.784386 0.152783
vt 0.784192 0.156785
vt 0.784232 0.157583
vt 0.784180 0.155988
vt 0.784809 0.161860
vt 0.785001 0.163008
vt 0.784641 0.160886
vt 0.784501 0.151952
vt 0.784641 0.151090
vt 0.784192 0.155191
vt 0.784295 0.158386
vt 0.784386 0.159194
vt 0.784501 0.160025
vt 0.784809 0.150117
vt 0.785001 0.148969
vn 0.0000 0.0000 1.0000
vn -1.0000 0.0000 0.0000
vn 1.0000 0.0000 0.0000
vn 0.0000 -1.0000 0.0000
vn 0.0000 0.0000 -1.0000
vn 0.0000 1.0000 0.0000
vn -0.0000 -0.1979 -0.9802
vn 0.0000 -0.5532 -0.8331
vn 0.0000 -0.8331 -0.5532
vn 0.0000 -0.9802 -0.1979
vn 0.0000 -0.9802 0.1979
vn 0.0000 -0.8331 0.5532
vn 0.0000 -0.8331 0.5531
vn 0.0000 -0.5532 0.8331
vn -0.0000 -0.1979 0.9802
vn -0.0000 0.1979 0.9802
vn 0.0000 0.5532 0.8331
vn 0.0000 0.8331 0.5532
vn 0.0000 0.9802 0.1979
vn -0.9491 -0.0624 0.3088
vn -0.9491 -0.1742 0.2624
vn -0.7002 -0.3949 0.5947
vn -0.7002 -0.1413 0.6998
vn 0.0000 0.9802 -0.1979
vn 0.0000 0.8331 -0.5532
vn -0.0000 0.5532 -0.8331
vn -0.0000 0.1979 -0.9802
vn 0.6064 -0.6653 0.4355
vn 0.6064 -0.7784 0.1625
vn 0.8620 -0.4882 0.1367
vn 0.8620 -0.4419 0.2485
vn -0.9491 0.2624 -0.1742
vn -0.9491 0.3088 -0.0623
vn -0.7002 0.6998 -0.1413
vn -0.7002 0.5948 -0.3949
vn -0.9491 -0.3088 -0.0623
vn -0.9491 -0.2624 -0.1742
vn -0.7002 -0.5948 -0.3949
vn -0.7002 -0.6998 -0.1413
vn -0.9491 0.1742 0.2624
vn -0.9491 0.0624 0.3088
vn -0.7002 0.1413 0.6998
vn -0.7002 0.3949 0.5948
vn -0.9491 0.0623 -0.3088
vn -0.9491 0.1742 -0.2624
vn -0.7002 0.3949 -0.5948
vn -0.7002 0.1413 -0.6998
vn -0.9491 -0.1742 -0.2624
vn -0.9491 -0.0623 -0.3088
vn -0.7002 -0.1413 -0.6998
vn -0.7002 -0.3949 -0.5947
vn -0.9491 -0.2624 0.1742
vn -0.9491 -0.3088 0.0623
vn -0.7002 -0.6998 0.1413
vn -0.7002 -0.5948 0.3949
vn -0.9491 0.3088 0.0623
vn -0.9491 0.2624 0.1742
vn -0.7002 0.5948 0.3949
vn -0.7002 0.6998 0.1413
vn 0.9862 -0.1169 -0.1169
vn 0.9862 0.0000 -0.1653
vn 0.9862 0.1169 -0.1169
vn 0.9862 0.1653 0.0000
vn 0.9862 0.1169 0.1169
vn 0.9862 0.0000 0.1653
vn 0.9862 -0.1169 0.1169
vn 0.9862 -0.1653 0.0000
vn 0.6064 -0.4355 -0.6653
vn 0.6064 -0.1625 -0.7784
vn 0.8620 -0.1367 -0.4882
vn 0.8620 -0.2485 -0.4419
vn 0.6064 0.1625 -0.7784
vn 0.6064 0.4355 -0.6653
vn 0.8620 0.2485 -0.4418
vn 0.8620 0.1367 -0.4882
vn 0.6064 0.7784 0.1625
vn 0.6064 0.6653 0.4355
vn 0.8620 0.4419 0.2485
vn 0.8620 0.4882 0.1367
vn 0.6064 -0.1625 0.7784
vn 0.6064 -0.4355 0.6653
vn 0.8620 -0.2485 0.4419
vn 0.8620 -0.1367 0.4882
vn 0.6064 -0.7784 -0.1625
vn 0.6064 -0.6653 -0.4355
vn 0.8620 -0.4419 -0.2485
vn 0.8620 -0.4882 -0.1367
vn 0.6064 0.6653 -0.4355
vn 0.6064 0.7784 -0.1625
vn 0.8620 0.4882 -0.1367
vn 0.8620 0.4419 -0.2485
vn 0.6064 0.4355 0.6653
vn 0.6064 0.1625 0.7784
vn 0.8620 0.1367 0.4882
vn 0.8620 0.2485 0.4418
vn -0.1465 0.5472 0.8241
vn -0.1465 0.1958 0.9696
vn 0.2472 0.1918 0.9498
vn 0.2472 0.5360 0.8072
vn -0.1465 0.8241 -0.5472
vn -0.1465 0.9696 -0.1958
vn 0.2472 0.9498 -0.1918
vn 0.2472 0.8072 -0.5360
vn -0.1465 -0.9696 -0.1958
vn -0.1465 -0.8241 -0.5472
vn 0.2472 -0.8072 -0.5360
vn 0.2472 -0.9498 -0.1918
vn -0.1465 -0.1958 0.9696
vn -0.1465 -0.5472 0.8241
vn 0.2472 -0.5360 0.8072
vn 0.2472 -0.1918 0.9498
vn -0.1465 0.9696 0.1958
vn -0.1465 0.8241 0.5472
vn 0.2472 0.8072 0.5360
vn 0.2472 0.9498 0.1918
vn -0.1465 0.1958 -0.9696
vn -0.1465 0.5472 -0.8241
vn 0.2472 0.5360 -0.8072
vn 0.2472 0.1918 -0.9498
vn -0.1465 -0.5472 -0.8241
vn -0.1465 -0.1958 -0.9696
vn 0.2472 -0.1918 -0.9498
vn 0.2472 -0.5360 -0.8072
vn -0.1465 -0.8241 0.5472
vn -0.1465 -0.9696 0.1958
vn 0.2472 -0.9498 0.1918
vn 0.2472 -0.8072 0.5360
vn 0.0001 0.5279 -0.8493
vn 0.0004 0.3110 -0.9504
vn 0.0005 0.3112 -0.9503
vn 0.9991 -0.0425 0.0068
vn 0.9993 -0.0350 0.0145
vn 0.9991 -0.0387 0.0157
vn 0.9994 -0.0283 0.0196
vn 0.9991 -0.0331 0.0249
vn 0.9992 -0.0246 0.0319
vn 0.9996 -0.0192 0.0209
vn 1.0000 -0.0003 0.0007
vn 0.9999 -0.0104 0.0068
vn 1.0000 -0.0063 0.0058
vn 1.0000 0.0016 -0.0009
vn 0.9999 -0.0152 0.0019
vn 0.9997 -0.0252 0.0045
vn 0.9998 -0.0170 0.0073
vn 1.0000 -0.0075 0.0029
vn 0.9998 -0.0088 0.0169
vn 0.9997 -0.0065 0.0251
vn 0.9999 0.0057 0.0095
vn 1.0000 0.0018 0.0031
vn 1.0000 -0.0043 0.0081
vn 0.6685 -0.0396 -0.7426
vn 0.7634 0.1157 -0.6355
vn 0.7645 -0.1704 -0.6217
vn 0.9785 0.1129 -0.1727
vn 0.9580 0.2308 -0.1703
vn 0.9663 0.2494 -0.0640
vn 0.9887 0.1338 -0.0680
vn 0.9055 -0.0099 -0.4243
vn 0.8899 0.1705 -0.4231
vn 0.9416 0.2079 -0.2649
vn 0.9626 0.0809 -0.2587
vn 0.8864 0.3575 -0.2940
vn 0.8453 0.2961 -0.4447
vn 0.7827 0.3980 -0.4786
vn 0.8247 0.4601 -0.3289
vn 0.7557 0.1564 -0.6360
vn 0.6387 0.0987 -0.7631
vn 0.6925 0.2745 -0.6671
vn 0.9107 0.4074 -0.0687
vn 0.9027 0.3874 -0.1874
vn 0.8444 0.4935 -0.2086
vn 0.8533 0.5160 -0.0754
vn 0.7689 0.5204 -0.3715
vn 0.7371 0.4410 -0.5121
vn 0.6861 0.4603 -0.5634
vn 0.7350 0.5392 -0.4110
vn 0.7144 0.2546 -0.6517
vn 0.6553 0.0871 -0.7504
vn 0.6233 0.2919 -0.7255
vn 0.8032 0.5900 -0.0822
vn 0.7932 0.5624 -0.2334
vn 0.7642 0.5935 -0.2524
vn 0.7737 0.6278 -0.0854
vn -0.9923 -0.0757 0.0980
vn -0.9913 -0.0556 0.1193
vn -0.9951 -0.0484 0.0867
vn -0.9950 -0.0609 0.0788
vn -0.9901 -0.1011 0.0975
vn -0.9881 0.1529 -0.0181
vn -0.9907 0.1281 -0.0458
vn -0.9518 0.2838 -0.1159
vn -0.9351 0.3514 -0.0460
vn -0.9936 0.0956 -0.0598
vn -0.9953 0.0706 -0.0659
vn -0.9784 0.1366 -0.1553
vn -0.9686 0.2008 -0.1463
vn -0.9853 -0.1430 0.0937
vn -0.9949 -0.0762 0.0655
vn -0.9943 -0.0943 0.0502
vn -0.9790 -0.1879 0.0793
vn -0.9714 -0.2304 0.0567
vn -0.9926 -0.1162 0.0354
vn -0.9911 -0.1322 0.0137
vn -0.9652 -0.2606 0.0220
vn -0.6765 0.1566 0.7196
vn -0.7389 0.3331 0.5858
vn -0.7749 -0.0163 0.6319
vn -0.9857 0.0034 0.1684
vn -0.9973 -0.0288 0.0672
vn -0.9818 -0.1798 0.0610
vn -0.9748 -0.1546 0.1607
vn -0.8940 0.1785 0.4110
vn -0.9664 0.0592 0.2501
vn -0.9607 -0.1189 0.2508
vn -0.9070 -0.0670 0.4158
vn -0.8962 -0.3364 0.2893
vn -0.8122 -0.4770 0.3358
vn -0.7696 -0.4100 0.4895
vn -0.8533 -0.2670 0.4478
vn -0.7585 -0.1153 0.6414
vn -0.6842 -0.2763 0.6749
vn -0.6422 -0.0803 0.7623
vn -0.9184 -0.3899 0.0678
vn -0.8430 -0.5322 0.0782
vn -0.8331 -0.5099 0.2144
vn -0.9111 -0.3689 0.1837
vn -0.7430 -0.5476 0.3849
vn -0.7065 -0.5659 0.4250
vn -0.6650 -0.4812 0.5711
vn -0.7145 -0.4628 0.5247
vn -0.6990 -0.2647 0.6643
vn -0.6162 -0.3042 0.7264
vn -0.6458 -0.0866 0.7586
vn -0.7789 -0.6209 0.0878
vn -0.7447 -0.6611 0.0916
vn -0.7344 -0.6241 0.2668
vn -0.7677 -0.5918 0.2458
vn 0.0000 0.7961 -0.6052
vn 0.0000 0.6831 -0.7303
vn 0.0000 0.9403 -0.3405
vn 0.0000 0.8795 -0.4759
vn 0.0000 0.9973 -0.0729
vn 0.0000 0.9780 -0.2087
vn 1.0000 0.0014 -0.0012
vn 1.0000 -0.0028 0.0038
vn 1.0000 -0.0008 0.0019
vn 1.0000 0.0009 -0.0019
vn 1.0000 0.0012 -0.0015
vn -0.9966 0.0529 -0.0625
vn -0.9979 0.0521 -0.0395
vn -0.9973 0.0734 -0.0101
vn -0.9988 0.0325 -0.0366
vn -0.9902 0.0675 -0.1219
vn 0.0542 -0.9985 -0.0049
vn 0.0641 -0.9979 -0.0030
vn 0.0640 -0.9979 -0.0041
vn 0.0539 -0.9985 -0.0082
vn 0.0146 -0.9998 -0.0119
vn 0.0365 -0.9993 -0.0039
vn 0.0357 -0.9993 -0.0088
vn 0.0137 -0.9998 -0.0162
vn -0.0026 -0.9992 -0.0395
vn -0.0008 -0.9996 -0.0265
vn -0.0010 -0.9996 -0.0278
vn -0.0025 -0.9993 -0.0382
vn 1.0000 -0.0010 0.0005
vn 1.0000 -0.0001 -0.0026
vn 1.0000 -0.0015 0.0016
vn -0.9848 -0.0019 0.1739
vn -0.9887 0.1179 0.0926
vn -0.9976 0.0190 0.0671
vn -0.0059 -0.6609 -0.7504
vn -0.0059 -0.6616 -0.7499
vn -0.0006 -0.1186 -0.9929
vn -0.0006 -0.1184 -0.9930
vn -0.0079 -0.9049 -0.4256
vn -0.0034 -0.9616 -0.2746
vn -0.0034 -0.9609 -0.2769
vn -0.0079 -0.9044 -0.4266
vn 0.0001 0.5279 0.8493
vn 0.0005 0.3112 0.9503
vn 0.0004 0.3110 0.9504
vn 0.9991 -0.0425 -0.0068
vn 0.9991 -0.0387 -0.0157
vn 0.9993 -0.0350 -0.0145
vn 0.9994 -0.0283 -0.0196
vn 0.9996 -0.0192 -0.0209
vn 0.9992 -0.0246 -0.0319
vn 0.9991 -0.0332 -0.0249
vn 1.0000 -0.0003 -0.0007
vn 1.0000 0.0016 0.0009
vn 1.0000 -0.0063 -0.0058
vn 0.9999 -0.0104 -0.0068
vn 0.9999 -0.0152 -0.0019
vn 1.0000 -0.0075 -0.0029
vn 0.9998 -0.0170 -0.0073
vn 0.9997 -0.0252 -0.0045
vn 0.9998 -0.0088 -0.0169
vn 1.0000 -0.0043 -0.0081
vn 1.0000 0.0018 -0.0031
vn 0.9999 0.0057 -0.0095
vn 0.9997 -0.0065 -0.0251
vn 0.6686 -0.0396 0.7426
vn 0.7645 -0.1704 0.6217
vn 0.7634 0.1157 0.6355
vn 0.9785 0.1128 0.1727
vn 0.9887 0.1338 0.0680
vn 0.9663 0.2494 0.0640
vn 0.9580 0.2308 0.1703
vn 0.9055 -0.0099 0.4243
vn 0.9626 0.0809 0.2587
vn 0.9416 0.2079 0.2649
vn 0.8899 0.1705 0.4231
vn 0.8864 0.3575 0.2940
vn 0.8247 0.4601 0.3289
vn 0.7827 0.3980 0.4786
vn 0.8453 0.2961 0.4447
vn 0.7557 0.1564 0.6360
vn 0.6925 0.2745 0.6671
vn 0.6387 0.0987 0.7631
vn 0.9107 0.4074 0.0687
vn 0.8533 0.5160 0.0754
vn 0.8444 0.4935 0.2086
vn 0.9027 0.3874 0.1874
vn 0.7689 0.5204 0.3715
vn 0.7350 0.5393 0.4110
vn 0.6861 0.4603 0.5634
vn 0.7371 0.4410 0.5121
vn 0.7144 0.2546 0.6517
vn 0.6233 0.2919 0.7255
vn 0.6553 0.0871 0.7503
vn 0.8032 0.5900 0.0822
vn 0.7737 0.6278 0.0854
vn 0.7642 0.5935 0.2524
vn 0.7932 0.5625 0.2334
vn -0.9923 -0.0757 -0.0980
vn -0.9901 -0.1011 -0.0975
vn -0.9950 -0.0609 -0.0788
vn -0.9951 -0.0484 -0.0867
vn -0.9913 -0.0556 -0.1193
vn -0.9881 0.1529 0.0181
vn -0.9351 0.3514 0.0460
vn -0.9518 0.2838 0.1159
vn -0.9907 0.1281 0.0458
vn -0.9936 0.0956 0.0598
vn -0.9686 0.2009 0.1463
vn -0.9784 0.1366 0.1553
vn -0.9953 0.0706 0.0659
vn -0.9853 -0.1430 -0.0937
vn -0.9790 -0.1879 -0.0793
vn -0.9943 -0.0943 -0.0502
vn -0.9949 -0.0762 -0.0655
vn -0.9714 -0.2304 -0.0567
vn -0.9652 -0.2606 -0.0220
vn -0.9911 -0.1322 -0.0137
vn -0.9926 -0.1162 -0.0354
vn -0.6765 0.1567 -0.7196
vn -0.7749 -0.0163 -0.6319
vn -0.7389 0.3331 -0.5858
vn -0.9857 0.0034 -0.1684
vn -0.9748 -0.1546 -0.1607
vn -0.9818 -0.1798 -0.0610
vn -0.9973 -0.0288 -0.0672
vn -0.8940 0.1785 -0.4110
vn -0.9070 -0.0670 -0.4158
vn -0.9607 -0.1189 -0.2508
vn -0.9664 0.0592 -0.2501
vn -0.8962 -0.3364 -0.2893
vn -0.8533 -0.2670 -0.4478
vn -0.7696 -0.4100 -0.4895
vn -0.8122 -0.4770 -0.3358
vn -0.7585 -0.1153 -0.6414
vn -0.6422 -0.0803 -0.7623
vn -0.6842 -0.2763 -0.6749
vn -0.9184 -0.3899 -0.0678
vn -0.9111 -0.3689 -0.1837
vn -0.8331 -0.5099 -0.2144
vn -0.8430 -0.5322 -0.0782
vn -0.7430 -0.5476 -0.3849
vn -0.7145 -0.4628 -0.5247
vn -0.6650 -0.4812 -0.5711
vn -0.7065 -0.5659 -0.4250
vn -0.6990 -0.2647 -0.6643
vn -0.6458 -0.0866 -0.7586
vn -0.6162 -0.3042 -0.7264
vn -0.7789 -0.6209 -0.0878
vn -0.7677 -0.5918 -0.2458
vn -0.7344 -0.6241 -0.2668
vn -0.7447 -0.6611 -0.0916
vn 0.0000 0.7961 0.6052
vn 0.0000 0.7961 0.6051
vn 0.0000 0.6831 0.7303
vn 0.0000 0.9403 0.3405
vn 0.0000 0.8795 0.4759
vn 0.0000 0.9973 0.0729
vn 0.0000 0.9780 0.2087
vn 1.0000 0.0014 0.0012
vn 1.0000 0.0012 0.0015
vn 1.0000 0.0009 0.0019
vn 1.0000 -0.0008 -0.0019
vn 1.0000 -0.0028 -0.0038
vn -0.9966 0.0529 0.0625
vn -0.9902 0.0675 0.1219
vn -0.9988 0.0325 0.0366
vn -0.9973 0.0734 0.0101
vn -0.9979 0.0521 0.0395
vn 0.0542 -0.9985 0.0049
vn 0.0539 -0.9985 0.0082
vn 0.0640 -0.9979 0.0041
vn 0.0641 -0.9979 0.0030
vn 0.0146 -0.9998 0.0119
vn 0.0137 -0.9998 0.0162
vn 0.0357 -0.9993 0.0088
vn 0.0365 -0.9993 0.0039
vn -0.0025 -0.9992 0.0395
vn -0.0025 -0.9993 0.0382
vn -0.0010 -0.9996 0.0278
vn -0.0008 -0.9996 0.0265
vn 1.0000 -0.0010 -0.0005
vn 1.0000 -0.0015 -0.0016
vn 1.0000 -0.0001 0.0026
vn -0.9848 -0.0019 -0.1739
vn -0.9976 0.0190 -0.0671
vn -0.9887 0.1179 -0.0926
vn -0.0059 -0.6609 0.7504
vn -0.0006 -0.1184 0.9930
vn -0.0006 -0.1186 0.9929
vn -0.0059 -0.6616 0.7499
vn -0.0079 -0.9049 0.4256
vn -0.0079 -0.9044 0.4266
vn -0.0034 -0.9609 0.2769
vn -0.0034 -0.9616 0.2746
vn 0.0346 -0.9874 -0.1542
vn 0.0327 -0.9959 -0.0844
vn 0.0204 -0.9859 0.1660
vn 0.0345 -0.9806 0.1930
vn 0.0012 -0.8372 0.5469
vn -0.0490 -0.8013 0.5963
vn -0.0490 -0.5964 0.8012
vn 0.0012 -0.5469 0.8372
vn 0.0345 -0.1930 0.9806
vn 0.0204 -0.1659 0.9859
vn 0.0327 0.0844 0.9959
vn 0.0347 0.1542 0.9874
vn 0.0140 0.5414 0.8407
vn 0.0138 0.5080 0.8613
vn 0.0138 0.8612 0.5080
vn 0.0139 0.8407 0.5413
vn 0.0346 0.9874 0.1542
vn 0.0327 0.9959 0.0844
vn 0.0204 0.9859 -0.1660
vn 0.0345 0.9806 -0.1930
vn 0.0012 0.8372 -0.5469
vn -0.0489 0.8012 -0.5964
vn -0.0489 0.5963 -0.8012
vn 0.0012 0.5469 -0.8372
vn 0.0345 0.1930 -0.9806
vn 0.0204 0.1660 -0.9859
vn 0.0327 -0.0844 -0.9959
vn 0.0346 -0.1542 -0.9874
vn 0.0139 -0.5413 -0.8407
vn 0.0138 -0.5080 -0.8612
vn 0.0138 -0.8612 -0.5080
vn 0.0139 -0.8407 -0.5413
vn 0.6875 -0.0386 -0.7251
vn 0.7036 0.1022 -0.7032
vn 0.7551 0.0943 -0.6488
vn 0.7402 -0.0358 -0.6714
vn 0.5849 -0.8027 0.1166
vn 0.5677 -0.8221 -0.0438
vn 0.6090 -0.7921 -0.0422
vn 0.6261 -0.7717 0.1121
vn 0.0000 0.7071 0.7071
vn 0.0001 0.7071 0.7071
vn -0.0001 0.7071 0.7071
vn 0.6889 -0.6313 -0.3561
vn 0.6889 -0.3562 -0.6313
vn 0.7416 -0.3296 -0.5843
vn 0.7415 -0.5844 -0.3297
vn 0.7036 0.7032 -0.1021
vn 0.6875 0.7251 0.0386
vn 0.7402 0.6714 0.0357
vn 0.7551 0.6488 -0.0942
vn 0.6876 0.0386 0.7251
vn 0.7037 -0.1022 0.7031
vn 0.7550 -0.0943 0.6489
vn 0.7402 0.0357 0.6714
vn 0.0001 -0.7071 -0.7071
vn 0.0000 -0.7071 -0.7071
vn 0.7036 -0.7032 0.1021
vn 0.6875 -0.7251 -0.0386
vn 0.7403 -0.6714 -0.0357
vn 0.7551 -0.6488 0.0943
vn 0.5849 0.8027 -0.1166
vn 0.5677 0.8221 0.0438
vn 0.6090 0.7920 0.0421
vn 0.6261 0.7716 -0.1121
vn 0.5676 0.0438 0.8222
vn 0.5849 -0.1166 0.8027
vn 0.6261 -0.1121 0.7716
vn 0.6090 0.0422 0.7920
vn -0.0001 -0.7071 -0.7071
vn 0.5692 0.7161 0.4040
vn 0.5692 0.4040 0.7161
vn 0.6105 0.3892 0.6898
vn 0.6104 0.6898 0.3892
vn 0.5677 -0.0438 -0.8220
vn 0.5850 0.1166 -0.8026
vn 0.6261 0.1121 -0.7716
vn 0.6089 -0.0421 -0.7921
vn 0.5691 -0.7162 -0.4040
vn 0.5691 -0.4040 -0.7162
vn 0.6105 -0.3892 -0.6898
vn 0.6105 -0.6898 -0.3892
vn 0.6890 0.6313 0.3561
vn 0.6889 0.3562 0.6313
vn 0.7416 0.3297 0.5843
vn 0.7415 0.5843 0.3297
vn 0.0346 0.5892 -0.8073
vn 0.0345 0.8299 -0.5569
vn 0.0204 0.8145 -0.5798
vn 0.0327 0.6446 -0.7638
vn 0.0012 0.9787 -0.2053
vn 0.0012 0.9787 0.2054
vn -0.0490 0.9882 0.1449
vn -0.0490 0.9882 -0.1449
vn 0.0345 0.8299 0.5568
vn 0.0346 0.5891 0.8073
vn 0.0327 0.6445 0.7639
vn 0.0204 0.8145 0.5798
vn 0.0140 0.2117 0.9772
vn 0.0140 -0.2117 0.9772
vn 0.0138 -0.2498 0.9682
vn 0.0138 0.2498 0.9682
vn 0.0347 -0.5892 0.8073
vn 0.0345 -0.8299 0.5568
vn 0.0204 -0.8145 0.5798
vn 0.0327 -0.6445 0.7639
vn 0.0012 -0.9787 0.2053
vn 0.0012 -0.9787 -0.2053
vn -0.0490 -0.9882 -0.1450
vn -0.0489 -0.9882 0.1450
vn 0.0345 -0.8299 -0.5568
vn 0.0346 -0.5892 -0.8072
vn 0.0327 -0.6446 -0.7638
vn 0.0204 -0.8145 -0.5798
vn 0.0139 -0.2116 -0.9773
vn 0.0139 0.2116 -0.9772
vn 0.0138 0.2497 -0.9682
vn 0.0138 -0.2497 -0.9682
vn 0.6875 -0.4854 -0.5401
vn 0.7402 -0.4495 -0.5000
vn 0.7550 -0.5254 -0.3922
vn 0.7037 -0.5694 -0.4250
vn 0.5849 0.6501 -0.4851
vn 0.6261 0.6249 -0.4664
vn 0.6090 0.5302 -0.5899
vn 0.5676 0.5504 -0.6123
vn 0.6889 0.1945 -0.6982
vn 0.7415 0.1801 -0.6463
vn 0.7415 -0.1801 -0.6463
vn 0.6889 -0.1946 -0.6982
vn 0.7036 -0.5695 0.4250
vn 0.7551 -0.5254 0.3922
vn 0.7403 -0.4494 0.5000
vn 0.6876 -0.4854 0.5400
vn 0.6876 0.4854 0.5400
vn 0.7403 0.4494 0.5000
vn 0.7550 0.5255 0.3921
vn 0.7037 0.5694 0.4250
vn 0.0001 0.0000 -1.0000
vn -0.0001 0.0000 -1.0000
vn 0.7037 0.5694 -0.4249
vn 0.7550 0.5255 -0.3921
vn 0.7402 0.4495 -0.5001
vn 0.6875 0.4854 -0.5401
vn 0.5849 -0.6500 0.4851
vn 0.6261 -0.6248 0.4664
vn 0.6090 -0.5303 0.5898
vn 0.5677 -0.5504 0.6122
vn 0.5676 0.5504 0.6123
vn 0.6090 0.5302 0.5899
vn 0.6261 0.6248 0.4664
vn 0.5849 0.6500 0.4851
vn 0.5692 -0.2207 0.7920
vn 0.6104 -0.2126 0.7630
vn 0.6104 0.2126 0.7630
vn 0.5692 0.2207 0.7920
vn 0.5677 -0.5503 -0.6122
vn 0.6090 -0.5302 -0.5899
vn 0.6261 -0.6248 -0.4664
vn 0.5849 -0.6501 -0.4851
vn 0.0001 -0.0000 1.0000
vn 0.0003 -0.0000 1.0000
vn 0.0002 0.0000 1.0000
vn 0.5692 0.2207 -0.7920
vn 0.6104 0.2127 -0.7630
vn 0.6104 -0.2127 -0.7630
vn 0.5692 -0.2207 -0.7921
vn 0.6890 -0.1945 0.6982
vn 0.7414 -0.1801 0.6464
vn 0.7415 0.1801 0.6463
vn 0.6890 0.1945 0.6982
vn 0.9991 -0.0386 0.0157
vn 0.9994 -0.0284 0.0196
vn 0.6686 -0.0396 -0.7426
vn 0.8444 0.4934 -0.2086
vn 0.7350 0.5393 -0.4110
vn 0.7932 0.5625 -0.2334
vn -0.9518 0.2839 -0.1159
vn -0.9686 0.2009 -0.1463
vn -0.6765 0.1567 0.7196
vn -0.8330 -0.5100 0.2144
vn -0.9111 -0.3688 0.1837
vn -0.6458 -0.0867 0.7586
vn 1.0000 0.0013 -0.0012
vn -0.0058 -0.6609 -0.7504
vn 0.0005 0.3110 0.9504
vn 0.9994 -0.0284 -0.0196
vn 0.9991 -0.0331 -0.0249
vn 0.9785 0.1129 0.1727
vn 0.8444 0.4934 0.2086
vn -0.9907 0.1282 0.0458
vn -0.9936 0.0957 0.0598
vn -0.9686 0.2008 0.1463
vn -0.9111 -0.3688 -0.1837
vn -0.8330 -0.5100 -0.2144
vn 1.0000 0.0013 0.0012
vn 0.6876 -0.0386 -0.7251
vn 0.7551 0.0943 -0.6487
vn 0.7402 -0.0357 -0.6715
vn 0.5850 -0.8026 0.1166
vn 0.6261 -0.7716 0.1121
vn 0.0001 0.7070 0.7072
vn 0.6889 -0.6314 -0.3561
vn 0.6890 -0.3561 -0.6313
vn 0.7415 -0.3297 -0.5844
vn 0.7415 -0.5843 -0.3297
vn 0.7403 0.6714 0.0357
vn 0.6875 0.0386 0.7251
vn 0.7403 0.0357 0.6713
vn 0.6091 0.0422 0.7920
vn 0.6889 0.6313 0.3561
vn 0.6889 0.3561 0.6313
vn 0.7415 0.3297 0.5843
vn 0.7415 0.5843 0.3298
vn 0.0139 0.2117 0.9772
vn 0.0346 -0.5892 0.8073
vn -0.0489 -0.9882 -0.1450
vn 0.6875 -0.4854 -0.5400
vn 0.7403 -0.4495 -0.5000
vn 0.7036 -0.5695 -0.4250
vn 0.6089 0.5303 -0.5899
vn -0.0001 0.0000 1.0000
vn 0.6889 0.1946 -0.6983
vn 0.7416 0.1801 -0.6463
vn 0.7416 -0.1800 -0.6463
vn 0.7403 -0.4495 0.5000
vn 0.6875 0.4854 0.5400
vn 0.7402 0.4494 0.5000
vn 0.7551 0.5255 0.3921
vn 0.7037 0.5695 -0.4250
vn 0.7551 0.5255 -0.3921
vn 0.7402 0.4495 -0.5000
vn 0.6875 0.4855 -0.5401
vn 0.5850 -0.6500 0.4851
vn 0.6262 -0.6248 0.4664
vn 0.5677 0.5504 0.6122
vn 0.6090 0.5303 0.5899
vn 0.6262 0.6248 0.4664
vn 0.5850 0.6500 0.4851
vn 0.5691 -0.2207 0.7921
vn 0.6105 -0.2125 0.7630
vn 0.6105 0.2125 0.7630
vn 0.5691 0.2207 0.7921
vn 0.5677 -0.5504 -0.6122
vn 0.6090 -0.5302 -0.5898
vn 0.5690 0.2208 -0.7921
vn 0.6105 0.2127 -0.7630
vn 0.6105 -0.2127 -0.7629
vn 0.5691 -0.2207 -0.7921
vn 0.7415 0.1801 0.6464
vn 0.0005 0.3110 -0.9504
vn 0.0004 0.3112 -0.9503
vn 0.7633 0.1157 -0.6355
vn 0.9027 0.3874 -0.1873
vn -0.7388 0.3331 0.5858
vn -0.8331 -0.5100 0.2144
vn -0.9112 -0.3688 0.1837
vn 0.0640 -0.9979 -0.0042
vn 0.0357 -0.9993 -0.0089
vn -0.0008 -0.9996 -0.0266
vn 0.6685 -0.0396 0.7426
vn 0.7633 0.1157 0.6355
vn 0.8032 0.5901 0.0822
vn 0.7932 0.5624 0.2334
vn -0.6765 0.1566 -0.7196
vn -0.7388 0.3331 -0.5858
vn -0.9112 -0.3688 -0.1837
vn 0.0640 -0.9979 0.0042
vn 0.0357 -0.9993 0.0089
vn -0.0008 -0.9996 0.0266
vn 0.0327 -0.9959 -0.0843
vn 0.0345 -0.9806 0.1931
vn 0.0012 -0.8372 0.5468
vn -0.0490 -0.5963 0.8012
vn 0.0139 0.5413 0.8407
vn 0.0327 0.9959 0.0843
vn 0.0012 0.8372 -0.5468
vn -0.0489 0.8013 -0.5963
vn 0.7402 -0.0357 -0.6714
vn 0.6262 -0.7716 0.1121
vn 0.0000 0.7070 0.7072
vn 0.6889 -0.6314 -0.3562
vn 0.6889 -0.3561 -0.6313
vn 0.7416 -0.3297 -0.5843
vn 0.7416 -0.5843 -0.3297
vn 0.6876 0.7251 0.0386
vn 0.7551 0.6488 -0.0943
vn 0.7037 -0.1022 0.7032
vn 0.7036 -0.7032 0.1022
vn 0.7403 -0.6714 -0.0358
vn 0.5850 0.8026 -0.1166
vn 0.6090 0.7920 0.0422
vn 0.6262 0.7716 -0.1121
vn 0.5676 0.0438 0.8221
vn 0.6262 -0.1121 0.7716
vn 0.5691 0.4040 0.7161
vn 0.6105 0.6898 0.3892
vn 0.6104 -0.3892 -0.6898
vn 0.6105 -0.6898 -0.3891
vn 0.6890 0.3561 0.6313
vn 0.0346 0.5892 -0.8072
vn 0.0012 0.9787 0.2053
vn -0.0490 0.9882 -0.1448
vn 0.0345 0.8299 0.5569
vn 0.0347 0.5892 0.8073
vn 0.0345 -0.8299 0.5569
vn -0.0490 -0.9882 -0.1448
vn -0.0489 -0.9882 0.1448
vn 0.0345 -0.8299 -0.5569
vn 0.7551 -0.5255 -0.3922
vn 0.6262 0.6249 -0.4663
vn -0.0002 0.0000 1.0000
vn 0.6889 0.1946 -0.6982
vn 0.7415 -0.1800 -0.6463
vn 0.7036 -0.5694 0.4250
vn 0.7551 -0.5254 0.3921
vn 0.7402 -0.4495 0.5000
vn 0.7402 0.4495 0.5000
vn 0.7551 0.5255 0.3922
vn 0.7036 0.5695 0.4250
vn -0.0002 0.0000 -1.0000
vn 0.7037 0.5694 -0.4250
vn 0.7550 0.5255 -0.3922
vn 0.5677 -0.5504 0.6123
vn 0.6262 0.6248 0.4663
vn 0.6104 -0.2125 0.7630
vn 0.6105 0.2126 0.7630
vn 0.5676 -0.5504 -0.6123
vn 0.6261 -0.6249 -0.4664
vn 0.5849 -0.6500 -0.4851
vn 0.5692 -0.2207 -0.7920
vn 0.8032 0.5901 -0.0822
vn -0.8940 0.1786 0.4110
vn 0.0539 -0.9985 -0.0083
vn 0.0004 0.3112 0.9503
vn 0.0539 -0.9985 0.0083
vn 0.0204 -0.9859 0.1659
vn -0.0490 -0.8012 0.5963
vn 0.0139 0.8407 0.5414
vn 0.0138 -0.8613 -0.5080
vn 0.7037 0.1022 -0.7031
vn 0.7403 -0.0357 -0.6714
vn -0.0001 0.7070 0.7072
vn 0.0002 0.7071 0.7071
vn 0.7415 -0.3297 -0.5843
vn 0.7037 0.7032 -0.1022
vn 0.7403 0.6714 0.0358
vn 0.7403 -0.6713 -0.0357
vn 0.6090 0.7921 0.0422
vn 0.5677 0.0438 0.8221
vn 0.5678 -0.0438 -0.8220
vn 0.5691 -0.4040 -0.7161
vn 0.0346 0.5892 0.8073
vn -0.0489 -0.9882 -0.1449
vn -0.0490 -0.9882 0.1449
vn 0.7403 -0.4494 -0.5000
vn 0.7551 -0.5254 -0.3922
vn 0.5848 0.6501 -0.4851
vn 0.6262 0.6248 -0.4663
vn 0.7551 0.5254 0.3922
vn 0.7036 0.5695 -0.4250
vn 0.7551 0.5254 -0.3921
vn 0.7403 0.4495 -0.5000
vn 0.6262 -0.6248 0.4663
vn 0.6090 -0.5303 0.5899
vn 0.6262 0.6249 0.4664
vn 0.6262 -0.6248 -0.4663
vn 0.5848 -0.6501 -0.4852
vn 0.7415 -0.1801 0.6463
vn -0.1950 0.0000 -0.9808
vn 0.8315 0.0000 -0.5556
vn 0.9808 0.0000 -0.1951
vn 0.9808 0.0000 0.1951
vn 0.8315 0.0000 0.5555
vn 0.5555 0.0000 0.8315
vn 0.1952 0.0000 0.9808
vn -0.1952 0.0000 0.9808
vn -0.5555 0.0000 0.8315
vn -0.8315 0.0000 0.5555
vn -0.9808 0.0000 0.1951
vn -0.9808 0.0000 -0.1951
vn -0.8315 0.0000 -0.5556
vn -0.5556 0.0000 -0.8315
vn 0.5556 0.0000 -0.8315
vn 0.1950 0.0000 -0.9808
vn 0.1906 -0.2138 -0.9581
vn 0.1511 -0.6325 -0.7597
vn 0.0608 -0.9502 -0.3058
vn 0.1935 0.1251 -0.9731
vn 0.1765 0.4257 -0.8875
vn 0.0965 0.8690 -0.4853
vn 0.5427 -0.2138 -0.8123
vn 0.4303 -0.6325 -0.6440
vn 0.1732 -0.9502 -0.2592
vn 0.5511 0.1251 -0.8250
vn 0.5027 0.4258 -0.7523
vn 0.2749 0.8690 -0.4114
vn 0.8122 -0.2138 -0.5427
vn 0.6440 -0.6325 -0.4303
vn 0.2592 -0.9502 -0.1732
vn 0.8249 0.1251 -0.5512
vn 0.7523 0.4258 -0.5026
vn 0.4114 0.8690 -0.2749
vn 0.9581 -0.2137 -0.1906
vn 0.7596 -0.6326 -0.1511
vn 0.3058 -0.9502 -0.0608
vn 0.9731 0.1251 -0.1935
vn 0.8874 0.4258 -0.1765
vn 0.4853 0.8690 -0.0965
vn 0.9581 -0.2137 0.1906
vn 0.7596 -0.6326 0.1511
vn 0.3058 -0.9502 0.0608
vn 0.9731 0.1251 0.1935
vn 0.8874 0.4258 0.1765
vn 0.4853 0.8690 0.0965
vn 0.8123 -0.2138 0.5427
vn 0.6440 -0.6325 0.4303
vn 0.2592 -0.9502 0.1732
vn 0.8249 0.1251 0.5512
vn 0.7524 0.4258 0.5026
vn 0.4114 0.8690 0.2748
vn 0.5427 -0.2137 0.8123
vn 0.4303 -0.6326 0.6440
vn 0.1732 -0.9502 0.2592
vn 0.5512 0.1251 0.8250
vn 0.5027 0.4258 0.7523
vn 0.2749 0.8690 0.4115
vn 0.1906 -0.2137 0.9581
vn 0.1511 -0.6325 0.7597
vn 0.0608 -0.9502 0.3057
vn 0.1936 0.1251 0.9731
vn 0.1765 0.4258 0.8874
vn 0.0966 0.8690 0.4853
vn -0.1906 -0.2137 0.9581
vn -0.1511 -0.6325 0.7597
vn -0.0608 -0.9502 0.3057
vn -0.1936 0.1251 0.9731
vn -0.1765 0.4258 0.8874
vn -0.0965 0.8690 0.4853
vn -0.5427 -0.2137 0.8123
vn -0.4303 -0.6326 0.6440
vn -0.1732 -0.9502 0.2593
vn -0.5512 0.1251 0.8250
vn -0.5027 0.4258 0.7523
vn -0.2749 0.8690 0.4115
vn -0.8122 -0.2138 0.5427
vn -0.6440 -0.6326 0.4303
vn -0.2592 -0.9502 0.1732
vn -0.8249 0.1251 0.5512
vn -0.7523 0.4258 0.5027
vn -0.4114 0.8690 0.2749
vn -0.9581 -0.2137 0.1906
vn -0.7597 -0.6325 0.1511
vn -0.3057 -0.9502 0.0608
vn -0.9731 0.1251 0.1935
vn -0.8874 0.4258 0.1765
vn -0.4853 0.8690 0.0965
vn -0.9581 -0.2137 -0.1906
vn -0.7596 -0.6326 -0.1511
vn -0.3057 -0.9502 -0.0608
vn -0.9731 0.1251 -0.1935
vn -0.8874 0.4258 -0.1765
vn -0.4853 0.8690 -0.0965
vn -0.8122 -0.2138 -0.5428
vn -0.6440 -0.6326 -0.4303
vn -0.2592 -0.9502 -0.1732
vn -0.8249 0.1251 -0.5512
vn -0.7523 0.4259 -0.5027
vn -0.4114 0.8690 -0.2749
vn -0.5427 -0.2138 -0.8123
vn -0.4303 -0.6325 -0.6441
vn -0.1732 -0.9502 -0.2592
vn -0.5511 0.1251 -0.8250
vn -0.5027 0.4257 -0.7524
vn -0.2749 0.8690 -0.4114
vn -0.1906 -0.2138 -0.9581
vn -0.1511 -0.6325 -0.7597
vn -0.0608 -0.9502 -0.3058
vn -0.1935 0.1251 -0.9731
vn -0.1765 0.4258 -0.8875
vn -0.0965 0.8690 -0.4854
vn -0.1951 0.0000 -0.9808
vn 0.8315 0.0000 -0.5555
vn 0.8315 0.0000 0.5556
vn -0.8315 0.0000 0.5556
vn -0.5555 0.0000 -0.8315
vn 0.5555 0.0000 -0.8315
vn 0.1951 0.0000 -0.9808
vn 0.1935 -0.1251 -0.9731
vn 0.1765 -0.4258 -0.8874
vn 0.0965 -0.8690 -0.4854
vn 0.1905 0.2138 -0.9581
vn 0.1511 0.6325 -0.7597
vn 0.0608 0.9502 -0.3057
vn 0.5511 -0.1251 -0.8250
vn 0.5027 -0.4258 -0.7523
vn 0.2749 -0.8690 -0.4115
vn 0.5427 0.2138 -0.8123
vn 0.4303 0.6326 -0.6440
vn 0.1732 0.9502 -0.2592
vn 0.8250 -0.1251 -0.5512
vn 0.7523 -0.4258 -0.5027
vn 0.4115 -0.8690 -0.2750
vn 0.8122 0.2138 -0.5427
vn 0.6440 0.6326 -0.4303
vn 0.2592 0.9502 -0.1732
vn 0.9731 -0.1251 -0.1935
vn 0.8874 -0.4259 -0.1765
vn 0.4853 -0.8690 -0.0965
vn 0.9581 0.2137 -0.1906
vn 0.7596 0.6326 -0.1511
vn 0.3058 0.9502 -0.0608
vn 0.9731 -0.1251 0.1935
vn 0.8874 -0.4258 0.1765
vn 0.4854 -0.8690 0.0965
vn 0.9581 0.2137 0.1906
vn 0.7596 0.6326 0.1511
vn 0.3058 0.9502 0.0608
vn 0.8250 -0.1251 0.5512
vn 0.7523 -0.4258 0.5027
vn 0.4115 -0.8690 0.2749
vn 0.8123 0.2138 0.5427
vn 0.6440 0.6326 0.4303
vn 0.2592 0.9501 0.1732
vn 0.5512 -0.1251 0.8250
vn 0.5027 -0.4258 0.7523
vn 0.2749 -0.8690 0.4114
vn 0.5427 0.2137 0.8123
vn 0.4303 0.6326 0.6440
vn 0.1732 0.9501 0.2593
vn 0.1936 -0.1251 0.9731
vn 0.1765 -0.4258 0.8874
vn 0.0966 -0.8690 0.4854
vn 0.1906 0.2137 0.9581
vn 0.1511 0.6326 0.7596
vn 0.0608 0.9502 0.3058
vn -0.1936 -0.1251 0.9731
vn -0.1765 -0.4258 0.8874
vn -0.0965 -0.8690 0.4854
vn -0.1906 0.2137 0.9581
vn -0.1511 0.6326 0.7596
vn -0.0608 0.9501 0.3058
vn -0.5512 -0.1251 0.8250
vn -0.5027 -0.4259 0.7523
vn -0.2749 -0.8690 0.4115
vn -0.5427 0.2137 0.8123
vn -0.4303 0.6326 0.6440
vn -0.1733 0.9501 0.2593
vn -0.8249 -0.1251 0.5512
vn -0.7523 -0.4258 0.5027
vn -0.4115 -0.8689 0.2750
vn -0.8122 0.2138 0.5427
vn -0.6439 0.6326 0.4303
vn -0.2593 0.9501 0.1733
vn -0.9731 -0.1251 0.1935
vn -0.8874 -0.4258 0.1765
vn -0.4854 -0.8690 0.0965
vn -0.9581 0.2137 0.1906
vn -0.7596 0.6326 0.1511
vn -0.3058 0.9502 0.0608
vn -0.9731 -0.1251 -0.1935
vn -0.8874 -0.4258 -0.1765
vn -0.4853 -0.8690 -0.0965
vn -0.9581 0.2137 -0.1906
vn -0.7596 0.6326 -0.1511
vn -0.3058 0.9502 -0.0608
vn -0.8249 -0.1251 -0.5512
vn -0.7523 -0.4259 -0.5026
vn -0.4115 -0.8689 -0.2750
vn -0.8122 0.2138 -0.5428
vn -0.6440 0.6327 -0.4302
vn -0.2593 0.9501 -0.1733
vn -0.5511 -0.1251 -0.8250
vn -0.5027 -0.4258 -0.7524
vn -0.2750 -0.8690 -0.4115
vn -0.5427 0.2138 -0.8123
vn -0.4303 0.6325 -0.6440
vn -0.1732 0.9501 -0.2593
vn -0.1935 -0.1251 -0.9731
vn -0.1765 -0.4258 -0.8874
vn -0.0965 -0.8689 -0.4854
vn -0.1905 0.2138 -0.9581
vn -0.1511 0.6326 -0.7596
vn -0.0608 0.9501 -0.3059
vn 0.1951 0.0000 0.9808
vn -0.1951 0.0000 0.9808
vn 0.1764 -0.4257 -0.8875
vn 0.1765 0.4258 -0.8875
vn 0.0965 0.8690 -0.4854
vn 0.2749 -0.8690 -0.4114
vn 0.5027 0.4258 -0.7524
vn 0.8249 -0.1251 -0.5512
vn 0.4114 -0.8690 -0.2749
vn 0.7524 0.4258 -0.5026
vn 0.4114 0.8690 -0.2748
vn 0.8874 -0.4258 -0.1765
vn 0.4853 -0.8690 0.0965
vn 0.8249 -0.1251 0.5512
vn 0.4114 -0.8690 0.2748
vn 0.8250 0.1251 0.5512
vn 0.7523 0.4258 0.5027
vn 0.2749 -0.8690 0.4115
vn 0.0966 -0.8690 0.4853
vn 0.0966 0.8690 0.4852
vn -0.0966 -0.8690 0.4853
vn -0.5027 -0.4258 0.7523
vn -0.2749 -0.8690 0.4114
vn -0.2749 0.8690 0.4114
vn -0.4114 -0.8690 0.2749
vn -0.4853 -0.8690 0.0965
vn -0.7523 -0.4258 -0.5027
vn -0.4114 -0.8690 -0.2749
vn -0.7523 0.4258 -0.5027
vn -0.5027 -0.4257 -0.7524
vn -0.2749 -0.8690 -0.4114
vn -0.1764 -0.4257 -0.8875
vn -0.0965 -0.8690 -0.4853
vn -0.1764 0.4258 -0.8875
vn -0.0965 0.8690 -0.4853
vn 0.1511 0.6324 -0.7598
vn 0.0965 -0.8691 -0.4852
vn 0.4303 0.6324 -0.6441
vn 0.1732 0.9502 -0.2591
vn 0.5027 -0.4258 -0.7524
vn 0.2749 -0.8691 -0.4113
vn 0.6440 0.6325 -0.4303
vn 0.7524 -0.4258 -0.5026
vn 0.4113 -0.8691 -0.2748
vn 0.7597 0.6325 -0.1511
vn 0.3057 0.9502 -0.0608
vn 0.4852 -0.8691 -0.0965
vn 0.7597 0.6325 0.1511
vn 0.3057 0.9502 0.0608
vn 0.4852 -0.8690 0.0965
vn 0.8122 0.2138 0.5427
vn 0.6440 0.6325 0.4303
vn 0.2592 0.9502 0.1731
vn 0.4114 -0.8691 0.2748
vn 0.5427 0.2138 0.8123
vn 0.4303 0.6325 0.6440
vn 0.1731 0.9502 0.2592
vn 0.2748 -0.8690 0.4114
vn 0.1511 0.6325 0.7597
vn 0.0608 0.9502 0.3057
vn 0.0965 -0.8690 0.4852
vn -0.1906 0.2138 0.9581
vn -0.1511 0.6325 0.7597
vn -0.0608 0.9502 0.3057
vn -0.0965 -0.8690 0.4853
vn -0.4304 0.6325 0.6440
vn -0.1732 0.9502 0.2592
vn -0.8122 0.2138 0.5428
vn -0.6440 0.6325 0.4303
vn -0.2592 0.9502 0.1732
vn -0.7597 0.6325 0.1511
vn -0.3057 0.9502 0.0608
vn -0.4852 -0.8691 0.0965
vn -0.7597 0.6325 -0.1511
vn -0.3057 0.9502 -0.0608
vn -0.4852 -0.8691 -0.0965
vn -0.6440 0.6325 -0.4303
vn -0.2592 0.9502 -0.1732
vn -0.4113 -0.8691 -0.2749
vn -0.4303 0.6324 -0.6441
vn -0.1732 0.9502 -0.2592
vn -0.2749 -0.8691 -0.4113
vn -0.1511 0.6324 -0.7598
vn -0.0608 0.9502 -0.3057
vn -0.1764 -0.4258 -0.8875
vn 0.1764 0.4257 -0.8875
vn 0.0965 0.8690 -0.4852
vn 0.1905 -0.2138 -0.9581
vn 0.1510 -0.6324 -0.7598
vn 0.0608 -0.9502 -0.3057
vn 0.2749 0.8691 -0.4113
vn 0.4303 -0.6325 -0.6441
vn 0.1732 -0.9502 -0.2591
vn 0.4113 0.8691 -0.2748
vn 0.4852 0.8691 -0.0965
vn 0.7597 -0.6325 -0.1511
vn 0.3057 -0.9502 -0.0608
vn 0.4852 0.8690 0.0965
vn 0.7596 -0.6325 0.1511
vn 0.3057 -0.9502 0.0608
vn 0.4113 0.8691 0.2748
vn 0.8122 -0.2138 0.5427
vn 0.2748 0.8691 0.4114
vn 0.4303 -0.6325 0.6440
vn 0.0965 0.8691 0.4852
vn -0.0965 0.8691 0.4852
vn -0.1906 -0.2138 0.9581
vn -0.2748 0.8690 0.4114
vn -0.4303 -0.6325 0.6440
vn -0.1732 -0.9502 0.2592
vn -0.6440 -0.6325 0.4303
vn -0.4852 0.8691 0.0965
vn -0.4852 0.8691 -0.0965
vn -0.7597 -0.6325 -0.1511
vn -0.4113 0.8691 -0.2749
vn -0.8122 -0.2138 -0.5427
vn -0.2749 0.8691 -0.4113
vn -0.4303 -0.6324 -0.6441
vn -0.1732 -0.9502 -0.2591
vn -0.1764 0.4257 -0.8875
vn -0.0965 0.8690 -0.4852
vn -0.1905 -0.2138 -0.9581
vn -0.1510 -0.6324 -0.7597
vn -0.0608 -0.9502 -0.3057
vn 0.0965 -0.8690 -0.4853
vn 0.7524 0.4258 -0.5027
vn 0.7524 -0.4258 -0.5027
vn 0.4114 -0.8690 0.2749
vn 0.2748 0.8690 0.4114
vn 0.0965 0.8690 0.4852
vn -0.2748 0.8691 0.4114
vn -0.1765 0.4257 -0.8875
vn -0.1765 -0.4258 -0.8875
vn -0.9491 -0.0623 0.3088
vn -0.7002 -0.3949 0.5948
vn 0.8620 -0.4418 0.2485
vn -0.9491 0.0623 0.3088
vn -0.7002 0.3949 0.5947
vn -0.7002 -0.3949 -0.5948
vn 0.9862 0.1654 0.0000
vn 0.9862 -0.1654 0.0000
vn 0.8620 -0.2485 -0.4418
vn 0.8620 0.4418 0.2485
vn 0.8620 -0.2485 0.4418
vn 0.8620 -0.4418 -0.2485
vn 0.8620 0.4418 -0.2485
usemtl DeskTexture
s off
f 3/1/1 4/2/1 2/3/1 1/4/1
f 5/5/2 1/6/2 2/7/2 6/8/2
f 3/1/3 7/9/3 8/10/3 4/2/3
f 1/11/4 5/12/4 7/13/4 3/14/4
f 7/9/5 5/5/5 6/8/5 8/10/5
f 4/15/6 8/16/6 6/17/6 2/18/6
f 13/19/1 16/20/1 12/21/1 11/22/1
f 11/23/2 12/24/2 10/25/2 9/26/2
f 9/27/5 10/28/5 15/29/5 14/30/5
f 13/31/4 11/32/4 9/33/4 14/34/4
f 12/35/6 16/36/6 15/37/6 10/38/6
f 18/39/3 17/40/3 13/41/3 14/42/3
f 19/43/3 18/39/3 14/42/3 15/44/3
f 20/45/3 19/43/3 15/44/3 16/46/3
f 17/40/3 20/45/3 16/46/3 13/41/3
f 18/39/3 19/43/3 20/45/3 17/40/3
f 25/47/1 26/48/1 24/49/1 23/50/1
f 31/51/3 23/52/3 24/53/3 32/54/3
f 33/55/6 29/56/6 21/57/6 25/58/6
f 21/57/2 29/56/2 30/59/2 22/60/2
f 26/61/4 34/62/4 32/54/4 24/53/4
f 27/63/6 35/64/6 36/65/6 28/66/6
f 21/67/1 22/68/1 26/48/1 25/47/1
f 25/47/1 23/50/1 27/69/1 28/70/1
f 33/71/5 31/72/5 32/73/5 34/74/5
f 23/52/3 31/51/3 35/64/3 27/63/3
f 29/75/5 33/71/5 34/74/5 30/76/5
f 25/77/2 28/66/2 36/65/2 33/78/2
f 33/71/5 36/79/5 35/80/5 31/72/5
f 22/60/4 30/59/4 34/62/4 26/61/4
f 45/81/2 38/82/2 40/83/2 46/84/2
f 46/85/5 40/86/5 44/87/5 47/88/5
f 47/88/3 44/87/3 42/89/3 48/90/3
f 48/90/1 42/89/1 38/82/1 45/81/1
f 39/91/4 43/92/4 41/93/4 37/94/4
f 44/95/6 40/96/6 38/97/6 42/98/6
f 41/99/1 48/90/1 45/81/1 37/100/1
f 43/101/3 47/88/3 48/90/3 41/99/3
f 39/102/5 46/85/5 47/88/5 43/101/5
f 37/100/2 45/81/2 46/84/2 39/103/2
f 57/104/2 58/105/2 52/106/2 50/107/2
f 58/108/1 59/109/1 56/110/1 52/111/1
f 59/109/3 60/112/3 54/113/3 56/110/3
f 60/112/5 57/104/5 50/107/5 54/113/5
f 51/114/4 49/115/4 53/116/4 55/117/4
f 56/118/6 54/119/6 50/120/6 52/121/6
f 53/122/5 49/123/5 57/104/5 60/112/5
f 55/124/3 53/122/3 60/112/3 59/109/3
f 51/125/1 55/124/1 59/109/1 58/108/1
f 49/123/2 51/126/2 58/105/2 57/104/2
f 69/127/2 70/128/2 64/129/2 62/130/2
f 70/131/1 71/132/1 68/133/1 64/134/1
f 71/132/3 72/135/3 66/136/3 68/133/3
f 72/135/5 69/127/5 62/130/5 66/136/5
f 63/137/4 61/138/4 65/139/4 67/140/4
f 68/141/6 66/142/6 62/143/6 64/144/6
f 65/145/5 61/146/5 69/127/5 72/135/5
f 67/147/3 65/145/3 72/135/3 71/132/3
f 63/148/1 67/147/1 71/132/1 70/131/1
f 61/146/2 63/149/2 70/128/2 69/127/2
f 81/150/2 74/151/2 76/152/2 82/153/2
f 82/154/5 76/155/5 80/156/5 83/157/5
f 83/157/3 80/156/3 78/158/3 84/159/3
f 84/159/1 78/158/1 74/151/1 81/150/1
f 75/160/4 79/161/4 77/162/4 73/163/4
f 80/164/6 76/165/6 74/166/6 78/167/6
f 77/168/1 84/159/1 81/150/1 73/169/1
f 79/170/3 83/157/3 84/159/3 77/168/3
f 75/171/5 82/154/5 83/157/5 79/170/5
f 73/169/2 81/150/2 82/153/2 75/172/2
f 87/173/5 85/174/5 89/175/5 92/176/5
f 88/177/3 87/178/3 92/179/3 91/180/3
f 86/181/1 88/177/1 91/180/1 90/182/1
f 85/183/2 86/184/2 90/185/2 89/186/2
f 95/187/1 100/188/1 97/189/1 93/190/1
f 96/191/2 99/192/2 100/193/2 95/194/2
f 94/195/5 98/196/5 99/197/5 96/198/5
f 93/199/3 97/200/3 98/201/3 94/202/3
f 86/184/4 85/183/4 93/203/4 94/204/4
f 88/177/4 86/181/4 94/205/4 96/206/4
f 87/178/4 88/177/4 96/207/4 95/208/4
f 85/174/4 87/173/4 95/209/4 93/210/4
f 92/176/6 89/175/6 97/189/6 100/188/6
f 91/180/6 92/179/6 100/193/6 99/192/6
f 90/182/6 91/180/6 99/197/6 98/196/6
f 89/186/6 90/185/6 98/201/6 97/200/6
f 102/211/2 111/212/2 109/213/2 104/214/2
f 104/215/5 109/216/5 110/217/5 108/218/5
f 108/219/3 110/220/3 112/221/3 106/222/3
f 106/223/1 112/224/1 111/225/1 102/226/1
f 106/227/4 102/228/4 104/229/4 108/230/4
f 105/231/2 107/232/2 114/233/2 116/234/2
f 103/235/6 107/236/6 110/217/6 109/216/6
f 101/237/6 103/238/6 109/213/6 111/212/6
f 107/232/6 105/231/6 112/221/6 110/220/6
f 105/239/6 101/240/6 111/225/6 112/224/6
f 115/241/6 116/242/6 114/243/6 113/244/6
f 107/236/1 103/235/1 113/245/1 114/246/1
f 101/240/5 105/239/5 116/247/5 115/248/5
f 103/238/3 101/237/3 115/249/3 113/250/3
f 120/251/6 124/252/6 122/253/6 118/254/6
f 117/255/2 118/256/2 122/257/2 121/258/2
f 119/259/1 120/251/1 118/260/1 117/261/1
f 119/259/3 123/262/3 124/252/3 120/251/3
f 117/263/4 121/264/4 123/262/4 119/259/4
f 123/262/5 121/265/5 122/266/5 124/252/5
f 125/267/3 133/268/3 134/269/3 127/270/3
f 127/271/1 134/272/1 135/273/1 131/274/1
f 131/275/2 135/276/2 136/277/2 129/278/2
f 129/279/5 136/280/5 133/281/5 125/282/5
f 127/283/4 131/284/4 129/285/4 125/286/4
f 130/287/3 132/288/3 139/289/3 140/290/3
f 126/291/6 128/292/6 134/269/6 133/268/6
f 128/293/6 132/294/6 135/273/6 134/272/6
f 132/288/6 130/287/6 136/277/6 135/276/6
f 130/295/6 126/296/6 133/281/6 136/280/6
f 139/297/6 138/298/6 137/299/6 140/300/6
f 128/292/2 126/291/2 137/301/2 138/302/2
f 126/296/1 130/295/1 140/303/1 137/304/1
f 132/294/5 128/293/5 138/305/5 139/306/5
f 142/307/6 146/308/6 148/309/6 144/310/6
f 141/311/2 145/312/2 146/313/2 142/314/2
f 143/315/5 141/316/5 142/317/5 144/310/5
f 144/310/3 148/309/3 147/318/3 143/315/3
f 143/315/4 147/318/4 145/319/4 141/320/4
f 147/318/1 148/309/1 146/321/1 145/322/1
f 152/323/6 156/324/6 154/325/6 150/326/6
f 149/327/2 150/328/2 154/329/2 153/330/2
f 151/331/1 152/323/1 150/332/1 149/333/1
f 151/331/3 155/334/3 156/324/3 152/323/3
f 149/335/4 153/336/4 155/334/4 151/331/4
f 155/334/5 153/337/5 154/338/5 156/324/5
f 157/339/3 165/340/3 166/341/3 159/342/3
f 159/343/1 166/344/1 167/345/1 163/346/1
f 163/347/2 167/348/2 168/349/2 161/350/2
f 161/351/5 168/352/5 165/353/5 157/354/5
f 159/355/4 163/356/4 161/357/4 157/358/4
f 162/359/3 164/360/3 171/361/3 172/362/3
f 158/363/6 160/364/6 166/341/6 165/340/6
f 160/365/6 164/366/6 167/345/6 166/344/6
f 164/360/6 162/359/6 168/349/6 167/348/6
f 162/367/6 158/368/6 165/353/6 168/352/6
f 171/369/6 170/370/6 169/371/6 172/372/6
f 160/364/2 158/363/2 169/373/2 170/374/2
f 158/368/1 162/367/1 172/375/1 169/376/1
f 164/366/5 160/365/5 170/377/5 171/378/5
f 173/379/3 175/380/3 182/381/3 181/382/3
f 175/383/5 179/384/5 183/385/5 182/386/5
f 179/387/2 177/388/2 184/389/2 183/390/2
f 177/391/1 173/392/1 181/393/1 184/394/1
f 175/395/4 173/396/4 177/397/4 179/398/4
f 178/399/5 174/400/5 185/401/5 188/402/5
f 176/403/6 174/404/6 181/382/6 182/381/6
f 180/405/6 176/406/6 182/386/6 183/385/6
f 178/407/6 180/408/6 183/390/6 184/389/6
f 174/400/6 178/399/6 184/394/6 181/393/6
f 187/409/6 188/410/6 185/411/6 186/412/6
f 176/406/1 180/405/1 187/413/1 186/414/1
f 180/408/3 178/407/3 188/415/3 187/416/3
f 174/404/2 176/403/2 186/417/2 185/418/2
f 190/419/6 194/420/6 196/421/6 192/422/6
f 189/423/2 193/424/2 194/425/2 190/426/2
f 191/427/5 189/428/5 190/429/5 192/422/5
f 192/422/3 196/421/3 195/430/3 191/427/3
f 191/427/4 195/430/4 193/431/4 189/432/4
f 195/430/1 196/421/1 194/433/1 193/434/1
f 198/435/6 202/436/6 204/437/6 200/438/6
f 197/439/2 201/440/2 202/441/2 198/442/2
f 199/443/5 197/444/5 198/445/5 200/438/5
f 200/438/3 204/437/3 203/446/3 199/443/3
f 199/443/4 203/446/4 201/447/4 197/448/4
f 203/446/1 204/437/1 202/449/1 201/450/1
f 205/451/4 207/452/4 208/453/4 206/454/4
f 209/455/4 210/456/4 212/457/4 211/458/4
f 213/459/4 214/460/4 216/461/4 215/462/4
f 217/463/4 219/464/4 220/465/4 218/466/4
f 222/467/6 223/468/6 224/469/6 221/470/6
f 226/471/6 225/472/6 228/473/6 227/474/6
f 230/475/6 229/476/6 232/477/6 231/478/6
f 234/479/6 235/480/6 236/481/6 233/482/6
f 208/483/3 224/484/3 223/485/3 206/486/3
f 214/487/3 231/488/3 232/489/3 216/490/3
f 207/491/5 221/492/5 224/484/5 208/483/5
f 216/490/1 232/489/1 229/493/1 215/494/1
f 211/495/3 225/496/3 226/497/3 209/498/3
f 217/499/3 234/500/3 233/501/3 219/502/3
f 209/498/1 226/497/1 227/503/1 210/504/1
f 218/505/5 235/506/5 234/500/5 217/499/5
f 210/504/2 227/503/2 228/507/2 212/508/2
f 220/509/2 236/510/2 235/506/2 218/505/2
f 212/508/5 228/507/5 225/511/5 211/512/5
f 205/513/2 222/514/2 221/515/2 207/516/2
f 219/517/1 233/518/1 236/510/1 220/509/1
f 215/519/2 229/520/2 230/521/2 213/522/2
f 206/486/1 223/485/1 222/514/1 205/513/1
f 213/522/5 230/521/5 231/488/5 214/487/5
f 239/523/1 244/524/1 241/525/1 237/526/1
f 240/527/3 243/528/3 244/529/3 239/530/3
f 238/531/5 242/532/5 243/533/5 240/534/5
f 237/535/2 241/536/2 242/537/2 238/538/2
f 247/539/5 245/540/5 249/541/5 252/542/5
f 248/543/2 247/544/2 252/545/2 251/546/2
f 246/547/1 248/548/1 251/549/1 250/550/1
f 245/551/3 246/552/3 250/553/3 249/554/3
f 237/535/4 238/538/4 246/555/4 245/556/4
f 238/531/4 240/534/4 248/557/4 246/558/4
f 240/527/4 239/530/4 247/559/4 248/560/4
f 239/523/4 237/526/4 245/561/4 247/562/4
f 241/525/6 244/524/6 252/542/6 249/541/6
f 244/529/6 243/528/6 251/546/6 252/545/6
f 243/533/6 242/532/6 250/550/6 251/549/6
f 242/537/6 241/536/6 249/554/6 250/553/6
f 253/563/4 254/564/4 256/565/4 255/566/4
f 257/567/4 259/568/4 260/569/4 258/570/4
f 261/571/4 263/572/4 264/573/4 262/574/4
f 265/575/4 266/576/4 268/577/4 267/578/4
f 270/579/6 269/580/6 272/581/6 271/582/6
f 274/583/6 275/584/6 276/585/6 273/586/6
f 278/587/6 279/588/6 280/589/6 277/590/6
f 282/591/6 281/592/6 284/593/6 283/594/6
f 258/595/5 275/596/5 274/597/5 257/598/5
f 265/599/1 282/600/1 283/601/1 266/602/1
f 260/603/2 276/604/2 275/596/2 258/595/2
f 266/602/2 283/601/2 284/605/2 268/606/2
f 259/607/1 273/608/1 276/604/1 260/603/1
f 255/609/2 269/610/2 270/611/2 253/612/2
f 268/606/5 284/605/5 281/613/5 267/614/5
f 261/615/2 278/616/2 277/617/2 263/618/2
f 253/612/5 270/611/5 271/619/5 254/620/5
f 262/621/1 279/622/1 278/616/1 261/615/1
f 254/620/3 271/619/3 272/623/3 256/624/3
f 264/625/3 280/626/3 279/622/3 262/621/3
f 256/624/1 272/623/1 269/627/1 255/628/1
f 263/629/5 277/630/5 280/626/5 264/625/5
f 257/598/3 274/597/3 273/631/3 259/632/3
f 267/633/3 281/634/3 282/600/3 265/599/3
f 288/635/6 292/636/6 290/637/6 286/638/6
f 285/639/2 286/640/2 290/641/2 289/642/2
f 287/643/1 288/635/1 286/644/1 285/645/1
f 287/643/3 291/646/3 292/636/3 288/635/3
f 285/647/4 289/648/4 291/646/4 287/643/4
f 291/646/5 289/649/5 290/650/5 292/636/5
f 294/651/6 298/652/6 300/653/6 296/654/6
f 293/655/2 297/656/2 298/657/2 294/658/2
f 295/659/5 293/660/5 294/661/5 296/654/5
f 296/654/3 300/653/3 299/662/3 295/659/3
f 295/659/4 299/662/4 297/663/4 293/664/4
f 299/662/1 300/653/1 298/665/1 297/666/1
f 301/667/3 303/668/3 305/669/3 306/670/3
f 302/671/3 301/672/3 306/673/3 307/674/3
f 304/675/3 302/676/3 307/677/3 308/678/3
f 303/679/3 304/680/3 308/681/3 305/682/3
f 309/683/2 314/684/2 313/685/2 311/686/2
f 310/687/2 315/688/2 314/689/2 309/690/2
f 312/691/2 316/692/2 315/693/2 310/694/2
f 311/695/2 313/696/2 316/697/2 312/698/2
f 308/681/1 316/699/1 313/700/1 305/682/1
f 306/673/5 314/701/5 315/702/5 307/674/5
f 304/675/4 312/691/4 310/694/4 302/676/4
f 301/667/6 309/683/6 311/686/6 303/668/6
f 307/677/6 315/703/6 316/704/6 308/678/6
f 305/669/4 313/705/4 314/706/4 306/670/4
f 303/679/5 311/695/5 312/698/5 304/680/5
f 302/671/1 310/687/1 309/690/1 301/672/1
f 317/707/7 359/708/7 429/709/7 357/710/7
f 359/708/7 318/711/7 358/712/7 429/709/7
f 429/709/8 358/712/8 320/713/8 360/714/8
f 357/710/8 429/709/8 360/714/8 319/715/8
f 319/715/9 360/714/9 430/716/9 361/717/9
f 360/714/9 320/713/9 362/718/9 430/716/9
f 430/716/10 362/718/10 322/719/10 363/720/10
f 361/717/10 430/716/10 363/720/10 321/721/10
f 321/722/11 363/723/11 431/724/11 364/725/11
f 363/723/11 322/726/11 365/727/11 431/724/11
f 431/724/12 365/727/12 324/728/12 366/729/12
f 364/725/13 431/724/13 366/729/13 323/730/13
f 323/730/14 366/729/14 432/731/14 367/732/14
f 366/729/14 324/728/14 368/733/14 432/731/14
f 432/731/15 368/733/15 326/734/15 369/735/15
f 367/732/15 432/731/15 369/735/15 325/736/15
f 325/736/16 369/735/16 433/737/16 370/738/16
f 369/735/16 326/734/16 371/739/16 433/737/16
f 433/737/17 371/739/17 328/740/17 372/741/17
f 370/738/17 433/737/17 372/741/17 327/742/17
f 327/742/18 372/741/18 434/743/18 373/744/18
f 372/741/18 328/740/18 374/745/18 434/743/18
f 434/743/19 374/745/19 330/746/19 375/747/19
f 373/744/19 434/743/19 375/747/19 329/748/19
f 326/749/20 368/750/20 435/751/20 390/752/20
f 368/750/21 324/753/21 389/754/21 435/751/21
f 435/751/22 389/754/22 336/755/22 384/756/22
f 390/752/23 435/751/23 384/756/23 337/757/23
f 329/748/24 375/747/24 436/758/24 376/759/24
f 375/747/24 330/746/24 377/760/24 436/758/24
f 436/758/25 377/760/25 332/761/25 378/762/25
f 376/759/25 436/758/25 378/762/25 331/763/25
f 331/763/26 378/762/26 437/764/26 379/765/26
f 378/762/26 332/761/26 380/766/26 437/764/26
f 437/764/27 380/766/27 318/711/27 359/708/27
f 379/765/27 437/764/27 359/708/27 317/707/27
f 317/767/2 357/768/2 438/769/2 379/770/2
f 319/771/2 361/772/2 438/769/2 357/768/2
f 321/773/2 364/774/2 438/769/2 361/772/2
f 323/775/2 367/776/2 438/769/2 364/774/2
f 325/777/2 370/778/2 438/769/2 367/776/2
f 327/779/2 373/780/2 438/769/2 370/778/2
f 329/781/2 376/782/2 438/769/2 373/780/2
f 331/783/2 379/770/2 438/769/2 376/782/2
f 350/784/28 428/785/28 439/786/28 414/787/28
f 428/785/29 349/788/29 405/789/29 439/786/29
f 439/786/30 405/789/30 343/790/30 399/791/30
f 414/787/31 439/786/31 399/791/31 344/792/31
f 332/793/32 377/794/32 440/795/32 392/796/32
f 377/794/33 330/797/33 391/798/33 440/795/33
f 440/795/34 391/798/34 339/799/34 387/800/34
f 392/796/35 440/795/35 387/800/35 340/801/35
f 322/802/36 362/803/36 441/804/36 394/805/36
f 362/803/37 320/806/37 393/807/37 441/804/37
f 441/804/38 393/807/38 333/808/38 382/809/38
f 394/805/39 441/804/39 382/809/39 335/810/39
f 328/811/40 371/812/40 442/813/40 395/814/40
f 371/812/41 326/749/41 390/752/41 442/813/41
f 442/813/42 390/752/42 337/757/42 385/815/42
f 395/814/43 442/813/43 385/815/43 338/816/43
f 318/817/44 380/818/44 443/819/44 396/820/44
f 380/818/45 332/793/45 392/796/45 443/819/45
f 443/819/46 392/796/46 340/801/46 388/821/46
f 396/820/47 443/819/47 388/821/47 334/822/47
f 320/806/48 358/823/48 444/824/48 393/807/48
f 358/823/49 318/817/49 396/820/49 444/824/49
f 444/824/50 396/820/50 334/822/50 381/825/50
f 393/807/51 444/824/51 381/825/51 333/808/51
f 324/753/52 365/826/52 445/827/52 389/754/52
f 365/826/53 322/828/53 394/829/53 445/827/53
f 445/827/54 394/829/54 335/830/54 383/831/54
f 389/754/55 445/827/55 383/831/55 336/755/55
f 330/797/56 374/832/56 446/833/56 391/798/56
f 374/832/57 328/811/57 395/814/57 446/833/57
f 446/833/58 395/814/58 338/816/58 386/834/58
f 391/798/59 446/833/59 386/834/59 339/799/59
f 341/835/60 397/836/60 447/837/60 398/838/60
f 342/839/61 404/840/61 447/837/61 397/836/61
f 348/841/62 403/842/62 447/837/62 404/840/62
f 347/843/63 402/844/63 447/837/63 403/842/63
f 346/845/64 401/846/64 447/837/64 402/844/64
f 345/847/65 400/848/65 447/837/65 401/846/65
f 344/849/66 399/850/66 447/837/66 400/848/66
f 343/851/67 398/838/67 447/837/67 399/850/67
f 352/852/68 427/853/68 448/854/68 416/855/68
f 427/853/69 351/856/69 407/857/69 448/854/69
f 448/854/70 407/857/70 342/858/70 397/859/70
f 416/855/71 448/854/71 397/859/71 341/860/71
f 351/856/72 426/861/72 449/862/72 407/857/72
f 426/861/73 353/863/73 409/864/73 449/862/73
f 449/862/74 409/864/74 348/865/74 404/866/74
f 407/857/75 449/862/75 404/866/75 342/858/75
f 355/867/76 425/868/76 450/869/76 419/870/76
f 425/868/77 354/871/77 410/872/77 450/869/77
f 450/869/78 410/872/78 346/873/78 402/874/78
f 419/870/79 450/869/79 402/874/79 347/875/79
f 356/876/80 424/877/80 451/878/80 420/879/80
f 424/877/81 350/784/81 414/787/81 451/878/81
f 451/878/82 414/787/82 344/792/82 400/880/82
f 420/879/83 451/878/83 400/880/83 345/881/83
f 349/882/84 423/883/84 452/884/84 405/885/84
f 423/883/85 352/852/85 416/855/85 452/884/85
f 452/884/86 416/855/86 341/860/86 398/886/86
f 405/885/87 452/884/87 398/886/87 343/887/87
f 353/863/88 422/888/88 453/889/88 409/864/88
f 422/888/89 355/867/89 419/870/89 453/889/89
f 453/889/90 419/870/90 347/875/90 403/890/90
f 409/864/91 453/889/91 403/890/91 348/865/91
f 354/871/92 421/891/92 454/892/92 410/872/92
f 421/891/93 356/876/93 420/879/93 454/892/93
f 454/892/94 420/879/94 345/881/94 401/893/94
f 410/872/95 454/892/95 401/893/95 346/873/95
f 338/816/96 385/815/96 455/894/96 418/895/96
f 385/815/97 337/757/97 412/896/97 455/894/97
f 455/894/98 412/896/98 356/876/98 421/891/98
f 418/895/99 455/894/99 421/891/99 354/871/99
f 340/801/100 387/800/100 456/897/100 417/898/100
f 387/800/101 339/799/101 411/899/101 456/897/101
f 456/897/102 411/899/102 355/867/102 422/888/102
f 417/898/103 456/897/103 422/888/103 353/863/103
f 335/810/104 382/809/104 457/900/104 413/901/104
f 382/809/105 333/808/105 408/902/105 457/900/105
f 457/900/106 408/902/106 352/852/106 423/883/106
f 413/901/107 457/900/107 423/883/107 349/882/107
f 337/757/108 384/756/108 458/903/108 412/896/108
f 384/756/109 336/755/109 406/904/109 458/903/109
f 458/903/110 406/904/110 350/784/110 424/877/110
f 412/896/111 458/903/111 424/877/111 356/876/111
f 339/799/112 386/834/112 459/905/112 411/899/112
f 386/834/113 338/816/113 418/895/113 459/905/113
f 459/905/114 418/895/114 354/871/114 425/868/114
f 411/899/115 459/905/115 425/868/115 355/867/115
f 334/822/116 388/821/116 460/906/116 415/907/116
f 388/821/117 340/801/117 417/898/117 460/906/117
f 460/906/118 417/898/118 353/863/118 426/861/118
f 415/907/119 460/906/119 426/861/119 351/856/119
f 333/808/120 381/825/120 461/908/120 408/902/120
f 381/825/121 334/822/121 415/907/121 461/908/121
f 461/908/122 415/907/122 351/856/122 427/853/122
f 408/902/123 461/908/123 427/853/123 352/852/123
f 336/755/124 383/831/124 462/909/124 406/904/124
f 383/831/125 335/830/125 413/910/125 462/909/125
f 462/909/126 413/910/126 349/788/126 428/785/126
f 406/904/127 462/909/127 428/785/127 350/784/127
f 463/911/128 622/912/128 701/913/128 603/914/128
f 622/912/129 492/915/129 618/916/129 701/913/129
f 701/913/130 618/916/130 494/917/130 623/918/130
f 603/914/128 701/913/128 623/918/128 477/919/128
f 502/920/131 546/921/131 702/922/131 699/923/131
f 467/924/132 548/925/132 702/922/132 546/921/132
f 469/926/133 699/923/133 702/922/133 548/925/133
f 469/926/134 548/925/134 703/927/134 552/928/134
f 548/925/135 467/924/135 547/929/135 703/927/135
f 703/927/136 547/929/136 468/930/136 550/931/136
f 552/928/137 703/927/137 550/931/137 470/932/137
f 466/933/138 549/934/138 704/935/138 544/936/138
f 549/934/139 469/926/139 552/928/139 704/935/139
f 704/935/140 552/928/140 470/932/140 551/937/140
f 544/936/141 704/935/141 551/937/141 465/938/141
f 501/939/142 698/940/142 705/941/142 545/942/142
f 698/940/143 502/920/143 699/923/143 705/941/143
f 705/941/144 699/923/144 469/926/144 549/934/144
f 545/942/145 705/941/145 549/934/145 466/933/145
f 470/932/146 550/931/146 706/943/146 621/944/146
f 468/930/147 542/945/147 706/943/147 550/931/147
f 464/946/148 619/947/148 706/943/148 542/945/148
f 491/948/149 611/949/149 706/943/149 619/947/149
f 493/950/150 621/944/150 706/943/150 611/949/150
f 464/946/151 563/951/151 707/952/151 557/953/151
f 474/954/152 558/955/152 707/952/152 563/951/152
f 472/956/153 557/953/153 707/952/153 558/955/153
f 471/957/154 556/958/154 708/959/154 554/960/154
f 556/958/155 473/961/155 564/962/155 708/959/155
f 708/959/156 564/962/156 510/963/156 553/964/156
f 554/960/157 708/959/157 553/964/157 507/965/157
f 472/956/158 558/955/158 709/966/158 555/967/158
f 558/955/159 474/954/159 562/968/159 709/966/159
f 709/966/160 562/968/160 473/961/160 556/958/160
f 555/967/161 709/966/161 556/958/161 471/957/161
f 473/961/162 562/968/162 710/969/162 560/970/162
f 562/968/163 474/954/163 561/971/163 710/969/163
f 710/969/164 561/971/164 476/972/164 568/973/164
f 560/970/165 710/969/165 568/973/165 475/974/165
f 474/954/166 563/951/166 711/975/166 561/971/166
f 464/946/167 569/976/167 711/975/167 563/951/167
f 476/972/168 561/971/168 711/975/168 569/976/168
f 510/963/169 564/962/169 712/977/169 559/978/169
f 564/962/170 473/961/170 560/970/170 712/977/170
f 712/977/171 560/970/171 475/974/171 570/979/171
f 559/978/172 712/977/172 570/979/172 514/980/172
f 475/974/173 568/973/173 713/981/173 565/982/173
f 568/973/174 476/972/174 567/983/174 713/981/174
f 713/981/175 567/983/175 468/930/175 547/929/175
f 565/982/176 713/981/176 547/929/176 467/924/176
f 476/972/177 569/976/177 714/984/177 567/983/177
f 464/946/178 542/945/178 714/984/178 569/976/178
f 468/930/179 567/983/179 714/984/179 542/945/179
f 514/980/180 570/979/180 715/985/180 566/986/180
f 570/979/181 475/974/181 565/982/181 715/985/181
f 715/985/182 565/982/182 467/924/182 546/921/182
f 566/986/183 715/985/183 546/921/183 502/920/183
f 477/987/184 623/988/184 716/989/184 572/990/184
f 494/991/185 614/992/185 716/989/185 623/988/185
f 496/993/186 624/994/186 716/989/186 614/992/186
f 484/995/187 582/996/187 716/989/187 624/994/187
f 479/997/188 572/990/188 716/989/188 582/996/188
f 524/998/189 584/999/189 717/1000/189 577/1001/189
f 584/999/190 483/1002/190 579/1003/190 717/1000/190
f 717/1000/191 579/1003/191 481/1004/191 575/1005/191
f 577/1001/192 717/1000/192 575/1005/192 521/1006/192
f 483/1002/193 583/1007/193 718/1008/193 579/1003/193
f 583/1007/194 484/995/194 581/1009/194 718/1008/194
f 718/1008/195 581/1009/195 482/1010/195 576/1011/195
f 579/1003/196 718/1008/196 576/1011/196 481/1004/196
f 479/997/197 582/996/197 719/1012/197 573/1013/197
f 582/996/198 484/995/198 583/1007/198 719/1012/198
f 719/1012/199 583/1007/199 483/1002/199 580/1014/199
f 573/1013/200 719/1012/200 580/1014/200 480/1015/200
f 480/1015/201 580/1014/201 720/1016/201 574/1017/201
f 580/1014/202 483/1002/202 584/999/202 720/1016/202
f 720/1016/203 584/999/203 524/998/203 578/1018/203
f 574/1017/204 720/1016/204 578/1018/204 520/1019/204
f 478/1020/205 589/1021/205 721/1022/205 595/1023/205
f 486/1024/206 590/1025/206 721/1022/206 589/1021/206
f 488/1026/207 595/1023/207 721/1022/207 590/1025/207
f 485/1027/208 586/1028/208 722/1029/208 588/1030/208
f 586/1028/209 527/1031/209 585/1032/209 722/1029/209
f 722/1029/210 585/1032/210 530/1033/210 596/1034/210
f 588/1030/211 722/1029/211 596/1034/211 487/1035/211
f 486/1024/212 587/1036/212 723/1037/212 590/1025/212
f 587/1036/213 485/1027/213 588/1030/213 723/1037/213
f 723/1037/214 588/1030/214 487/1035/214 594/1038/214
f 590/1025/215 723/1037/215 594/1038/215 488/1026/215
f 487/1035/216 592/1039/216 724/1040/216 594/1038/216
f 592/1039/217 489/1041/217 600/1042/217 724/1040/217
f 724/1040/218 600/1042/218 490/1043/218 593/1044/218
f 594/1038/219 724/1040/219 593/1044/219 488/1026/219
f 488/1026/220 593/1044/220 725/1045/220 595/1023/220
f 490/1043/221 601/1046/221 725/1045/221 593/1044/221
f 478/1020/222 595/1023/222 725/1045/222 601/1046/222
f 530/1033/223 591/1047/223 726/1048/223 596/1034/223
f 591/1047/224 534/1049/224 602/1050/224 726/1048/224
f 726/1048/225 602/1050/225 489/1041/225 592/1039/225
f 596/1034/226 726/1048/226 592/1039/226 487/1035/226
f 489/1041/227 597/1051/227 727/1052/227 600/1042/227
f 597/1051/228 481/1004/228 576/1011/228 727/1052/228
f 727/1052/229 576/1011/229 482/1010/229 599/1053/229
f 600/1042/230 727/1052/230 599/1053/230 490/1043/230
f 490/1043/231 599/1053/231 728/1054/231 601/1046/231
f 482/1010/232 571/1055/232 728/1054/232 599/1053/232
f 478/1020/233 601/1046/233 728/1054/233 571/1055/233
f 534/1049/234 598/1056/234 729/1057/234 602/1050/234
f 598/1056/235 521/1006/235 575/1005/235 729/1057/235
f 729/1057/236 575/1005/236 481/1004/236 597/1051/236
f 602/1050/237 729/1057/237 597/1051/237 489/1041/237
f 465/1058/238 543/1059/238 730/1060/238 605/1061/238
f 543/1059/239 463/911/239 603/914/239 730/1060/239
f 730/1060/239 603/914/239 477/919/239 572/1062/239
f 605/1061/238 730/1060/238 572/1062/238 479/1063/238
f 466/1064/240 544/1065/240 731/1066/240 606/1067/240
f 544/1065/241 465/1058/241 605/1061/241 731/1066/241
f 731/1066/241 605/1061/241 479/1063/241 573/1068/241
f 606/1067/240 731/1066/240 573/1068/240 480/1069/240
f 501/1070/242 545/1071/242 732/1072/242 607/1073/242
f 545/1071/243 466/1064/243 606/1067/243 732/1072/243
f 732/1072/243 606/1067/243 480/1069/243 574/1074/243
f 607/1073/242 732/1072/242 574/1074/242 520/1075/242
f 465/938/244 551/937/244 733/1076/244 543/1077/244
f 470/932/245 621/944/245 733/1076/245 551/937/245
f 493/950/246 613/1078/246 733/1076/246 621/944/246
f 492/1079/247 622/1080/247 733/1076/247 613/1078/247
f 463/1081/248 543/1077/248 733/1076/248 622/1080/248
f 484/995/249 624/994/249 734/1082/249 581/1009/249
f 496/993/250 616/1083/250 734/1082/250 624/994/250
f 495/1084/251 620/1085/251 734/1082/251 616/1083/251
f 478/1020/252 571/1055/252 734/1082/252 620/1085/252
f 482/1010/253 581/1009/253 734/1082/253 571/1055/253
f 471/1086/254 554/1087/254 735/1088/254 609/1089/254
f 554/1087/255 507/1090/255 608/1091/255 735/1088/255
f 735/1088/256 608/1091/256 527/1092/256 586/1093/256
f 609/1089/257 735/1088/257 586/1093/257 485/1094/257
f 472/1095/258 555/1096/258 736/1097/258 610/1098/258
f 555/1096/259 471/1086/259 609/1089/259 736/1097/259
f 736/1097/260 609/1089/260 485/1094/260 587/1099/260
f 610/1098/261 736/1097/261 587/1099/261 486/1100/261
f 464/1101/262 557/1102/262 737/1103/262 604/1104/262
f 557/1102/263 472/1095/263 610/1098/263 737/1103/263
f 737/1103/264 610/1098/264 486/1100/264 589/1105/264
f 604/1104/265 737/1103/265 589/1105/265 478/1106/265
f 491/948/266 612/1107/266 738/1108/266 611/949/266
f 492/1079/267 613/1078/267 738/1108/267 612/1107/267
f 493/950/268 611/949/268 738/1108/268 613/1078/268
f 494/991/269 615/1109/269 739/1110/269 614/992/269
f 495/1084/270 616/1083/270 739/1110/270 615/1109/270
f 496/993/271 614/992/271 739/1110/271 616/1083/271
f 491/1111/272 617/1112/272 740/1113/272 612/1114/272
f 617/1112/273 495/1115/273 615/1116/273 740/1113/273
f 740/1113/274 615/1116/274 494/917/274 618/916/274
f 612/1114/275 740/1113/275 618/916/275 492/915/275
f 491/1111/276 619/1117/276 741/1118/276 617/1112/276
f 619/1117/277 464/1101/277 604/1104/277 741/1118/277
f 741/1118/278 604/1104/278 478/1106/278 620/1119/278
f 617/1112/279 741/1118/279 620/1119/279 495/1115/279
f 497/1120/280 678/1121/280 742/1122/280 695/1123/280
f 678/1121/280 516/1124/280 696/1125/280 742/1122/280
f 742/1122/281 696/1125/281 539/1126/281 691/1127/281
f 695/1123/282 742/1122/282 691/1127/282 537/1128/282
f 502/920/283 700/1129/283 743/1130/283 629/1131/283
f 505/1132/284 631/1133/284 743/1130/284 700/1129/284
f 503/1134/285 629/1131/285 743/1130/285 631/1133/285
f 505/1132/286 635/1135/286 744/1136/286 631/1133/286
f 635/1135/287 506/1137/287 633/1138/287 744/1136/287
f 744/1136/288 633/1138/288 504/1139/288 630/1140/288
f 631/1133/289 744/1136/289 630/1140/289 503/1134/289
f 500/1141/290 627/1142/290 745/1143/290 632/1144/290
f 627/1142/291 499/1145/291 634/1146/291 745/1143/291
f 745/1143/292 634/1146/292 506/1137/292 635/1135/292
f 632/1144/293 745/1143/293 635/1135/293 505/1132/293
f 501/939/294 628/1147/294 746/1148/294 698/940/294
f 628/1147/295 500/1141/295 632/1144/295 746/1148/295
f 746/1148/296 632/1144/296 505/1132/296 700/1129/296
f 698/940/297 746/1148/297 700/1129/297 502/920/297
f 506/1137/298 694/1149/298 747/1150/298 633/1138/298
f 538/1151/299 684/1152/299 747/1150/299 694/1149/299
f 536/1153/300 692/1154/300 747/1150/300 684/1152/300
f 498/1155/301 625/1156/301 747/1150/301 692/1154/301
f 504/1139/302 633/1138/302 747/1150/302 625/1156/302
f 498/1155/303 639/1157/303 748/1158/303 644/1159/303
f 509/1160/304 640/1161/304 748/1158/304 639/1157/304
f 512/1162/305 644/1159/305 748/1158/305 640/1161/305
f 508/1163/306 636/1164/306 749/1165/306 638/1166/306
f 636/1164/307 507/965/307 553/964/307 749/1165/307
f 749/1165/308 553/964/308 510/963/308 645/1167/308
f 638/1166/309 749/1165/309 645/1167/309 511/1168/309
f 509/1160/310 637/1169/310 750/1170/310 640/1161/310
f 637/1169/311 508/1163/311 638/1166/311 750/1170/311
f 750/1170/312 638/1166/312 511/1168/312 643/1171/312
f 640/1161/313 750/1170/313 643/1171/313 512/1162/313
f 511/1168/314 641/1172/314 751/1173/314 643/1171/314
f 641/1172/315 513/1174/315 648/1175/315 751/1173/315
f 751/1173/316 648/1175/316 515/1176/316 642/1177/316
f 643/1171/317 751/1173/317 642/1177/317 512/1162/317
f 512/1162/318 642/1177/318 752/1178/318 644/1159/318
f 515/1176/319 649/1179/319 752/1178/319 642/1177/319
f 498/1155/320 644/1159/320 752/1178/320 649/1179/320
f 510/963/321 559/978/321 753/1180/321 645/1167/321
f 559/978/322 514/980/322 650/1181/322 753/1180/322
f 753/1180/323 650/1181/323 513/1174/323 641/1172/323
f 645/1167/324 753/1180/324 641/1172/324 511/1168/324
f 513/1174/325 646/1182/325 754/1183/325 648/1175/325
f 646/1182/326 503/1134/326 630/1140/326 754/1183/326
f 754/1183/327 630/1140/327 504/1139/327 647/1184/327
f 648/1175/328 754/1183/328 647/1184/328 515/1176/328
f 515/1176/329 647/1184/329 755/1185/329 649/1179/329
f 504/1139/330 625/1156/330 755/1185/330 647/1184/330
f 498/1155/331 649/1179/331 755/1185/331 625/1156/331
f 514/980/332 566/986/332 756/1186/332 650/1181/332
f 566/986/333 502/920/333 629/1131/333 756/1186/333
f 756/1186/334 629/1131/334 503/1134/334 646/1182/334
f 650/1181/335 756/1186/335 646/1182/335 513/1174/335
f 516/1187/336 652/1188/336 757/1189/336 696/1190/336
f 518/1191/337 660/1192/337 757/1189/337 652/1188/337
f 526/1193/338 697/1194/338 757/1189/338 660/1192/338
f 541/1195/339 687/1196/339 757/1189/339 697/1194/339
f 539/1197/340 696/1190/340 757/1189/340 687/1196/340
f 524/998/341 577/1001/341 758/1198/341 662/1199/341
f 577/1001/342 521/1006/342 655/1200/342 758/1198/342
f 758/1198/343 655/1200/343 522/1201/343 657/1202/343
f 662/1199/344 758/1198/344 657/1202/344 525/1203/344
f 525/1203/345 657/1202/345 759/1204/345 661/1205/345
f 657/1202/346 522/1201/346 656/1206/346 759/1204/346
f 759/1204/347 656/1206/347 523/1207/347 659/1208/347
f 661/1205/348 759/1204/348 659/1208/348 526/1193/348
f 518/1191/349 653/1209/349 760/1210/349 660/1192/349
f 653/1209/350 519/1211/350 658/1212/350 760/1210/350
f 760/1210/351 658/1212/351 525/1203/351 661/1205/351
f 660/1192/352 760/1210/352 661/1205/352 526/1193/352
f 519/1211/353 654/1213/353 761/1214/353 658/1212/353
f 654/1213/354 520/1019/354 578/1018/354 761/1214/354
f 761/1214/355 578/1018/355 524/998/355 662/1199/355
f 658/1212/356 761/1214/356 662/1199/356 525/1203/356
f 517/1215/357 671/1216/357 762/1217/357 666/1218/357
f 532/1219/358 667/1220/358 762/1217/358 671/1216/358
f 529/1221/359 666/1218/359 762/1217/359 667/1220/359
f 528/1222/360 665/1223/360 763/1224/360 663/1225/360
f 665/1223/361 531/1226/361 672/1227/361 763/1224/361
f 763/1224/362 672/1227/362 530/1033/362 585/1032/362
f 663/1225/363 763/1224/363 585/1032/363 527/1031/363
f 529/1221/364 667/1220/364 764/1228/364 664/1229/364
f 667/1220/365 532/1219/365 670/1230/365 764/1228/365
f 764/1228/366 670/1230/366 531/1226/366 665/1223/366
f 664/1229/367 764/1228/367 665/1223/367 528/1222/367
f 531/1226/368 670/1230/368 765/1231/368 668/1232/368
f 670/1230/369 532/1219/369 669/1233/369 765/1231/369
f 765/1231/370 669/1233/370 535/1234/370 675/1235/370
f 668/1232/371 765/1231/371 675/1235/371 533/1236/371
f 532/1219/372 671/1216/372 766/1237/372 669/1233/372
f 517/1215/373 676/1238/373 766/1237/373 671/1216/373
f 535/1234/374 669/1233/374 766/1237/374 676/1238/374
f 530/1033/375 672/1227/375 767/1239/375 591/1047/375
f 672/1227/376 531/1226/376 668/1232/376 767/1239/376
f 767/1239/377 668/1232/377 533/1236/377 677/1240/377
f 591/1047/378 767/1239/378 677/1240/378 534/1049/378
f 533/1236/379 675/1235/379 768/1241/379 673/1242/379
f 675/1235/380 535/1234/380 674/1243/380 768/1241/380
f 768/1241/381 674/1243/381 523/1207/381 656/1206/381
f 673/1242/382 768/1241/382 656/1206/382 522/1201/382
f 535/1234/383 676/1238/383 769/1244/383 674/1243/383
f 517/1215/384 651/1245/384 769/1244/384 676/1238/384
f 523/1207/385 674/1243/385 769/1244/385 651/1245/385
f 534/1049/386 677/1240/386 770/1246/386 598/1056/386
f 677/1240/387 533/1236/387 673/1242/387 770/1246/387
f 770/1246/388 673/1242/388 522/1201/388 655/1200/388
f 598/1056/389 770/1246/389 655/1200/389 521/1006/389
f 499/1247/390 680/1248/390 771/1249/390 626/1250/390
f 680/1248/391 518/1251/391 652/1252/391 771/1249/391
f 771/1249/392 652/1252/392 516/1124/392 678/1121/392
f 626/1250/392 771/1249/392 678/1121/392 497/1120/392
f 500/1253/393 681/1254/393 772/1255/393 627/1256/393
f 681/1254/393 519/1257/393 653/1258/393 772/1255/393
f 772/1255/394 653/1258/394 518/1251/394 680/1248/394
f 627/1256/394 772/1255/394 680/1248/394 499/1247/394
f 501/1070/395 607/1073/395 773/1259/395 628/1260/395
f 607/1073/395 520/1075/395 654/1261/395 773/1259/395
f 773/1259/396 654/1261/396 519/1257/396 681/1254/396
f 628/1260/396 773/1259/396 681/1254/396 500/1253/396
f 499/1145/397 626/1262/397 774/1263/397 634/1146/397
f 497/1264/398 695/1265/398 774/1263/398 626/1262/398
f 537/1266/399 686/1267/399 774/1263/399 695/1265/399
f 538/1151/400 694/1149/400 774/1263/400 686/1267/400
f 506/1137/401 634/1146/401 774/1263/401 694/1149/401
f 526/1193/402 659/1208/402 775/1268/402 697/1194/402
f 523/1207/403 651/1245/403 775/1268/403 659/1208/403
f 517/1215/404 693/1269/404 775/1268/404 651/1245/404
f 540/1270/405 689/1271/405 775/1268/405 693/1269/405
f 541/1195/406 697/1194/406 775/1268/406 689/1271/406
f 508/1272/407 682/1273/407 776/1274/407 636/1275/407
f 682/1273/408 528/1276/408 663/1277/408 776/1274/408
f 776/1274/409 663/1277/409 527/1092/409 608/1091/409
f 636/1275/410 776/1274/410 608/1091/410 507/1090/410
f 509/1278/411 683/1279/411 777/1280/411 637/1281/411
f 683/1279/412 529/1282/412 664/1283/412 777/1280/412
f 777/1280/413 664/1283/413 528/1276/413 682/1273/413
f 637/1281/414 777/1280/414 682/1273/414 508/1272/414
f 498/1284/415 679/1285/415 778/1286/415 639/1287/415
f 679/1285/416 517/1288/416 666/1289/416 778/1286/416
f 778/1286/417 666/1289/417 529/1282/417 683/1279/417
f 639/1287/418 778/1286/418 683/1279/418 509/1278/418
f 536/1153/419 684/1152/419 779/1290/419 685/1291/419
f 538/1151/420 686/1267/420 779/1290/420 684/1152/420
f 537/1266/421 685/1291/421 779/1290/421 686/1267/421
f 539/1197/422 687/1196/422 780/1292/422 688/1293/422
f 541/1195/423 689/1271/423 780/1292/423 687/1196/423
f 540/1270/424 688/1293/424 780/1292/424 689/1271/424
f 536/1294/425 685/1295/425 781/1296/425 690/1297/425
f 685/1295/426 537/1128/426 691/1127/426 781/1296/426
f 781/1296/427 691/1127/427 539/1126/427 688/1298/427
f 690/1297/428 781/1296/428 688/1298/428 540/1299/428
f 536/1294/429 690/1297/429 782/1300/429 692/1301/429
f 690/1297/430 540/1299/430 693/1302/430 782/1300/430
f 782/1300/431 693/1302/431 517/1288/431 679/1285/431
f 692/1301/432 782/1300/432 679/1285/432 498/1284/432
f 783/1303/433 849/1304/433 963/1305/433 847/1306/433
f 849/1304/434 784/1307/434 848/1308/434 963/1305/434
f 963/1305/435 848/1308/435 786/1309/435 850/1310/435
f 847/1306/436 963/1305/436 850/1310/436 785/1311/436
f 785/1312/437 850/1313/437 964/1314/437 851/1315/437
f 850/1313/438 786/1316/438 852/1317/438 964/1314/438
f 964/1314/439 852/1317/439 788/1318/439 853/1319/439
f 851/1315/440 964/1314/440 853/1319/440 787/1320/440
f 787/1321/441 853/1322/441 965/1323/441 854/1324/441
f 853/1322/442 788/1325/442 855/1326/442 965/1323/442
f 965/1323/443 855/1326/443 790/1327/443 856/1328/443
f 854/1324/444 965/1323/444 856/1328/444 789/1329/444
f 789/1330/445 856/1331/445 966/1332/445 857/1333/445
f 856/1331/446 790/1334/446 858/1335/446 966/1332/446
f 966/1332/447 858/1335/447 792/1336/447 859/1337/447
f 857/1333/448 966/1332/448 859/1337/448 791/1338/448
f 791/1339/449 859/1340/449 967/1341/449 860/1342/449
f 859/1340/450 792/1343/450 861/1344/450 967/1341/450
f 967/1341/451 861/1344/451 794/1345/451 862/1346/451
f 860/1342/452 967/1341/452 862/1346/452 793/1347/452
f 793/1348/453 862/1349/453 968/1350/453 863/1351/453
f 862/1349/454 794/1352/454 864/1353/454 968/1350/454
f 968/1350/455 864/1353/455 796/1354/455 865/1355/455
f 863/1351/456 968/1350/456 865/1355/456 795/1356/456
f 786/1357/3 872/1358/3 969/1359/3 852/1360/3
f 872/1358/3 796/1361/3 864/1362/3 969/1359/3
f 969/1359/3 864/1362/3 794/1363/3 871/1364/3
f 852/1360/3 969/1359/3 871/1364/3 788/1365/3
f 795/1366/457 865/1367/457 970/1368/457 866/1369/457
f 865/1367/458 796/1370/458 867/1371/458 970/1368/458
f 970/1368/459 867/1371/459 798/1372/459 868/1373/459
f 866/1369/460 970/1368/460 868/1373/460 797/1374/460
f 797/1375/461 868/1376/461 971/1377/461 869/1378/461
f 868/1376/462 798/1379/462 870/1380/462 971/1377/462
f 971/1377/463 870/1380/463 784/1381/463 849/1382/463
f 869/1378/464 971/1377/464 849/1382/464 783/1383/464
f 783/1384/2 847/1385/2 972/1386/2 869/1387/2
f 785/1388/2 851/1389/2 972/1386/2 847/1385/2
f 787/1390/2 854/1391/2 972/1386/2 851/1389/2
f 789/1392/2 857/1393/2 972/1386/2 854/1391/2
f 791/1394/2 860/1395/2 972/1386/2 857/1393/2
f 793/1396/2 863/1397/2 972/1386/2 860/1395/2
f 795/1398/2 866/1399/2 972/1386/2 863/1397/2
f 797/1400/2 869/1387/2 972/1386/2 866/1399/2
f 812/1401/465 883/1402/465 973/1403/465 899/1404/465
f 883/1402/466 813/1405/466 885/1406/466 973/1403/466
f 973/1403/467 885/1406/467 806/1407/467 877/1408/467
f 899/1404/468 973/1403/468 877/1408/468 805/1409/468
f 786/1410/469 848/1411/469 974/1412/469 886/1413/469
f 848/1411/470 784/1414/470 900/1415/470 974/1412/470
f 974/1412/471 900/1415/471 811/1416/471 888/1417/471
f 886/1413/472 974/1412/472 888/1417/472 814/1418/472
f 802/1419/3 879/1420/3 975/1421/3 874/1422/3
f 879/1420/3 804/1423/3 876/1424/3 975/1421/3
f 975/1421/3 876/1424/3 803/1425/3 875/1426/3
f 874/1422/3 975/1421/3 875/1426/3 801/1427/3
f 806/1428/3 880/1429/3 976/1430/3 877/1431/3
f 880/1429/3 799/1432/3 873/1433/3 976/1430/3
f 976/1430/3 873/1433/3 800/1434/3 878/1435/3
f 877/1431/3 976/1430/3 878/1435/3 805/1436/3
f 813/1437/473 884/1438/473 977/1439/473 885/1440/473
f 884/1438/474 814/1441/474 897/1442/474 977/1439/474
f 977/1439/473 897/1442/473 799/1443/473 880/1444/473
f 885/1440/475 977/1439/475 880/1444/475 806/1445/475
f 811/1446/476 887/1447/476 978/1448/476 881/1449/476
f 887/1447/477 812/1450/477 899/1451/477 978/1448/477
f 978/1448/478 899/1451/478 805/1452/478 878/1453/478
f 881/1449/479 978/1448/479 878/1453/479 800/1454/479
f 809/1455/480 893/1456/480 979/1457/480 903/1458/480
f 893/1456/481 810/1459/481 889/1460/481 979/1457/481
f 979/1457/482 889/1460/482 803/1461/482 876/1462/482
f 903/1458/483 979/1457/483 876/1462/483 804/1463/483
f 807/1464/484 894/1465/484 980/1466/484 901/1467/484
f 894/1465/485 808/1468/485 891/1469/485 980/1466/485
f 980/1466/486 891/1469/486 802/1470/486 874/1471/486
f 901/1467/487 980/1466/487 874/1471/487 801/1472/487
f 808/1473/488 895/1474/488 981/1475/488 891/1476/488
f 895/1474/489 809/1477/489 903/1478/489 981/1475/489
f 981/1475/489 903/1478/489 804/1479/489 879/1480/489
f 891/1476/489 981/1475/489 879/1480/489 802/1481/489
f 814/1482/490 888/1483/490 982/1484/490 897/1485/490
f 888/1483/491 811/1486/491 881/1487/491 982/1484/491
f 982/1484/492 881/1487/492 800/1488/492 873/1489/492
f 897/1485/493 982/1484/493 873/1489/493 799/1490/493
f 794/1491/494 861/1492/494 983/1493/494 890/1494/494
f 861/1492/495 792/1495/495 904/1496/495 983/1493/495
f 983/1493/496 904/1496/496 810/1497/496 893/1498/496
f 890/1494/497 983/1493/497 893/1498/497 809/1499/497
f 790/1500/498 855/1501/498 984/1502/498 892/1503/498
f 855/1501/499 788/1504/499 902/1505/499 984/1502/499
f 984/1502/500 902/1505/500 808/1506/500 894/1507/500
f 892/1503/501 984/1502/501 894/1507/501 807/1508/501
f 788/1509/489 871/1510/489 985/1511/489 902/1512/489
f 871/1510/489 794/1513/489 890/1514/489 985/1511/489
f 985/1511/502 890/1514/502 809/1515/502 895/1516/502
f 902/1512/502 985/1511/502 895/1516/502 808/1517/502
f 792/1518/503 858/1519/503 986/1520/503 904/1521/503
f 858/1519/504 790/1522/504 892/1523/504 986/1520/504
f 986/1520/505 892/1523/505 807/1524/505 896/1525/505
f 904/1521/506 986/1520/506 896/1525/506 810/1526/506
f 798/1527/507 867/1528/507 987/1529/507 882/1530/507
f 867/1528/508 796/1531/508 898/1532/508 987/1529/508
f 987/1529/509 898/1532/509 813/1533/509 883/1534/509
f 882/1530/510 987/1529/510 883/1534/510 812/1535/510
f 796/1536/473 872/1537/473 988/1538/473 898/1539/473
f 872/1537/474 786/1540/474 886/1541/474 988/1538/474
f 988/1538/475 886/1541/475 814/1542/475 884/1543/475
f 898/1539/473 988/1538/473 884/1543/473 813/1544/473
f 784/1545/511 870/1546/511 989/1547/511 900/1548/511
f 870/1546/512 798/1549/512 882/1550/512 989/1547/512
f 989/1547/513 882/1550/513 812/1551/513 887/1552/513
f 900/1548/514 989/1547/514 887/1552/514 811/1553/514
f 810/1554/515 896/1555/515 990/1556/515 889/1557/515
f 896/1555/516 807/1558/516 901/1559/516 990/1556/516
f 990/1556/517 901/1559/517 801/1560/517 875/1561/517
f 889/1557/518 990/1556/518 875/1561/518 803/1562/518
f 815/1563/519 905/1564/519 991/1565/519 907/1566/519
f 905/1564/520 817/1567/520 908/1568/520 991/1565/520
f 991/1565/521 908/1568/521 818/1569/521 906/1570/521
f 907/1566/522 991/1565/522 906/1570/522 816/1571/522
f 817/1572/523 909/1573/523 992/1574/523 908/1575/523
f 909/1573/524 819/1576/524 911/1577/524 992/1574/524
f 992/1574/525 911/1577/525 820/1578/525 910/1579/525
f 908/1575/526 992/1574/526 910/1579/526 818/1580/526
f 819/1581/527 912/1582/527 993/1583/527 911/1584/527
f 912/1582/528 821/1585/528 914/1586/528 993/1583/528
f 993/1583/529 914/1586/529 822/1587/529 913/1588/529
f 911/1584/530 993/1583/530 913/1588/530 820/1589/530
f 821/1590/531 915/1591/531 994/1592/531 914/1593/531
f 915/1591/532 823/1594/532 917/1595/532 994/1592/532
f 994/1592/533 917/1595/533 824/1596/533 916/1597/533
f 914/1593/534 994/1592/534 916/1597/534 822/1598/534
f 823/1599/535 918/1600/535 995/1601/535 917/1602/535
f 918/1600/536 825/1603/536 920/1604/536 995/1601/536
f 995/1601/537 920/1604/537 826/1605/537 919/1606/537
f 917/1602/538 995/1601/538 919/1606/538 824/1607/538
f 825/1608/539 921/1609/539 996/1610/539 920/1611/539
f 921/1609/540 827/1612/540 923/1613/540 996/1610/540
f 996/1610/541 923/1613/541 828/1614/541 922/1615/541
f 920/1611/542 996/1610/542 922/1615/542 826/1616/542
f 818/1617/3 910/1618/3 997/1619/3 930/1620/3
f 910/1618/3 820/1621/3 929/1622/3 997/1619/3
f 997/1619/3 929/1622/3 826/1623/3 922/1624/3
f 930/1620/3 997/1619/3 922/1624/3 828/1625/3
f 827/1626/543 924/1627/543 998/1628/543 923/1629/543
f 924/1627/544 829/1630/544 926/1631/544 998/1628/544
f 998/1628/545 926/1631/545 830/1632/545 925/1633/545
f 923/1629/546 998/1628/546 925/1633/546 828/1634/546
f 829/1635/547 927/1636/547 999/1637/547 926/1638/547
f 927/1636/548 815/1639/548 907/1640/548 999/1637/548
f 999/1637/549 907/1640/549 816/1641/549 928/1642/549
f 926/1638/550 999/1637/550 928/1642/550 830/1643/550
f 815/1644/2 927/1645/2 1000/1646/2 905/1647/2
f 829/1648/2 924/1649/2 1000/1646/2 927/1645/2
f 827/1650/2 921/1651/2 1000/1646/2 924/1649/2
f 825/1652/2 918/1653/2 1000/1646/2 921/1651/2
f 823/1654/2 915/1655/2 1000/1646/2 918/1653/2
f 821/1656/2 912/1657/2 1000/1646/2 915/1655/2
f 819/1658/2 909/1659/2 1000/1646/2 912/1657/2
f 817/1660/2 905/1647/2 1000/1646/2 909/1659/2
f 844/1661/551 957/1662/551 1001/1663/551 941/1664/551
f 957/1662/552 837/1665/552 935/1666/552 1001/1663/552
f 1001/1663/553 935/1666/553 838/1667/553 943/1668/553
f 941/1664/554 1001/1663/554 943/1668/554 845/1669/554
f 818/1670/555 944/1671/555 1002/1672/555 906/1673/555
f 944/1671/556 846/1674/556 946/1675/556 1002/1672/556
f 1002/1672/557 946/1675/557 843/1676/557 958/1677/557
f 906/1673/558 1002/1672/558 958/1677/558 816/1678/558
f 834/1679/3 932/1680/3 1003/1681/3 937/1682/3
f 932/1680/3 833/1683/3 933/1684/3 1003/1681/3
f 1003/1681/3 933/1684/3 835/1685/3 934/1686/3
f 937/1682/3 1003/1681/3 934/1686/3 836/1687/3
f 838/1688/3 935/1689/3 1004/1690/3 938/1691/3
f 935/1689/3 837/1692/3 936/1693/3 1004/1690/3
f 1004/1690/3 936/1693/3 832/1694/3 931/1695/3
f 938/1691/3 1004/1690/3 931/1695/3 831/1696/3
f 845/1697/1 943/1698/1 1005/1699/1 942/1700/1
f 943/1698/1 838/1701/1 938/1702/1 1005/1699/1
f 1005/1699/1 938/1702/1 831/1703/1 955/1704/1
f 942/1700/1 1005/1699/1 955/1704/1 846/1705/1
f 843/1706/559 939/1707/559 1006/1708/559 945/1709/559
f 939/1707/560 832/1710/560 936/1711/560 1006/1708/560
f 1006/1708/561 936/1711/561 837/1712/561 957/1713/561
f 945/1709/562 1006/1708/562 957/1713/562 844/1714/562
f 841/1715/563 961/1716/563 1007/1717/563 951/1718/563
f 961/1716/564 836/1719/564 934/1720/564 1007/1717/564
f 1007/1717/565 934/1720/565 835/1721/565 947/1722/565
f 951/1718/566 1007/1717/566 947/1722/566 842/1723/566
f 839/1724/567 959/1725/567 1008/1726/567 952/1727/567
f 959/1725/568 833/1728/568 932/1729/568 1008/1726/568
f 1008/1726/569 932/1729/569 834/1730/569 949/1731/569
f 952/1727/570 1008/1726/570 949/1731/570 840/1732/570
f 840/1733/571 949/1734/571 1009/1735/571 953/1736/571
f 949/1734/572 834/1737/572 937/1738/572 1009/1735/572
f 1009/1735/5 937/1738/5 836/1739/5 961/1740/5
f 953/1736/571 1009/1735/571 961/1740/571 841/1741/571
f 846/1742/573 955/1743/573 1010/1744/573 946/1745/573
f 955/1743/574 831/1746/574 931/1747/574 1010/1744/574
f 1010/1744/575 931/1747/575 832/1748/575 939/1749/575
f 946/1745/576 1010/1744/576 939/1749/576 843/1750/576
f 826/1751/577 948/1752/577 1011/1753/577 919/1754/577
f 948/1752/578 841/1755/578 951/1756/578 1011/1753/578
f 1011/1753/579 951/1756/579 842/1757/579 962/1758/579
f 919/1754/580 1011/1753/580 962/1758/580 824/1759/580
f 822/1760/581 950/1761/581 1012/1762/581 913/1763/581
f 950/1761/582 839/1764/582 952/1765/582 1012/1762/582
f 1012/1762/583 952/1765/583 840/1766/583 960/1767/583
f 913/1763/584 1012/1762/584 960/1767/584 820/1768/584
f 820/1769/5 960/1770/5 1013/1771/5 929/1772/5
f 960/1770/572 840/1773/572 953/1774/572 1013/1771/572
f 1013/1771/572 953/1774/572 841/1775/572 948/1776/572
f 929/1772/5 1013/1771/5 948/1776/5 826/1777/5
f 824/1778/585 962/1779/585 1014/1780/585 916/1781/585
f 962/1779/586 842/1782/586 954/1783/586 1014/1780/586
f 1014/1780/587 954/1783/587 839/1784/587 950/1785/587
f 916/1781/588 1014/1780/588 950/1785/588 822/1786/588
f 830/1787/589 940/1788/589 1015/1789/589 925/1790/589
f 940/1788/590 844/1791/590 941/1792/590 1015/1789/590
f 1015/1789/591 941/1792/591 845/1793/591 956/1794/591
f 925/1790/592 1015/1789/592 956/1794/592 828/1795/592
f 828/1796/593 956/1797/593 1016/1798/593 930/1799/593
f 956/1797/594 845/1800/594 942/1801/594 1016/1798/594
f 1016/1798/595 942/1801/595 846/1802/595 944/1803/595
f 930/1799/593 1016/1798/593 944/1803/593 818/1804/593
f 816/1805/596 958/1806/596 1017/1807/596 928/1808/596
f 958/1806/597 843/1809/597 945/1810/597 1017/1807/597
f 1017/1807/598 945/1810/598 844/1811/598 940/1812/598
f 928/1808/599 1017/1807/599 940/1812/599 830/1813/599
f 842/1814/600 947/1815/600 1018/1816/600 954/1817/600
f 947/1815/601 835/1818/601 933/1819/601 1018/1816/601
f 1018/1816/602 933/1819/602 833/1820/602 959/1821/602
f 954/1817/603 1018/1816/603 959/1821/603 839/1822/603
f 1019/1823/128 1178/1824/128 1257/1825/128 1159/1826/128
f 1178/1824/129 1048/1827/129 1174/1828/129 1257/1825/129
f 1257/1825/130 1174/1828/130 1050/1829/130 1179/1830/130
f 1159/1826/128 1257/1825/128 1179/1830/128 1033/1831/128
f 1058/1832/131 1102/1833/131 1258/1834/131 1255/1835/131
f 1023/1836/132 1104/1837/132 1258/1834/132 1102/1833/132
f 1025/1838/604 1255/1835/604 1258/1834/604 1104/1837/604
f 1025/1838/605 1104/1837/605 1259/1839/605 1108/1840/605
f 1104/1837/135 1023/1836/135 1103/1841/135 1259/1839/135
f 1259/1839/136 1103/1841/136 1024/1842/136 1106/1843/136
f 1108/1840/137 1259/1839/137 1106/1843/137 1026/1844/137
f 1022/1845/138 1105/1846/138 1260/1847/138 1100/1848/138
f 1105/1846/139 1025/1838/139 1108/1840/139 1260/1847/139
f 1260/1847/140 1108/1840/140 1026/1844/140 1107/1849/140
f 1100/1848/141 1260/1847/141 1107/1849/141 1021/1850/141
f 1057/1851/142 1254/1852/142 1261/1853/142 1101/1854/142
f 1254/1852/143 1058/1832/143 1255/1835/143 1261/1853/143
f 1261/1853/144 1255/1835/144 1025/1838/144 1105/1846/144
f 1101/1854/145 1261/1853/145 1105/1846/145 1022/1845/145
f 1026/1844/146 1106/1843/146 1262/1855/146 1177/1856/146
f 1024/1842/147 1098/1857/147 1262/1855/147 1106/1843/147
f 1020/1858/148 1175/1859/148 1262/1855/148 1098/1857/148
f 1047/1860/149 1167/1861/149 1262/1855/149 1175/1859/149
f 1049/1862/150 1177/1856/150 1262/1855/150 1167/1861/150
f 1020/1858/606 1119/1863/606 1263/1864/606 1113/1865/606
f 1030/1866/152 1114/1867/152 1263/1864/152 1119/1863/152
f 1028/1868/153 1113/1865/153 1263/1864/153 1114/1867/153
f 1027/1869/154 1112/1870/154 1264/1871/154 1110/1872/154
f 1112/1870/155 1029/1873/155 1120/1874/155 1264/1871/155
f 1264/1871/156 1120/1874/156 1066/1875/156 1109/1876/156
f 1110/1872/157 1264/1871/157 1109/1876/157 1063/1877/157
f 1028/1868/158 1114/1867/158 1265/1878/158 1111/1879/158
f 1114/1867/159 1030/1866/159 1118/1880/159 1265/1878/159
f 1265/1878/160 1118/1880/160 1029/1873/160 1112/1870/160
f 1111/1879/161 1265/1878/161 1112/1870/161 1027/1869/161
f 1029/1873/162 1118/1880/162 1266/1881/162 1116/1882/162
f 1118/1880/163 1030/1866/163 1117/1883/163 1266/1881/163
f 1266/1881/164 1117/1883/164 1032/1884/164 1124/1885/164
f 1116/1882/165 1266/1881/165 1124/1885/165 1031/1886/165
f 1030/1866/166 1119/1863/166 1267/1887/166 1117/1883/166
f 1020/1858/167 1125/1888/167 1267/1887/167 1119/1863/167
f 1032/1884/168 1117/1883/168 1267/1887/168 1125/1888/168
f 1066/1875/169 1120/1874/169 1268/1889/169 1115/1890/169
f 1120/1874/170 1029/1873/170 1116/1882/170 1268/1889/170
f 1268/1889/607 1116/1882/607 1031/1886/607 1126/1891/607
f 1115/1890/172 1268/1889/172 1126/1891/172 1070/1892/172
f 1031/1886/173 1124/1885/173 1269/1893/173 1121/1894/173
f 1124/1885/174 1032/1884/174 1123/1895/174 1269/1893/174
f 1269/1893/175 1123/1895/175 1024/1842/175 1103/1841/175
f 1121/1894/608 1269/1893/608 1103/1841/608 1023/1836/608
f 1032/1884/177 1125/1888/177 1270/1896/177 1123/1895/177
f 1020/1858/178 1098/1857/178 1270/1896/178 1125/1888/178
f 1024/1842/179 1123/1895/179 1270/1896/179 1098/1857/179
f 1070/1892/180 1126/1891/180 1271/1897/180 1122/1898/180
f 1126/1891/609 1031/1886/609 1121/1894/609 1271/1897/609
f 1271/1897/182 1121/1894/182 1023/1836/182 1102/1833/182
f 1122/1898/183 1271/1897/183 1102/1833/183 1058/1832/183
f 1033/1899/184 1179/1900/184 1272/1901/184 1128/1902/184
f 1050/1903/185 1170/1904/185 1272/1901/185 1179/1900/185
f 1052/1905/186 1180/1906/186 1272/1901/186 1170/1904/186
f 1040/1907/187 1138/1908/187 1272/1901/187 1180/1906/187
f 1035/1909/188 1128/1902/188 1272/1901/188 1138/1908/188
f 1080/1910/189 1140/1911/189 1273/1912/189 1133/1913/189
f 1140/1911/190 1039/1914/190 1135/1915/190 1273/1912/190
f 1273/1912/610 1135/1915/610 1037/1916/610 1131/1917/610
f 1133/1913/192 1273/1912/192 1131/1917/192 1077/1918/192
f 1039/1914/193 1139/1919/193 1274/1920/193 1135/1915/193
f 1139/1919/194 1040/1907/194 1137/1921/194 1274/1920/194
f 1274/1920/195 1137/1921/195 1038/1922/195 1132/1923/195
f 1135/1915/611 1274/1920/611 1132/1923/611 1037/1916/611
f 1035/1909/197 1138/1908/197 1275/1924/197 1129/1925/197
f 1138/1908/198 1040/1907/198 1139/1919/198 1275/1924/198
f 1275/1924/199 1139/1919/199 1039/1914/199 1136/1926/199
f 1129/1925/200 1275/1924/200 1136/1926/200 1036/1927/200
f 1036/1927/201 1136/1926/201 1276/1928/201 1130/1929/201
f 1136/1926/202 1039/1914/202 1140/1911/202 1276/1928/202
f 1276/1928/203 1140/1911/203 1080/1910/203 1134/1930/203
f 1130/1929/204 1276/1928/204 1134/1930/204 1076/1931/204
f 1034/1932/612 1145/1933/612 1277/1934/612 1151/1935/612
f 1042/1936/206 1146/1937/206 1277/1934/206 1145/1933/206
f 1044/1938/207 1151/1935/207 1277/1934/207 1146/1937/207
f 1041/1939/208 1142/1940/208 1278/1941/208 1144/1942/208
f 1142/1940/209 1083/1943/209 1141/1944/209 1278/1941/209
f 1278/1941/210 1141/1944/210 1086/1945/210 1152/1946/210
f 1144/1942/211 1278/1941/211 1152/1946/211 1043/1947/211
f 1042/1936/212 1143/1948/212 1279/1949/212 1146/1937/212
f 1143/1948/213 1041/1939/213 1144/1942/213 1279/1949/213
f 1279/1949/214 1144/1942/214 1043/1947/214 1150/1950/214
f 1146/1937/215 1279/1949/215 1150/1950/215 1044/1938/215
f 1043/1947/216 1148/1951/216 1280/1952/216 1150/1950/216
f 1148/1951/217 1045/1953/217 1156/1954/217 1280/1952/217
f 1280/1952/218 1156/1954/218 1046/1955/218 1149/1956/218
f 1150/1950/219 1280/1952/219 1149/1956/219 1044/1938/219
f 1044/1938/220 1149/1956/220 1281/1957/220 1151/1935/220
f 1046/1955/221 1157/1958/221 1281/1957/221 1149/1956/221
f 1034/1932/222 1151/1935/222 1281/1957/222 1157/1958/222
f 1086/1945/223 1147/1959/223 1282/1960/223 1152/1946/223
f 1147/1959/224 1090/1961/224 1158/1962/224 1282/1960/224
f 1282/1960/613 1158/1962/613 1045/1953/613 1148/1951/613
f 1152/1946/614 1282/1960/614 1148/1951/614 1043/1947/614
f 1045/1953/227 1153/1963/227 1283/1964/227 1156/1954/227
f 1153/1963/228 1037/1916/228 1132/1923/228 1283/1964/228
f 1283/1964/229 1132/1923/229 1038/1922/229 1155/1965/229
f 1156/1954/230 1283/1964/230 1155/1965/230 1046/1955/230
f 1046/1955/231 1155/1965/231 1284/1966/231 1157/1958/231
f 1038/1922/232 1127/1967/232 1284/1966/232 1155/1965/232
f 1034/1932/615 1157/1958/615 1284/1966/615 1127/1967/615
f 1090/1961/234 1154/1968/234 1285/1969/234 1158/1962/234
f 1154/1968/235 1077/1918/235 1131/1917/235 1285/1969/235
f 1285/1969/236 1131/1917/236 1037/1916/236 1153/1963/236
f 1158/1962/237 1285/1969/237 1153/1963/237 1045/1953/237
f 1021/1970/238 1099/1971/238 1286/1972/238 1161/1973/238
f 1099/1971/239 1019/1823/239 1159/1826/239 1286/1972/239
f 1286/1972/239 1159/1826/239 1033/1831/239 1128/1974/239
f 1161/1973/238 1286/1972/238 1128/1974/238 1035/1975/238
f 1022/1976/240 1100/1977/240 1287/1978/240 1162/1979/240
f 1100/1977/241 1021/1970/241 1161/1973/241 1287/1978/241
f 1287/1978/241 1161/1973/241 1035/1975/241 1129/1980/241
f 1162/1979/240 1287/1978/240 1129/1980/240 1036/1981/240
f 1057/1982/242 1101/1983/242 1288/1984/242 1163/1985/242
f 1101/1983/243 1022/1976/243 1162/1979/243 1288/1984/243
f 1288/1984/243 1162/1979/243 1036/1981/243 1130/1986/243
f 1163/1985/242 1288/1984/242 1130/1986/242 1076/1987/242
f 1021/1850/616 1107/1849/616 1289/1988/616 1099/1989/616
f 1026/1844/245 1177/1856/245 1289/1988/245 1107/1849/245
f 1049/1862/246 1169/1990/246 1289/1988/246 1177/1856/246
f 1048/1991/247 1178/1992/247 1289/1988/247 1169/1990/247
f 1019/1993/248 1099/1989/248 1289/1988/248 1178/1992/248
f 1040/1907/249 1180/1906/249 1290/1994/249 1137/1921/249
f 1052/1905/250 1172/1995/250 1290/1994/250 1180/1906/250
f 1051/1996/251 1176/1997/251 1290/1994/251 1172/1995/251
f 1034/1932/252 1127/1967/252 1290/1994/252 1176/1997/252
f 1038/1922/253 1137/1921/253 1290/1994/253 1127/1967/253
f 1027/1998/254 1110/1999/254 1291/2000/254 1165/2001/254
f 1110/1999/255 1063/2002/255 1164/2003/255 1291/2000/255
f 1291/2000/256 1164/2003/256 1083/2004/256 1142/2005/256
f 1165/2001/257 1291/2000/257 1142/2005/257 1041/2006/257
f 1028/2007/258 1111/2008/258 1292/2009/258 1166/2010/258
f 1111/2008/259 1027/1998/259 1165/2001/259 1292/2009/259
f 1292/2009/260 1165/2001/260 1041/2006/260 1143/2011/260
f 1166/2010/261 1292/2009/261 1143/2011/261 1042/2012/261
f 1020/2013/262 1113/2014/262 1293/2015/262 1160/2016/262
f 1113/2014/263 1028/2007/263 1166/2010/263 1293/2015/263
f 1293/2015/264 1166/2010/264 1042/2012/264 1145/2017/264
f 1160/2016/265 1293/2015/265 1145/2017/265 1034/2018/265
f 1047/1860/266 1168/2019/266 1294/2020/266 1167/1861/266
f 1048/1991/267 1169/1990/267 1294/2020/267 1168/2019/267
f 1049/1862/268 1167/1861/268 1294/2020/268 1169/1990/268
f 1050/1903/269 1171/2021/269 1295/2022/269 1170/1904/269
f 1051/1996/270 1172/1995/270 1295/2022/270 1171/2021/270
f 1052/1905/271 1170/1904/271 1295/2022/271 1172/1995/271
f 1047/2023/617 1173/2024/617 1296/2025/617 1168/2026/617
f 1173/2024/273 1051/2027/273 1171/2028/273 1296/2025/273
f 1296/2025/274 1171/2028/274 1050/1829/274 1174/1828/274
f 1168/2026/275 1296/2025/275 1174/1828/275 1048/1827/275
f 1047/2023/276 1175/2029/276 1297/2030/276 1173/2024/276
f 1175/2029/277 1020/2013/277 1160/2016/277 1297/2030/277
f 1297/2030/278 1160/2016/278 1034/2018/278 1176/2031/278
f 1173/2024/279 1297/2030/279 1176/2031/279 1051/2027/279
f 1053/2032/280 1234/2033/280 1298/2034/280 1251/2035/280
f 1234/2033/280 1072/2036/280 1252/2037/280 1298/2034/280
f 1298/2034/281 1252/2037/281 1095/2038/281 1247/2039/281
f 1251/2035/618 1298/2034/618 1247/2039/618 1093/2040/618
f 1058/1832/283 1256/2041/283 1299/2042/283 1185/2043/283
f 1061/2044/284 1187/2045/284 1299/2042/284 1256/2041/284
f 1059/2046/285 1185/2043/285 1299/2042/285 1187/2045/285
f 1061/2044/619 1191/2047/619 1300/2048/619 1187/2045/619
f 1191/2047/287 1062/2049/287 1189/2050/287 1300/2048/287
f 1300/2048/288 1189/2050/288 1060/2051/288 1186/2052/288
f 1187/2045/620 1300/2048/620 1186/2052/620 1059/2046/620
f 1056/2053/290 1183/2054/290 1301/2055/290 1188/2056/290
f 1183/2054/291 1055/2057/291 1190/2058/291 1301/2055/291
f 1301/2055/292 1190/2058/292 1062/2049/292 1191/2047/292
f 1188/2056/293 1301/2055/293 1191/2047/293 1061/2044/293
f 1057/1851/294 1184/2059/294 1302/2060/294 1254/1852/294
f 1184/2059/295 1056/2053/295 1188/2056/295 1302/2060/295
f 1302/2060/296 1188/2056/296 1061/2044/296 1256/2041/296
f 1254/1852/297 1302/2060/297 1256/2041/297 1058/1832/297
f 1062/2049/298 1250/2061/298 1303/2062/298 1189/2050/298
f 1094/2063/299 1240/2064/299 1303/2062/299 1250/2061/299
f 1092/2065/300 1248/2066/300 1303/2062/300 1240/2064/300
f 1054/2067/301 1181/2068/301 1303/2062/301 1248/2066/301
f 1060/2051/302 1189/2050/302 1303/2062/302 1181/2068/302
f 1054/2067/303 1195/2069/303 1304/2070/303 1200/2071/303
f 1065/2072/304 1196/2073/304 1304/2070/304 1195/2069/304
f 1068/2074/305 1200/2071/305 1304/2070/305 1196/2073/305
f 1064/2075/621 1192/2076/621 1305/2077/621 1194/2078/621
f 1192/2076/307 1063/1877/307 1109/1876/307 1305/2077/307
f 1305/2077/308 1109/1876/308 1066/1875/308 1201/2079/308
f 1194/2078/309 1305/2077/309 1201/2079/309 1067/2080/309
f 1065/2072/310 1193/2081/310 1306/2082/310 1196/2073/310
f 1193/2081/311 1064/2075/311 1194/2078/311 1306/2082/311
f 1306/2082/312 1194/2078/312 1067/2080/312 1199/2083/312
f 1196/2073/313 1306/2082/313 1199/2083/313 1068/2074/313
f 1067/2080/314 1197/2084/314 1307/2085/314 1199/2083/314
f 1197/2084/315 1069/2086/315 1204/2087/315 1307/2085/315
f 1307/2085/316 1204/2087/316 1071/2088/316 1198/2089/316
f 1199/2083/317 1307/2085/317 1198/2089/317 1068/2074/317
f 1068/2074/318 1198/2089/318 1308/2090/318 1200/2071/318
f 1071/2088/319 1205/2091/319 1308/2090/319 1198/2089/319
f 1054/2067/320 1200/2071/320 1308/2090/320 1205/2091/320
f 1066/1875/321 1115/1890/321 1309/2092/321 1201/2079/321
f 1115/1890/322 1070/1892/322 1206/2093/322 1309/2092/322
f 1309/2092/622 1206/2093/622 1069/2086/622 1197/2084/622
f 1201/2079/324 1309/2092/324 1197/2084/324 1067/2080/324
f 1069/2086/325 1202/2094/325 1310/2095/325 1204/2087/325
f 1202/2094/326 1059/2046/326 1186/2052/326 1310/2095/326
f 1310/2095/327 1186/2052/327 1060/2051/327 1203/2096/327
f 1204/2087/328 1310/2095/328 1203/2096/328 1071/2088/328
f 1071/2088/329 1203/2096/329 1311/2097/329 1205/2091/329
f 1060/2051/330 1181/2068/330 1311/2097/330 1203/2096/330
f 1054/2067/331 1205/2091/331 1311/2097/331 1181/2068/331
f 1070/1892/332 1122/1898/332 1312/2098/332 1206/2093/332
f 1122/1898/333 1058/1832/333 1185/2043/333 1312/2098/333
f 1312/2098/334 1185/2043/334 1059/2046/334 1202/2094/334
f 1206/2093/335 1312/2098/335 1202/2094/335 1069/2086/335
f 1072/2099/336 1208/2100/336 1313/2101/336 1252/2102/336
f 1074/2103/337 1216/2104/337 1313/2101/337 1208/2100/337
f 1082/2105/338 1253/2106/338 1313/2101/338 1216/2104/338
f 1097/2107/339 1243/2108/339 1313/2101/339 1253/2106/339
f 1095/2109/340 1252/2102/340 1313/2101/340 1243/2108/340
f 1080/1910/341 1133/1913/341 1314/2110/341 1218/2111/341
f 1133/1913/342 1077/1918/342 1211/2112/342 1314/2110/342
f 1314/2110/343 1211/2112/343 1078/2113/343 1213/2114/343
f 1218/2111/623 1314/2110/623 1213/2114/623 1081/2115/623
f 1081/2115/624 1213/2114/624 1315/2116/624 1217/2117/624
f 1213/2114/625 1078/2113/625 1212/2118/625 1315/2116/625
f 1315/2116/347 1212/2118/347 1079/2119/347 1215/2120/347
f 1217/2117/348 1315/2116/348 1215/2120/348 1082/2105/348
f 1074/2103/349 1209/2121/349 1316/2122/349 1216/2104/349
f 1209/2121/350 1075/2123/350 1214/2124/350 1316/2122/350
f 1316/2122/351 1214/2124/351 1081/2115/351 1217/2117/351
f 1216/2104/352 1316/2122/352 1217/2117/352 1082/2105/352
f 1075/2123/353 1210/2125/353 1317/2126/353 1214/2124/353
f 1210/2125/354 1076/1931/354 1134/1930/354 1317/2126/354
f 1317/2126/355 1134/1930/355 1080/1910/355 1218/2111/355
f 1214/2124/356 1317/2126/356 1218/2111/356 1081/2115/356
f 1073/2127/357 1227/2128/357 1318/2129/357 1222/2130/357
f 1088/2131/358 1223/2132/358 1318/2129/358 1227/2128/358
f 1085/2133/359 1222/2130/359 1318/2129/359 1223/2132/359
f 1084/2134/360 1221/2135/360 1319/2136/360 1219/2137/360
f 1221/2135/361 1087/2138/361 1228/2139/361 1319/2136/361
f 1319/2136/362 1228/2139/362 1086/1945/362 1141/1944/362
f 1219/2137/363 1319/2136/363 1141/1944/363 1083/1943/363
f 1085/2133/364 1223/2132/364 1320/2140/364 1220/2141/364
f 1223/2132/365 1088/2131/365 1226/2142/365 1320/2140/365
f 1320/2140/366 1226/2142/366 1087/2138/366 1221/2135/366
f 1220/2141/367 1320/2140/367 1221/2135/367 1084/2134/367
f 1087/2138/368 1226/2142/368 1321/2143/368 1224/2144/368
f 1226/2142/369 1088/2131/369 1225/2145/369 1321/2143/369
f 1321/2143/370 1225/2145/370 1091/2146/370 1231/2147/370
f 1224/2144/371 1321/2143/371 1231/2147/371 1089/2148/371
f 1088/2131/372 1227/2128/372 1322/2149/372 1225/2145/372
f 1073/2127/373 1232/2150/373 1322/2149/373 1227/2128/373
f 1091/2146/374 1225/2145/374 1322/2149/374 1232/2150/374
f 1086/1945/375 1228/2139/375 1323/2151/375 1147/1959/375
f 1228/2139/626 1087/2138/626 1224/2144/626 1323/2151/626
f 1323/2151/627 1224/2144/627 1089/2148/627 1233/2152/627
f 1147/1959/378 1323/2151/378 1233/2152/378 1090/1961/378
f 1089/2148/379 1231/2147/379 1324/2153/379 1229/2154/379
f 1231/2147/380 1091/2146/380 1230/2155/380 1324/2153/380
f 1324/2153/381 1230/2155/381 1079/2119/381 1212/2118/381
f 1229/2154/382 1324/2153/382 1212/2118/382 1078/2113/382
f 1091/2146/383 1232/2150/383 1325/2156/383 1230/2155/383
f 1073/2127/384 1207/2157/384 1325/2156/384 1232/2150/384
f 1079/2119/385 1230/2155/385 1325/2156/385 1207/2157/385
f 1090/1961/386 1233/2152/386 1326/2158/386 1154/1968/386
f 1233/2152/387 1089/2148/387 1229/2154/387 1326/2158/387
f 1326/2158/388 1229/2154/388 1078/2113/388 1211/2112/388
f 1154/1968/389 1326/2158/389 1211/2112/389 1077/1918/389
f 1055/2159/391 1236/2160/391 1327/2161/391 1182/2162/391
f 1236/2160/390 1074/2163/390 1208/2164/390 1327/2161/390
f 1327/2161/392 1208/2164/392 1072/2036/392 1234/2033/392
f 1182/2162/392 1327/2161/392 1234/2033/392 1053/2032/392
f 1056/2165/393 1237/2166/393 1328/2167/393 1183/2168/393
f 1237/2166/393 1075/2169/393 1209/2170/393 1328/2167/393
f 1328/2167/394 1209/2170/394 1074/2163/394 1236/2160/394
f 1183/2168/394 1328/2167/394 1236/2160/394 1055/2159/394
f 1057/1982/395 1163/1985/395 1329/2171/395 1184/2172/395
f 1163/1985/395 1076/1987/395 1210/2173/395 1329/2171/395
f 1329/2171/396 1210/2173/396 1075/2169/396 1237/2166/396
f 1184/2172/396 1329/2171/396 1237/2166/396 1056/2165/396
f 1055/2057/628 1182/2174/628 1330/2175/628 1190/2058/628
f 1053/2176/398 1251/2177/398 1330/2175/398 1182/2174/398
f 1093/2178/399 1242/2179/399 1330/2175/399 1251/2177/399
f 1094/2063/400 1250/2061/400 1330/2175/400 1242/2179/400
f 1062/2049/401 1190/2058/401 1330/2175/401 1250/2061/401
f 1082/2105/402 1215/2120/402 1331/2180/402 1253/2106/402
f 1079/2119/403 1207/2157/403 1331/2180/403 1215/2120/403
f 1073/2127/404 1249/2181/404 1331/2180/404 1207/2157/404
f 1096/2182/405 1245/2183/405 1331/2180/405 1249/2181/405
f 1097/2107/406 1253/2106/406 1331/2180/406 1245/2183/406
f 1064/2184/407 1238/2185/407 1332/2186/407 1192/2187/407
f 1238/2185/408 1084/2188/408 1219/2189/408 1332/2186/408
f 1332/2186/409 1219/2189/409 1083/2004/409 1164/2003/409
f 1192/2187/410 1332/2186/410 1164/2003/410 1063/2002/410
f 1065/2190/411 1239/2191/411 1333/2192/411 1193/2193/411
f 1239/2191/412 1085/2194/412 1220/2195/412 1333/2192/412
f 1333/2192/413 1220/2195/413 1084/2188/413 1238/2185/413
f 1193/2193/414 1333/2192/414 1238/2185/414 1064/2184/414
f 1054/2196/415 1235/2197/415 1334/2198/415 1195/2199/415
f 1235/2197/416 1073/2200/416 1222/2201/416 1334/2198/416
f 1334/2198/417 1222/2201/417 1085/2194/417 1239/2191/417
f 1195/2199/418 1334/2198/418 1239/2191/418 1065/2190/418
f 1092/2065/419 1240/2064/419 1335/2202/419 1241/2203/419
f 1094/2063/420 1242/2179/420 1335/2202/420 1240/2064/420
f 1093/2178/421 1241/2203/421 1335/2202/421 1242/2179/421
f 1095/2109/422 1243/2108/422 1336/2204/422 1244/2205/422
f 1097/2107/423 1245/2183/423 1336/2204/423 1243/2108/423
f 1096/2182/424 1244/2205/424 1336/2204/424 1245/2183/424
f 1092/2206/425 1241/2207/425 1337/2208/425 1246/2209/425
f 1241/2207/426 1093/2040/426 1247/2039/426 1337/2208/426
f 1337/2208/427 1247/2039/427 1095/2038/427 1244/2210/427
f 1246/2209/428 1337/2208/428 1244/2210/428 1096/2211/428
f 1092/2206/429 1246/2209/429 1338/2212/429 1248/2213/429
f 1246/2209/430 1096/2211/430 1249/2214/430 1338/2212/430
f 1338/2212/431 1249/2214/431 1073/2200/431 1235/2197/431
f 1248/2213/432 1338/2212/432 1235/2197/432 1054/2196/432
f 1339/2215/433 1405/2216/433 1519/2217/433 1403/2218/433
f 1405/2216/434 1340/2219/434 1404/2220/434 1519/2217/434
f 1519/2217/435 1404/2220/435 1342/2221/435 1406/2222/435
f 1403/2218/436 1519/2217/436 1406/2222/436 1341/2223/436
f 1341/2224/437 1406/2225/437 1520/2226/437 1407/2227/437
f 1406/2225/438 1342/2228/438 1408/2229/438 1520/2226/438
f 1520/2226/439 1408/2229/439 1344/2230/439 1409/2231/439
f 1407/2227/440 1520/2226/440 1409/2231/440 1343/2232/440
f 1343/2233/441 1409/2234/441 1521/2235/441 1410/2236/441
f 1409/2234/442 1344/2237/442 1411/2238/442 1521/2235/442
f 1521/2235/443 1411/2238/443 1346/2239/443 1412/2240/443
f 1410/2236/444 1521/2235/444 1412/2240/444 1345/2241/444
f 1345/2242/445 1412/2243/445 1522/2244/445 1413/2245/445
f 1412/2243/446 1346/2246/446 1414/2247/446 1522/2244/446
f 1522/2244/447 1414/2247/447 1348/2248/447 1415/2249/447
f 1413/2245/448 1522/2244/448 1415/2249/448 1347/2250/448
f 1347/2251/449 1415/2252/449 1523/2253/449 1416/2254/449
f 1415/2252/450 1348/2255/450 1417/2256/450 1523/2253/450
f 1523/2253/451 1417/2256/451 1350/2257/451 1418/2258/451
f 1416/2254/452 1523/2253/452 1418/2258/452 1349/2259/452
f 1349/2260/453 1418/2261/453 1524/2262/453 1419/2263/453
f 1418/2261/454 1350/2264/454 1420/2265/454 1524/2262/454
f 1524/2262/455 1420/2265/455 1352/2266/455 1421/2267/455
f 1419/2263/456 1524/2262/456 1421/2267/456 1351/2268/456
f 1342/2269/3 1428/2270/3 1525/2271/3 1408/2272/3
f 1428/2270/3 1352/2273/3 1420/2274/3 1525/2271/3
f 1525/2271/3 1420/2274/3 1350/2275/3 1427/2276/3
f 1408/2272/3 1525/2271/3 1427/2276/3 1344/2277/3
f 1351/2278/457 1421/2279/457 1526/2280/457 1422/2281/457
f 1421/2279/458 1352/2282/458 1423/2283/458 1526/2280/458
f 1526/2280/459 1423/2283/459 1354/2284/459 1424/2285/459
f 1422/2281/460 1526/2280/460 1424/2285/460 1353/2286/460
f 1353/2287/461 1424/2288/461 1527/2289/461 1425/2290/461
f 1424/2288/462 1354/2291/462 1426/2292/462 1527/2289/462
f 1527/2289/463 1426/2292/463 1340/2293/463 1405/2294/463
f 1425/2290/464 1527/2289/464 1405/2294/464 1339/2295/464
f 1339/2296/2 1403/2297/2 1528/2298/2 1425/2299/2
f 1341/2300/2 1407/2301/2 1528/2298/2 1403/2297/2
f 1343/2302/2 1410/2303/2 1528/2298/2 1407/2301/2
f 1345/2304/2 1413/2305/2 1528/2298/2 1410/2303/2
f 1347/2306/2 1416/2307/2 1528/2298/2 1413/2305/2
f 1349/2308/2 1419/2309/2 1528/2298/2 1416/2307/2
f 1351/2310/2 1422/2311/2 1528/2298/2 1419/2309/2
f 1353/2312/2 1425/2299/2 1528/2298/2 1422/2311/2
f 1368/2313/629 1439/2314/629 1529/2315/629 1455/2316/629
f 1439/2314/466 1369/2317/466 1441/2318/466 1529/2315/466
f 1529/2315/630 1441/2318/630 1362/2319/630 1433/2320/630
f 1455/2316/631 1529/2315/631 1433/2320/631 1361/2321/631
f 1342/2322/632 1404/2323/632 1530/2324/632 1442/2325/632
f 1404/2323/470 1340/2326/470 1456/2327/470 1530/2324/470
f 1530/2324/471 1456/2327/471 1367/2328/471 1444/2329/471
f 1442/2325/633 1530/2324/633 1444/2329/633 1370/2330/633
f 1358/2331/3 1435/2332/3 1531/2333/3 1430/2334/3
f 1435/2332/3 1360/2335/3 1432/2336/3 1531/2333/3
f 1531/2333/3 1432/2336/3 1359/2337/3 1431/2338/3
f 1430/2334/3 1531/2333/3 1431/2338/3 1357/2339/3
f 1362/2340/3 1436/2341/3 1532/2342/3 1433/2343/3
f 1436/2341/3 1355/2344/3 1429/2345/3 1532/2342/3
f 1532/2342/3 1429/2345/3 1356/2346/3 1434/2347/3
f 1433/2343/3 1532/2342/3 1434/2347/3 1361/2348/3
f 1369/2349/634 1440/2350/634 1533/2351/634 1441/2352/634
f 1440/2350/473 1370/2353/473 1453/2354/473 1533/2351/473
f 1533/2351/473 1453/2354/473 1355/2355/473 1436/2356/473
f 1441/2352/475 1533/2351/475 1436/2356/475 1362/2357/475
f 1367/2358/635 1443/2359/635 1534/2360/635 1437/2361/635
f 1443/2359/636 1368/2362/636 1455/2363/636 1534/2360/636
f 1534/2360/637 1455/2363/637 1361/2364/637 1434/2365/637
f 1437/2361/638 1534/2360/638 1434/2365/638 1356/2366/638
f 1365/2367/480 1449/2368/480 1535/2369/480 1459/2370/480
f 1449/2368/481 1366/2371/481 1445/2372/481 1535/2369/481
f 1535/2369/639 1445/2372/639 1359/2373/639 1432/2374/639
f 1459/2370/483 1535/2369/483 1432/2374/483 1360/2375/483
f 1363/2376/640 1450/2377/640 1536/2378/640 1457/2379/640
f 1450/2377/485 1364/2380/485 1447/2381/485 1536/2378/485
f 1536/2378/486 1447/2381/486 1358/2382/486 1430/2383/486
f 1457/2379/641 1536/2378/641 1430/2383/641 1357/2384/641
f 1364/2385/489 1451/2386/489 1537/2387/489 1447/2388/489
f 1451/2386/502 1365/2389/502 1459/2390/502 1537/2387/502
f 1537/2387/488 1459/2390/488 1360/2391/488 1435/2392/488
f 1447/2388/488 1537/2387/488 1435/2392/488 1358/2393/488
f 1370/2394/490 1444/2395/490 1538/2396/490 1453/2397/490
f 1444/2395/491 1367/2398/491 1437/2399/491 1538/2396/491
f 1538/2396/492 1437/2399/492 1356/2400/492 1429/2401/492
f 1453/2397/493 1538/2396/493 1429/2401/493 1355/2402/493
f 1350/2403/494 1417/2404/494 1539/2405/494 1446/2406/494
f 1417/2404/495 1348/2407/495 1460/2408/495 1539/2405/495
f 1539/2405/496 1460/2408/496 1366/2409/496 1449/2410/496
f 1446/2406/497 1539/2405/497 1449/2410/497 1365/2411/497
f 1346/2412/498 1411/2413/498 1540/2414/498 1448/2415/498
f 1411/2413/499 1344/2416/499 1458/2417/499 1540/2414/499
f 1540/2414/500 1458/2417/500 1364/2418/500 1450/2419/500
f 1448/2415/642 1540/2414/642 1450/2419/642 1363/2420/642
f 1344/2421/502 1427/2422/502 1541/2423/502 1458/2424/502
f 1427/2422/488 1350/2425/488 1446/2426/488 1541/2423/488
f 1541/2423/502 1446/2426/502 1365/2427/502 1451/2428/502
f 1458/2424/489 1541/2423/489 1451/2428/489 1364/2429/489
f 1348/2430/503 1414/2431/503 1542/2432/503 1460/2433/503
f 1414/2431/504 1346/2434/504 1448/2435/504 1542/2432/504
f 1542/2432/505 1448/2435/505 1363/2436/505 1452/2437/505
f 1460/2433/506 1542/2432/506 1452/2437/506 1366/2438/506
f 1354/2439/507 1423/2440/507 1543/2441/507 1438/2442/507
f 1423/2440/508 1352/2443/508 1454/2444/508 1543/2441/508
f 1543/2441/509 1454/2444/509 1369/2445/509 1439/2446/509
f 1438/2442/510 1543/2441/510 1439/2446/510 1368/2447/510
f 1352/2448/473 1428/2449/473 1544/2450/473 1454/2451/473
f 1428/2449/473 1342/2452/473 1442/2453/473 1544/2450/473
f 1544/2450/474 1442/2453/474 1370/2454/474 1440/2455/474
f 1454/2451/475 1544/2450/475 1440/2455/475 1369/2456/475
f 1340/2457/511 1426/2458/511 1545/2459/511 1456/2460/511
f 1426/2458/512 1354/2461/512 1438/2462/512 1545/2459/512
f 1545/2459/513 1438/2462/513 1368/2463/513 1443/2464/513
f 1456/2460/514 1545/2459/514 1443/2464/514 1367/2465/514
f 1366/2466/643 1452/2467/643 1546/2468/643 1445/2469/643
f 1452/2467/644 1363/2470/644 1457/2471/644 1546/2468/644
f 1546/2468/645 1457/2471/645 1357/2472/645 1431/2473/645
f 1445/2469/646 1546/2468/646 1431/2473/646 1359/2474/646
f 1371/2475/519 1461/2476/519 1547/2477/519 1463/2478/519
f 1461/2476/520 1373/2479/520 1464/2480/520 1547/2477/520
f 1547/2477/521 1464/2480/521 1374/2481/521 1462/2482/521
f 1463/2478/522 1547/2477/522 1462/2482/522 1372/2483/522
f 1373/2484/523 1465/2485/523 1548/2486/523 1464/2487/523
f 1465/2485/524 1375/2488/524 1467/2489/524 1548/2486/524
f 1548/2486/525 1467/2489/525 1376/2490/525 1466/2491/525
f 1464/2487/526 1548/2486/526 1466/2491/526 1374/2492/526
f 1375/2493/527 1468/2494/527 1549/2495/527 1467/2496/527
f 1468/2494/528 1377/2497/528 1470/2498/528 1549/2495/528
f 1549/2495/529 1470/2498/529 1378/2499/529 1469/2500/529
f 1467/2496/530 1549/2495/530 1469/2500/530 1376/2501/530
f 1377/2502/647 1471/2503/647 1550/2504/647 1470/2505/647
f 1471/2503/532 1379/2506/532 1473/2507/532 1550/2504/532
f 1550/2504/533 1473/2507/533 1380/2508/533 1472/2509/533
f 1470/2505/534 1550/2504/534 1472/2509/534 1378/2510/534
f 1379/2511/648 1474/2512/648 1551/2513/648 1473/2514/648
f 1474/2512/536 1381/2515/536 1476/2516/536 1551/2513/536
f 1551/2513/537 1476/2516/537 1382/2517/537 1475/2518/537
f 1473/2514/538 1551/2513/538 1475/2518/538 1380/2519/538
f 1381/2520/539 1477/2521/539 1552/2522/539 1476/2523/539
f 1477/2521/540 1383/2524/540 1479/2525/540 1552/2522/540
f 1552/2522/649 1479/2525/649 1384/2526/649 1478/2527/649
f 1476/2523/542 1552/2522/542 1478/2527/542 1382/2528/542
f 1374/2529/3 1466/2530/3 1553/2531/3 1486/2532/3
f 1466/2530/3 1376/2533/3 1485/2534/3 1553/2531/3
f 1553/2531/3 1485/2534/3 1382/2535/3 1478/2536/3
f 1486/2532/3 1553/2531/3 1478/2536/3 1384/2537/3
f 1383/2538/543 1480/2539/543 1554/2540/543 1479/2541/543
f 1480/2539/544 1385/2542/544 1482/2543/544 1554/2540/544
f 1554/2540/545 1482/2543/545 1386/2544/545 1481/2545/545
f 1479/2541/546 1554/2540/546 1481/2545/546 1384/2546/546
f 1385/2547/547 1483/2548/547 1555/2549/547 1482/2550/547
f 1483/2548/548 1371/2551/548 1463/2552/548 1555/2549/548
f 1555/2549/549 1463/2552/549 1372/2553/549 1484/2554/549
f 1482/2550/550 1555/2549/550 1484/2554/550 1386/2555/550
f 1371/2556/2 1483/2557/2 1556/2558/2 1461/2559/2
f 1385/2560/2 1480/2561/2 1556/2558/2 1483/2557/2
f 1383/2562/2 1477/2563/2 1556/2558/2 1480/2561/2
f 1381/2564/2 1474/2565/2 1556/2558/2 1477/2563/2
f 1379/2566/2 1471/2567/2 1556/2558/2 1474/2565/2
f 1377/2568/2 1468/2569/2 1556/2558/2 1471/2567/2
f 1375/2570/2 1465/2571/2 1556/2558/2 1468/2569/2
f 1373/2572/2 1461/2559/2 1556/2558/2 1465/2571/2
f 1400/2573/650 1513/2574/650 1557/2575/650 1497/2576/650
f 1513/2574/651 1393/2577/651 1491/2578/651 1557/2575/651
f 1557/2575/553 1491/2578/553 1394/2579/553 1499/2580/553
f 1497/2576/652 1557/2575/652 1499/2580/652 1401/2581/652
f 1374/2582/555 1500/2583/555 1558/2584/555 1462/2585/555
f 1500/2583/556 1402/2586/556 1502/2587/556 1558/2584/556
f 1558/2584/653 1502/2587/653 1399/2588/653 1514/2589/653
f 1462/2585/558 1558/2584/558 1514/2589/558 1372/2590/558
f 1390/2591/3 1488/2592/3 1559/2593/3 1493/2594/3
f 1488/2592/3 1389/2595/3 1489/2596/3 1559/2593/3
f 1559/2593/3 1489/2596/3 1391/2597/3 1490/2598/3
f 1493/2594/3 1559/2593/3 1490/2598/3 1392/2599/3
f 1394/2600/3 1491/2601/3 1560/2602/3 1494/2603/3
f 1491/2601/3 1393/2604/3 1492/2605/3 1560/2602/3
f 1560/2602/3 1492/2605/3 1388/2606/3 1487/2607/3
f 1494/2603/3 1560/2602/3 1487/2607/3 1387/2608/3
f 1401/2609/1 1499/2610/1 1561/2611/1 1498/2612/1
f 1499/2610/654 1394/2613/654 1494/2614/654 1561/2611/654
f 1561/2611/593 1494/2614/593 1387/2615/593 1511/2616/593
f 1498/2612/654 1561/2611/654 1511/2616/654 1402/2617/654
f 1399/2618/655 1495/2619/655 1562/2620/655 1501/2621/655
f 1495/2619/656 1388/2622/656 1492/2623/656 1562/2620/656
f 1562/2620/657 1492/2623/657 1393/2624/657 1513/2625/657
f 1501/2621/562 1562/2620/562 1513/2625/562 1400/2626/562
f 1397/2627/563 1517/2628/563 1563/2629/563 1507/2630/563
f 1517/2628/564 1392/2631/564 1490/2632/564 1563/2629/564
f 1563/2629/658 1490/2632/658 1391/2633/658 1503/2634/658
f 1507/2630/566 1563/2629/566 1503/2634/566 1398/2635/566
f 1395/2636/659 1515/2637/659 1564/2638/659 1508/2639/659
f 1515/2637/660 1389/2640/660 1488/2641/660 1564/2638/660
f 1564/2638/661 1488/2641/661 1390/2642/661 1505/2643/661
f 1508/2639/570 1564/2638/570 1505/2643/570 1396/2644/570
f 1396/2645/5 1505/2646/5 1565/2647/5 1509/2648/5
f 1505/2646/571 1390/2649/571 1493/2650/571 1565/2647/571
f 1565/2647/571 1493/2650/571 1392/2651/571 1517/2652/571
f 1509/2648/5 1565/2647/5 1517/2652/5 1397/2653/5
f 1402/2654/662 1511/2655/662 1566/2656/662 1502/2657/662
f 1511/2655/663 1387/2658/663 1487/2659/663 1566/2656/663
f 1566/2656/664 1487/2659/664 1388/2660/664 1495/2661/664
f 1502/2657/665 1566/2656/665 1495/2661/665 1399/2662/665
f 1382/2663/666 1504/2664/666 1567/2665/666 1475/2666/666
f 1504/2664/667 1397/2667/667 1507/2668/667 1567/2665/667
f 1567/2665/579 1507/2668/579 1398/2669/579 1518/2670/579
f 1475/2666/580 1567/2665/580 1518/2670/580 1380/2671/580
f 1378/2672/668 1506/2673/668 1568/2674/668 1469/2675/668
f 1506/2673/669 1395/2676/669 1508/2677/669 1568/2674/669
f 1568/2674/670 1508/2677/670 1396/2678/670 1516/2679/670
f 1469/2675/671 1568/2674/671 1516/2679/671 1376/2680/671
f 1376/2681/5 1516/2682/5 1569/2683/5 1485/2684/5
f 1516/2682/5 1396/2685/5 1509/2686/5 1569/2683/5
f 1569/2683/5 1509/2686/5 1397/2687/5 1504/2688/5
f 1485/2684/5 1569/2683/5 1504/2688/5 1382/2689/5
f 1380/2690/672 1518/2691/672 1570/2692/672 1472/2693/672
f 1518/2691/673 1398/2694/673 1510/2695/673 1570/2692/673
f 1570/2692/674 1510/2695/674 1395/2696/674 1506/2697/674
f 1472/2693/675 1570/2692/675 1506/2697/675 1378/2698/675
f 1386/2699/676 1496/2700/676 1571/2701/676 1481/2702/676
f 1496/2700/677 1400/2703/677 1497/2704/677 1571/2701/677
f 1571/2701/591 1497/2704/591 1401/2705/591 1512/2706/591
f 1481/2702/592 1571/2701/592 1512/2706/592 1384/2707/592
f 1384/2708/595 1512/2709/595 1572/2710/595 1486/2711/595
f 1512/2709/593 1401/2712/593 1498/2713/593 1572/2710/593
f 1572/2710/595 1498/2713/595 1402/2714/595 1500/2715/595
f 1486/2711/595 1572/2710/595 1500/2715/595 1374/2716/595
f 1372/2717/678 1514/2718/678 1573/2719/678 1484/2720/678
f 1514/2718/679 1399/2721/679 1501/2722/679 1573/2719/679
f 1573/2719/680 1501/2722/680 1400/2723/680 1496/2724/680
f 1484/2720/681 1573/2719/681 1496/2724/681 1386/2725/681
f 1398/2726/600 1503/2727/600 1574/2728/600 1510/2729/600
f 1503/2727/601 1391/2730/601 1489/2731/601 1574/2728/601
f 1574/2728/682 1489/2731/682 1389/2732/682 1515/2733/682
f 1510/2729/603 1574/2728/603 1515/2733/603 1395/2734/603
f 1575/2735/128 1734/2736/128 1813/2737/128 1715/2738/128
f 1734/2736/683 1604/2739/683 1730/2740/683 1813/2737/683
f 1813/2737/684 1730/2740/684 1606/2741/684 1735/2742/684
f 1715/2738/128 1813/2737/128 1735/2742/128 1589/2743/128
f 1614/2744/131 1658/2745/131 1814/2746/131 1811/2747/131
f 1579/2748/132 1660/2749/132 1814/2746/132 1658/2745/132
f 1581/2750/604 1811/2747/604 1814/2746/604 1660/2749/604
f 1581/2750/605 1660/2749/605 1815/2751/605 1664/2752/605
f 1660/2749/135 1579/2748/135 1659/2753/135 1815/2751/135
f 1815/2751/136 1659/2753/136 1580/2754/136 1662/2755/136
f 1664/2752/137 1815/2751/137 1662/2755/137 1582/2756/137
f 1578/2757/138 1661/2758/138 1816/2759/138 1656/2760/138
f 1661/2758/139 1581/2750/139 1664/2752/139 1816/2759/139
f 1816/2759/140 1664/2752/140 1582/2756/140 1663/2761/140
f 1656/2760/141 1816/2759/141 1663/2761/141 1577/2762/141
f 1613/2763/142 1810/2764/142 1817/2765/142 1657/2766/142
f 1810/2764/143 1614/2744/143 1811/2747/143 1817/2765/143
f 1817/2765/144 1811/2747/144 1581/2750/144 1661/2758/144
f 1657/2766/145 1817/2765/145 1661/2758/145 1578/2757/145
f 1582/2756/146 1662/2755/146 1818/2767/146 1733/2768/146
f 1580/2754/147 1654/2769/147 1818/2767/147 1662/2755/147
f 1576/2770/148 1731/2771/148 1818/2767/148 1654/2769/148
f 1603/2772/149 1723/2773/149 1818/2767/149 1731/2771/149
f 1605/2774/150 1733/2768/150 1818/2767/150 1723/2773/150
f 1576/2770/151 1675/2775/151 1819/2776/151 1669/2777/151
f 1586/2778/685 1670/2779/685 1819/2776/685 1675/2775/685
f 1584/2780/153 1669/2777/153 1819/2776/153 1670/2779/153
f 1583/2781/154 1668/2782/154 1820/2783/154 1666/2784/154
f 1668/2782/155 1585/2785/155 1676/2786/155 1820/2783/155
f 1820/2783/156 1676/2786/156 1622/2787/156 1665/2788/156
f 1666/2784/157 1820/2783/157 1665/2788/157 1619/2789/157
f 1584/2780/158 1670/2779/158 1821/2790/158 1667/2791/158
f 1670/2779/159 1586/2778/159 1674/2792/159 1821/2790/159
f 1821/2790/160 1674/2792/160 1585/2785/160 1668/2782/160
f 1667/2791/161 1821/2790/161 1668/2782/161 1583/2781/161
f 1585/2785/162 1674/2792/162 1822/2793/162 1672/2794/162
f 1674/2792/163 1586/2778/163 1673/2795/163 1822/2793/163
f 1822/2793/164 1673/2795/164 1588/2796/164 1680/2797/164
f 1672/2794/165 1822/2793/165 1680/2797/165 1587/2798/165
f 1586/2778/166 1675/2775/166 1823/2799/166 1673/2795/166
f 1576/2770/167 1681/2800/167 1823/2799/167 1675/2775/167
f 1588/2796/168 1673/2795/168 1823/2799/168 1681/2800/168
f 1622/2787/169 1676/2786/169 1824/2801/169 1671/2802/169
f 1676/2786/686 1585/2785/686 1672/2794/686 1824/2801/686
f 1824/2801/607 1672/2794/607 1587/2798/607 1682/2803/607
f 1671/2802/172 1824/2801/172 1682/2803/172 1626/2804/172
f 1587/2798/173 1680/2797/173 1825/2805/173 1677/2806/173
f 1680/2797/174 1588/2796/174 1679/2807/174 1825/2805/174
f 1825/2805/175 1679/2807/175 1580/2754/175 1659/2753/175
f 1677/2806/176 1825/2805/176 1659/2753/176 1579/2748/176
f 1588/2796/177 1681/2800/177 1826/2808/177 1679/2807/177
f 1576/2770/178 1654/2769/178 1826/2808/178 1681/2800/178
f 1580/2754/179 1679/2807/179 1826/2808/179 1654/2769/179
f 1626/2804/180 1682/2803/180 1827/2809/180 1678/2810/180
f 1682/2803/609 1587/2798/609 1677/2806/609 1827/2809/609
f 1827/2809/182 1677/2806/182 1579/2748/182 1658/2745/182
f 1678/2810/183 1827/2809/183 1658/2745/183 1614/2744/183
f 1589/2811/184 1735/2812/184 1828/2813/184 1684/2814/184
f 1606/2815/185 1726/2816/185 1828/2813/185 1735/2812/185
f 1608/2817/186 1736/2818/186 1828/2813/186 1726/2816/186
f 1596/2819/187 1694/2820/187 1828/2813/187 1736/2818/187
f 1591/2821/188 1684/2814/188 1828/2813/188 1694/2820/188
f 1636/2822/189 1696/2823/189 1829/2824/189 1689/2825/189
f 1696/2823/190 1595/2826/190 1691/2827/190 1829/2824/190
f 1829/2824/610 1691/2827/610 1593/2828/610 1687/2829/610
f 1689/2825/192 1829/2824/192 1687/2829/192 1633/2830/192
f 1595/2826/193 1695/2831/193 1830/2832/193 1691/2827/193
f 1695/2831/194 1596/2819/194 1693/2833/194 1830/2832/194
f 1830/2832/195 1693/2833/195 1594/2834/195 1688/2835/195
f 1691/2827/611 1830/2832/611 1688/2835/611 1593/2828/611
f 1591/2821/197 1694/2820/197 1831/2836/197 1685/2837/197
f 1694/2820/198 1596/2819/198 1695/2831/198 1831/2836/198
f 1831/2836/199 1695/2831/199 1595/2826/199 1692/2838/199
f 1685/2837/200 1831/2836/200 1692/2838/200 1592/2839/200
f 1592/2839/201 1692/2838/201 1832/2840/201 1686/2841/201
f 1692/2838/202 1595/2826/202 1696/2823/202 1832/2840/202
f 1832/2840/203 1696/2823/203 1636/2822/203 1690/2842/203
f 1686/2841/204 1832/2840/204 1690/2842/204 1632/2843/204
f 1590/2844/205 1701/2845/205 1833/2846/205 1707/2847/205
f 1598/2848/687 1702/2849/687 1833/2846/687 1701/2845/687
f 1600/2850/207 1707/2847/207 1833/2846/207 1702/2849/207
f 1597/2851/208 1698/2852/208 1834/2853/208 1700/2854/208
f 1698/2852/209 1639/2855/209 1697/2856/209 1834/2853/209
f 1834/2853/210 1697/2856/210 1642/2857/210 1708/2858/210
f 1700/2854/211 1834/2853/211 1708/2858/211 1599/2859/211
f 1598/2848/212 1699/2860/212 1835/2861/212 1702/2849/212
f 1699/2860/213 1597/2851/213 1700/2854/213 1835/2861/213
f 1835/2861/214 1700/2854/214 1599/2859/214 1706/2862/214
f 1702/2849/215 1835/2861/215 1706/2862/215 1600/2850/215
f 1599/2859/216 1704/2863/216 1836/2864/216 1706/2862/216
f 1704/2863/217 1601/2865/217 1712/2866/217 1836/2864/217
f 1836/2864/218 1712/2866/218 1602/2867/218 1705/2868/218
f 1706/2862/219 1836/2864/219 1705/2868/219 1600/2850/219
f 1600/2850/220 1705/2868/220 1837/2869/220 1707/2847/220
f 1602/2867/221 1713/2870/221 1837/2869/221 1705/2868/221
f 1590/2844/222 1707/2847/222 1837/2869/222 1713/2870/222
f 1642/2857/223 1703/2871/223 1838/2872/223 1708/2858/223
f 1703/2871/224 1646/2873/224 1714/2874/224 1838/2872/224
f 1838/2872/688 1714/2874/688 1601/2865/688 1704/2863/688
f 1708/2858/689 1838/2872/689 1704/2863/689 1599/2859/689
f 1601/2865/227 1709/2875/227 1839/2876/227 1712/2866/227
f 1709/2875/228 1593/2828/228 1688/2835/228 1839/2876/228
f 1839/2876/229 1688/2835/229 1594/2834/229 1711/2877/229
f 1712/2866/230 1839/2876/230 1711/2877/230 1602/2867/230
f 1602/2867/231 1711/2877/231 1840/2878/231 1713/2870/231
f 1594/2834/232 1683/2879/232 1840/2878/232 1711/2877/232
f 1590/2844/615 1713/2870/615 1840/2878/615 1683/2879/615
f 1646/2873/234 1710/2880/234 1841/2881/234 1714/2874/234
f 1710/2880/235 1633/2830/235 1687/2829/235 1841/2881/235
f 1841/2881/236 1687/2829/236 1593/2828/236 1709/2875/236
f 1714/2874/237 1841/2881/237 1709/2875/237 1601/2865/237
f 1577/2882/238 1655/2883/238 1842/2884/238 1717/2885/238
f 1655/2883/239 1575/2735/239 1715/2738/239 1842/2884/239
f 1842/2884/239 1715/2738/239 1589/2743/239 1684/2886/239
f 1717/2885/238 1842/2884/238 1684/2886/238 1591/2887/238
f 1578/2888/240 1656/2889/240 1843/2890/240 1718/2891/240
f 1656/2889/241 1577/2882/241 1717/2885/241 1843/2890/241
f 1843/2890/241 1717/2885/241 1591/2887/241 1685/2892/241
f 1718/2891/240 1843/2890/240 1685/2892/240 1592/2893/240
f 1613/2894/242 1657/2895/242 1844/2896/242 1719/2897/242
f 1657/2895/243 1578/2888/243 1718/2891/243 1844/2896/243
f 1844/2896/243 1718/2891/243 1592/2893/243 1686/2898/243
f 1719/2897/242 1844/2896/242 1686/2898/242 1632/2899/242
f 1577/2762/616 1663/2761/616 1845/2900/616 1655/2901/616
f 1582/2756/245 1733/2768/245 1845/2900/245 1663/2761/245
f 1605/2774/246 1725/2902/246 1845/2900/246 1733/2768/246
f 1604/2903/247 1734/2904/247 1845/2900/247 1725/2902/247
f 1575/2905/248 1655/2901/248 1845/2900/248 1734/2904/248
f 1596/2819/249 1736/2818/249 1846/2906/249 1693/2833/249
f 1608/2817/250 1728/2907/250 1846/2906/250 1736/2818/250
f 1607/2908/251 1732/2909/251 1846/2906/251 1728/2907/251
f 1590/2844/252 1683/2879/252 1846/2906/252 1732/2909/252
f 1594/2834/253 1693/2833/253 1846/2906/253 1683/2879/253
f 1583/2910/254 1666/2911/254 1847/2912/254 1721/2913/254
f 1666/2911/255 1619/2914/255 1720/2915/255 1847/2912/255
f 1847/2912/690 1720/2915/690 1639/2916/690 1698/2917/690
f 1721/2913/257 1847/2912/257 1698/2917/257 1597/2918/257
f 1584/2919/258 1667/2920/258 1848/2921/258 1722/2922/258
f 1667/2920/259 1583/2910/259 1721/2913/259 1848/2921/259
f 1848/2921/691 1721/2913/691 1597/2918/691 1699/2923/691
f 1722/2922/261 1848/2921/261 1699/2923/261 1598/2924/261
f 1576/2925/262 1669/2926/262 1849/2927/262 1716/2928/262
f 1669/2926/692 1584/2919/692 1722/2922/692 1849/2927/692
f 1849/2927/264 1722/2922/264 1598/2924/264 1701/2929/264
f 1716/2928/265 1849/2927/265 1701/2929/265 1590/2930/265
f 1603/2772/266 1724/2931/266 1850/2932/266 1723/2773/266
f 1604/2903/267 1725/2902/267 1850/2932/267 1724/2931/267
f 1605/2774/268 1723/2773/268 1850/2932/268 1725/2902/268
f 1606/2815/269 1727/2933/269 1851/2934/269 1726/2816/269
f 1607/2908/270 1728/2907/270 1851/2934/270 1727/2933/270
f 1608/2817/271 1726/2816/271 1851/2934/271 1728/2907/271
f 1603/2935/617 1729/2936/617 1852/2937/617 1724/2938/617
f 1729/2936/273 1607/2939/273 1727/2940/273 1852/2937/273
f 1852/2937/274 1727/2940/274 1606/2741/274 1730/2740/274
f 1724/2938/275 1852/2937/275 1730/2740/275 1604/2739/275
f 1603/2935/276 1731/2941/276 1853/2942/276 1729/2936/276
f 1731/2941/277 1576/2925/277 1716/2928/277 1853/2942/277
f 1853/2942/278 1716/2928/278 1590/2930/278 1732/2943/278
f 1729/2936/279 1853/2942/279 1732/2943/279 1607/2939/279
f 1609/2944/280 1790/2945/280 1854/2946/280 1807/2947/280
f 1790/2945/280 1628/2948/280 1808/2949/280 1854/2946/280
f 1854/2946/281 1808/2949/281 1651/2950/281 1803/2951/281
f 1807/2947/282 1854/2946/282 1803/2951/282 1649/2952/282
f 1614/2744/283 1812/2953/283 1855/2954/283 1741/2955/283
f 1617/2956/284 1743/2957/284 1855/2954/284 1812/2953/284
f 1615/2958/285 1741/2955/285 1855/2954/285 1743/2957/285
f 1617/2956/619 1747/2959/619 1856/2960/619 1743/2957/619
f 1747/2959/287 1618/2961/287 1745/2962/287 1856/2960/287
f 1856/2960/288 1745/2962/288 1616/2963/288 1742/2964/288
f 1743/2957/620 1856/2960/620 1742/2964/620 1615/2958/620
f 1612/2965/290 1739/2966/290 1857/2967/290 1744/2968/290
f 1739/2966/291 1611/2969/291 1746/2970/291 1857/2967/291
f 1857/2967/292 1746/2970/292 1618/2961/292 1747/2959/292
f 1744/2968/293 1857/2967/293 1747/2959/293 1617/2956/293
f 1613/2763/294 1740/2971/294 1858/2972/294 1810/2764/294
f 1740/2971/295 1612/2965/295 1744/2968/295 1858/2972/295
f 1858/2972/296 1744/2968/296 1617/2956/296 1812/2953/296
f 1810/2764/297 1858/2972/297 1812/2953/297 1614/2744/297
f 1618/2961/298 1806/2973/298 1859/2974/298 1745/2962/298
f 1650/2975/299 1796/2976/299 1859/2974/299 1806/2973/299
f 1648/2977/300 1804/2978/300 1859/2974/300 1796/2976/300
f 1610/2979/301 1737/2980/301 1859/2974/301 1804/2978/301
f 1616/2963/302 1745/2962/302 1859/2974/302 1737/2980/302
f 1610/2979/693 1751/2981/693 1860/2982/693 1756/2983/693
f 1621/2984/304 1752/2985/304 1860/2982/304 1751/2981/304
f 1624/2986/694 1756/2983/694 1860/2982/694 1752/2985/694
f 1620/2987/621 1748/2988/621 1861/2989/621 1750/2990/621
f 1748/2988/307 1619/2789/307 1665/2788/307 1861/2989/307
f 1861/2989/308 1665/2788/308 1622/2787/308 1757/2991/308
f 1750/2990/309 1861/2989/309 1757/2991/309 1623/2992/309
f 1621/2984/310 1749/2993/310 1862/2994/310 1752/2985/310
f 1749/2993/311 1620/2987/311 1750/2990/311 1862/2994/311
f 1862/2994/312 1750/2990/312 1623/2992/312 1755/2995/312
f 1752/2985/313 1862/2994/313 1755/2995/313 1624/2986/313
f 1623/2992/314 1753/2996/314 1863/2997/314 1755/2995/314
f 1753/2996/315 1625/2998/315 1760/2999/315 1863/2997/315
f 1863/2997/316 1760/2999/316 1627/3000/316 1754/3001/316
f 1755/2995/317 1863/2997/317 1754/3001/317 1624/2986/317
f 1624/2986/318 1754/3001/318 1864/3002/318 1756/2983/318
f 1627/3000/319 1761/3003/319 1864/3002/319 1754/3001/319
f 1610/2979/320 1756/2983/320 1864/3002/320 1761/3003/320
f 1622/2787/321 1671/2802/321 1865/3004/321 1757/2991/321
f 1671/2802/322 1626/2804/322 1762/3005/322 1865/3004/322
f 1865/3004/622 1762/3005/622 1625/2998/622 1753/2996/622
f 1757/2991/324 1865/3004/324 1753/2996/324 1623/2992/324
f 1625/2998/325 1758/3006/325 1866/3007/325 1760/2999/325
f 1758/3006/326 1615/2958/326 1742/2964/326 1866/3007/326
f 1866/3007/327 1742/2964/327 1616/2963/327 1759/3008/327
f 1760/2999/328 1866/3007/328 1759/3008/328 1627/3000/328
f 1627/3000/329 1759/3008/329 1867/3009/329 1761/3003/329
f 1616/2963/330 1737/2980/330 1867/3009/330 1759/3008/330
f 1610/2979/331 1761/3003/331 1867/3009/331 1737/2980/331
f 1626/2804/695 1678/2810/695 1868/3010/695 1762/3005/695
f 1678/2810/333 1614/2744/333 1741/2955/333 1868/3010/333
f 1868/3010/334 1741/2955/334 1615/2958/334 1758/3006/334
f 1762/3005/696 1868/3010/696 1758/3006/696 1625/2998/696
f 1628/3011/336 1764/3012/336 1869/3013/336 1808/3014/336
f 1630/3015/337 1772/3016/337 1869/3013/337 1764/3012/337
f 1638/3017/338 1809/3018/338 1869/3013/338 1772/3016/338
f 1653/3019/339 1799/3020/339 1869/3013/339 1809/3018/339
f 1651/3021/340 1808/3014/340 1869/3013/340 1799/3020/340
f 1636/2822/341 1689/2825/341 1870/3022/341 1774/3023/341
f 1689/2825/342 1633/2830/342 1767/3024/342 1870/3022/342
f 1870/3022/343 1767/3024/343 1634/3025/343 1769/3026/343
f 1774/3023/623 1870/3022/623 1769/3026/623 1637/3027/623
f 1637/3027/624 1769/3026/624 1871/3028/624 1773/3029/624
f 1769/3026/625 1634/3025/625 1768/3030/625 1871/3028/625
f 1871/3028/347 1768/3030/347 1635/3031/347 1771/3032/347
f 1773/3029/348 1871/3028/348 1771/3032/348 1638/3017/348
f 1630/3015/349 1765/3033/349 1872/3034/349 1772/3016/349
f 1765/3033/350 1631/3035/350 1770/3036/350 1872/3034/350
f 1872/3034/351 1770/3036/351 1637/3027/351 1773/3029/351
f 1772/3016/352 1872/3034/352 1773/3029/352 1638/3017/352
f 1631/3035/353 1766/3037/353 1873/3038/353 1770/3036/353
f 1766/3037/354 1632/2843/354 1690/2842/354 1873/3038/354
f 1873/3038/355 1690/2842/355 1636/2822/355 1774/3023/355
f 1770/3036/356 1873/3038/356 1774/3023/356 1637/3027/356
f 1629/3039/697 1783/3040/697 1874/3041/697 1778/3042/697
f 1644/3043/358 1779/3044/358 1874/3041/358 1783/3040/358
f 1641/3045/698 1778/3042/698 1874/3041/698 1779/3044/698
f 1640/3046/360 1777/3047/360 1875/3048/360 1775/3049/360
f 1777/3047/361 1643/3050/361 1784/3051/361 1875/3048/361
f 1875/3048/362 1784/3051/362 1642/2857/362 1697/2856/362
f 1775/3049/363 1875/3048/363 1697/2856/363 1639/2855/363
f 1641/3045/364 1779/3044/364 1876/3052/364 1776/3053/364
f 1779/3044/365 1644/3043/365 1782/3054/365 1876/3052/365
f 1876/3052/366 1782/3054/366 1643/3050/366 1777/3047/366
f 1776/3053/367 1876/3052/367 1777/3047/367 1640/3046/367
f 1643/3050/368 1782/3054/368 1877/3055/368 1780/3056/368
f 1782/3054/369 1644/3043/369 1781/3057/369 1877/3055/369
f 1877/3055/370 1781/3057/370 1647/3058/370 1787/3059/370
f 1780/3056/371 1877/3055/371 1787/3059/371 1645/3060/371
f 1644/3043/372 1783/3040/372 1878/3061/372 1781/3057/372
f 1629/3039/373 1788/3062/373 1878/3061/373 1783/3040/373
f 1647/3058/374 1781/3057/374 1878/3061/374 1788/3062/374
f 1642/2857/375 1784/3051/375 1879/3063/375 1703/2871/375
f 1784/3051/699 1643/3050/699 1780/3056/699 1879/3063/699
f 1879/3063/627 1780/3056/627 1645/3060/627 1789/3064/627
f 1703/2871/378 1879/3063/378 1789/3064/378 1646/2873/378
f 1645/3060/379 1787/3059/379 1880/3065/379 1785/3066/379
f 1787/3059/380 1647/3058/380 1786/3067/380 1880/3065/380
f 1880/3065/381 1786/3067/381 1635/3031/381 1768/3030/381
f 1785/3066/382 1880/3065/382 1768/3030/382 1634/3025/382
f 1647/3058/383 1788/3062/383 1881/3068/383 1786/3067/383
f 1629/3039/384 1763/3069/384 1881/3068/384 1788/3062/384
f 1635/3031/385 1786/3067/385 1881/3068/385 1763/3069/385
f 1646/2873/386 1789/3064/386 1882/3070/386 1710/2880/386
f 1789/3064/387 1645/3060/387 1785/3066/387 1882/3070/387
f 1882/3070/388 1785/3066/388 1634/3025/388 1767/3024/388
f 1710/2880/389 1882/3070/389 1767/3024/389 1633/2830/389
f 1611/3071/391 1792/3072/391 1883/3073/391 1738/3074/391
f 1792/3072/391 1630/3075/391 1764/3076/391 1883/3073/391
f 1883/3073/392 1764/3076/392 1628/2948/392 1790/2945/392
f 1738/3074/392 1883/3073/392 1790/2945/392 1609/2944/392
f 1612/3077/393 1793/3078/393 1884/3079/393 1739/3080/393
f 1793/3078/393 1631/3081/393 1765/3082/393 1884/3079/393
f 1884/3079/394 1765/3082/394 1630/3075/394 1792/3072/394
f 1739/3080/394 1884/3079/394 1792/3072/394 1611/3071/394
f 1613/2894/395 1719/2897/395 1885/3083/395 1740/3084/395
f 1719/2897/395 1632/2899/395 1766/3085/395 1885/3083/395
f 1885/3083/396 1766/3085/396 1631/3081/396 1793/3078/396
f 1740/3084/396 1885/3083/396 1793/3078/396 1612/3077/396
f 1611/2969/628 1738/3086/628 1886/3087/628 1746/2970/628
f 1609/3088/398 1807/3089/398 1886/3087/398 1738/3086/398
f 1649/3090/399 1798/3091/399 1886/3087/399 1807/3089/399
f 1650/2975/400 1806/2973/400 1886/3087/400 1798/3091/400
f 1618/2961/401 1746/2970/401 1886/3087/401 1806/2973/401
f 1638/3017/402 1771/3032/402 1887/3092/402 1809/3018/402
f 1635/3031/403 1763/3069/403 1887/3092/403 1771/3032/403
f 1629/3039/404 1805/3093/404 1887/3092/404 1763/3069/404
f 1652/3094/405 1801/3095/405 1887/3092/405 1805/3093/405
f 1653/3019/406 1809/3018/406 1887/3092/406 1801/3095/406
f 1620/3096/407 1794/3097/407 1888/3098/407 1748/3099/407
f 1794/3097/408 1640/3100/408 1775/3101/408 1888/3098/408
f 1888/3098/700 1775/3101/700 1639/2916/700 1720/2915/700
f 1748/3099/410 1888/3098/410 1720/2915/410 1619/2914/410
f 1621/3102/411 1795/3103/411 1889/3104/411 1749/3105/411
f 1795/3103/412 1641/3106/412 1776/3107/412 1889/3104/412
f 1889/3104/701 1776/3107/701 1640/3100/701 1794/3097/701
f 1749/3105/414 1889/3104/414 1794/3097/414 1620/3096/414
f 1610/3108/415 1791/3109/415 1890/3110/415 1751/3111/415
f 1791/3109/416 1629/3112/416 1778/3113/416 1890/3110/416
f 1890/3110/417 1778/3113/417 1641/3106/417 1795/3103/417
f 1751/3111/702 1890/3110/702 1795/3103/702 1621/3102/702
f 1648/2977/419 1796/2976/419 1891/3114/419 1797/3115/419
f 1650/2975/420 1798/3091/420 1891/3114/420 1796/2976/420
f 1649/3090/421 1797/3115/421 1891/3114/421 1798/3091/421
f 1651/3021/422 1799/3020/422 1892/3116/422 1800/3117/422
f 1653/3019/423 1801/3095/423 1892/3116/423 1799/3020/423
f 1652/3094/424 1800/3117/424 1892/3116/424 1801/3095/424
f 1648/3118/425 1797/3119/425 1893/3120/425 1802/3121/425
f 1797/3119/426 1649/2952/426 1803/2951/426 1893/3120/426
f 1893/3120/427 1803/2951/427 1651/2950/427 1800/3122/427
f 1802/3121/428 1893/3120/428 1800/3122/428 1652/3123/428
f 1648/3118/429 1802/3121/429 1894/3124/429 1804/3125/429
f 1802/3121/430 1652/3123/430 1805/3126/430 1894/3124/430
f 1894/3124/431 1805/3126/431 1629/3112/431 1791/3109/431
f 1804/3125/432 1894/3124/432 1791/3109/432 1610/3108/432
f 1895/3127/433 1961/3128/433 2075/3129/433 1959/3130/433
f 1961/3128/703 1896/3131/703 1960/3132/703 2075/3129/703
f 2075/3129/435 1960/3132/435 1898/3133/435 1962/3134/435
f 1959/3130/704 2075/3129/704 1962/3134/704 1897/3135/704
f 1897/3136/705 1962/3137/705 2076/3138/705 1963/3139/705
f 1962/3137/438 1898/3140/438 1964/3141/438 2076/3138/438
f 2076/3138/706 1964/3141/706 1900/3142/706 1965/3143/706
f 1963/3139/440 2076/3138/440 1965/3143/440 1899/3144/440
f 1899/3145/441 1965/3146/441 2077/3147/441 1966/3148/441
f 1965/3146/442 1900/3149/442 1967/3150/442 2077/3147/442
f 2077/3147/443 1967/3150/443 1902/3151/443 1968/3152/443
f 1966/3148/444 2077/3147/444 1968/3152/444 1901/3153/444
f 1901/3154/707 1968/3155/707 2078/3156/707 1969/3157/707
f 1968/3155/446 1902/3158/446 1970/3159/446 2078/3156/446
f 2078/3156/447 1970/3159/447 1904/3160/447 1971/3161/447
f 1969/3157/448 2078/3156/448 1971/3161/448 1903/3162/448
f 1903/3163/449 1971/3164/449 2079/3165/449 1972/3166/449
f 1971/3164/708 1904/3167/708 1973/3168/708 2079/3165/708
f 2079/3165/451 1973/3168/451 1906/3169/451 1974/3170/451
f 1972/3166/452 2079/3165/452 1974/3170/452 1905/3171/452
f 1905/3172/709 1974/3173/709 2080/3174/709 1975/3175/709
f 1974/3173/710 1906/3176/710 1976/3177/710 2080/3174/710
f 2080/3174/455 1976/3177/455 1908/3178/455 1977/3179/455
f 1975/3175/456 2080/3174/456 1977/3179/456 1907/3180/456
f 1898/3181/3 1984/3182/3 2081/3183/3 1964/3184/3
f 1984/3182/3 1908/3185/3 1976/3186/3 2081/3183/3
f 2081/3183/3 1976/3186/3 1906/3187/3 1983/3188/3
f 1964/3184/3 2081/3183/3 1983/3188/3 1900/3189/3
f 1907/3190/457 1977/3191/457 2082/3192/457 1978/3193/457
f 1977/3191/458 1908/3194/458 1979/3195/458 2082/3192/458
f 2082/3192/459 1979/3195/459 1910/3196/459 1980/3197/459
f 1978/3193/460 2082/3192/460 1980/3197/460 1909/3198/460
f 1909/3199/461 1980/3200/461 2083/3201/461 1981/3202/461
f 1980/3200/462 1910/3203/462 1982/3204/462 2083/3201/462
f 2083/3201/463 1982/3204/463 1896/3205/463 1961/3206/463
f 1981/3202/464 2083/3201/464 1961/3206/464 1895/3207/464
f 1895/3208/2 1959/3209/2 2084/3210/2 1981/3211/2
f 1897/3212/2 1963/3213/2 2084/3210/2 1959/3209/2
f 1899/3214/2 1966/3215/2 2084/3210/2 1963/3213/2
f 1901/3216/2 1969/3217/2 2084/3210/2 1966/3215/2
f 1903/3218/2 1972/3219/2 2084/3210/2 1969/3217/2
f 1905/3220/2 1975/3221/2 2084/3210/2 1972/3219/2
f 1907/3222/2 1978/3223/2 2084/3210/2 1975/3221/2
f 1909/3224/2 1981/3211/2 2084/3210/2 1978/3223/2
f 1924/3225/629 1995/3226/629 2085/3227/629 2011/3228/629
f 1995/3226/466 1925/3229/466 1997/3230/466 2085/3227/466
f 2085/3227/467 1997/3230/467 1918/3231/467 1989/3232/467
f 2011/3228/711 2085/3227/711 1989/3232/711 1917/3233/711
f 1898/3234/469 1960/3235/469 2086/3236/469 1998/3237/469
f 1960/3235/470 1896/3238/470 2012/3239/470 2086/3236/470
f 2086/3236/471 2012/3239/471 1923/3240/471 2000/3241/471
f 1998/3237/712 2086/3236/712 2000/3241/712 1926/3242/712
f 1914/3243/3 1991/3244/3 2087/3245/3 1986/3246/3
f 1991/3244/3 1916/3247/3 1988/3248/3 2087/3245/3
f 2087/3245/3 1988/3248/3 1915/3249/3 1987/3250/3
f 1986/3246/3 2087/3245/3 1987/3250/3 1913/3251/3
f 1918/3252/3 1992/3253/3 2088/3254/3 1989/3255/3
f 1992/3253/3 1911/3256/3 1985/3257/3 2088/3254/3
f 2088/3254/3 1985/3257/3 1912/3258/3 1990/3259/3
f 1989/3255/3 2088/3254/3 1990/3259/3 1917/3260/3
f 1925/3261/713 1996/3262/713 2089/3263/713 1997/3264/713
f 1996/3262/473 1926/3265/473 2009/3266/473 2089/3263/473
f 2089/3263/474 2009/3266/474 1911/3267/474 1992/3268/474
f 1997/3264/473 2089/3263/473 1992/3268/473 1918/3269/473
f 1923/3270/714 1999/3271/714 2090/3272/714 1993/3273/714
f 1999/3271/715 1924/3274/715 2011/3275/715 2090/3272/715
f 2090/3272/716 2011/3275/716 1917/3276/716 1990/3277/716
f 1993/3273/717 2090/3272/717 1990/3277/717 1912/3278/717
f 1921/3279/480 2005/3280/480 2091/3281/480 2015/3282/480
f 2005/3280/718 1922/3283/718 2001/3284/718 2091/3281/718
f 2091/3281/639 2001/3284/639 1915/3285/639 1988/3286/639
f 2015/3282/719 2091/3281/719 1988/3286/719 1916/3287/719
f 1919/3288/640 2006/3289/640 2092/3290/640 2013/3291/640
f 2006/3289/720 1920/3292/720 2003/3293/720 2092/3290/720
f 2092/3290/486 2003/3293/486 1914/3294/486 1986/3295/486
f 2013/3291/487 2092/3290/487 1986/3295/487 1913/3296/487
f 1920/3297/502 2007/3298/502 2093/3299/502 2003/3300/502
f 2007/3298/489 1921/3301/489 2015/3302/489 2093/3299/489
f 2093/3299/489 2015/3302/489 1916/3303/489 1991/3304/489
f 2003/3300/489 2093/3299/489 1991/3304/489 1914/3305/489
f 1926/3306/721 2000/3307/721 2094/3308/721 2009/3309/721
f 2000/3307/491 1923/3310/491 1993/3311/491 2094/3308/491
f 2094/3308/722 1993/3311/722 1912/3312/722 1985/3313/722
f 2009/3309/493 2094/3308/493 1985/3313/493 1911/3314/493
f 1906/3315/723 1973/3316/723 2095/3317/723 2002/3318/723
f 1973/3316/495 1904/3319/495 2016/3320/495 2095/3317/495
f 2095/3317/724 2016/3320/724 1922/3321/724 2005/3322/724
f 2002/3318/725 2095/3317/725 2005/3322/725 1921/3323/725
f 1902/3324/726 1967/3325/726 2096/3326/726 2004/3327/726
f 1967/3325/499 1900/3328/499 2014/3329/499 2096/3326/499
f 2096/3326/727 2014/3329/727 1920/3330/727 2006/3331/727
f 2004/3327/501 2096/3326/501 2006/3331/501 1919/3332/501
f 1900/3333/489 1983/3334/489 2097/3335/489 2014/3336/489
f 1983/3334/488 1906/3337/488 2002/3338/488 2097/3335/488
f 2097/3335/502 2002/3338/502 1921/3339/502 2007/3340/502
f 2014/3336/489 2097/3335/489 2007/3340/489 1920/3341/489
f 1904/3342/503 1970/3343/503 2098/3344/503 2016/3345/503
f 1970/3343/728 1902/3346/728 2004/3347/728 2098/3344/728
f 2098/3344/505 2004/3347/505 1919/3348/505 2008/3349/505
f 2016/3345/729 2098/3344/729 2008/3349/729 1922/3350/729
f 1910/3351/507 1979/3352/507 2099/3353/507 1994/3354/507
f 1979/3352/508 1908/3355/508 2010/3356/508 2099/3353/508
f 2099/3353/509 2010/3356/509 1925/3357/509 1995/3358/509
f 1994/3354/510 2099/3353/510 1995/3358/510 1924/3359/510
f 1908/3360/474 1984/3361/474 2100/3362/474 2010/3363/474
f 1984/3361/473 1898/3364/473 1998/3365/473 2100/3362/473
f 2100/3362/473 1998/3365/473 1926/3366/473 1996/3367/473
f 2010/3363/473 2100/3362/473 1996/3367/473 1925/3368/473
f 1896/3369/511 1982/3370/511 2101/3371/511 2012/3372/511
f 1982/3370/512 1910/3373/512 1994/3374/512 2101/3371/512
f 2101/3371/730 1994/3374/730 1924/3375/730 1999/3376/730
f 2012/3372/731 2101/3371/731 1999/3376/731 1923/3377/731
f 1922/3378/643 2008/3379/643 2102/3380/643 2001/3381/643
f 2008/3379/732 1919/3382/732 2013/3383/732 2102/3380/732
f 2102/3380/517 2013/3383/517 1913/3384/517 1987/3385/517
f 2001/3381/518 2102/3380/518 1987/3385/518 1915/3386/518
f 1927/3387/733 2017/3388/733 2103/3389/733 2019/3390/733
f 2017/3388/520 1929/3391/520 2020/3392/520 2103/3389/520
f 2103/3389/521 2020/3392/521 1930/3393/521 2018/3394/521
f 2019/3390/522 2103/3389/522 2018/3394/522 1928/3395/522
f 1929/3396/523 2021/3397/523 2104/3398/523 2020/3399/523
f 2021/3397/734 1931/3400/734 2023/3401/734 2104/3398/734
f 2104/3398/525 2023/3401/525 1932/3402/525 2022/3403/525
f 2020/3399/735 2104/3398/735 2022/3403/735 1930/3404/735
f 1931/3405/736 2024/3406/736 2105/3407/736 2023/3408/736
f 2024/3406/737 1933/3409/737 2026/3410/737 2105/3407/737
f 2105/3407/529 2026/3410/529 1934/3411/529 2025/3412/529
f 2023/3408/530 2105/3407/530 2025/3412/530 1932/3413/530
f 1933/3414/647 2027/3415/647 2106/3416/647 2026/3417/647
f 2027/3415/532 1935/3418/532 2029/3419/532 2106/3416/532
f 2106/3416/533 2029/3419/533 1936/3420/533 2028/3421/533
f 2026/3417/534 2106/3416/534 2028/3421/534 1934/3422/534
f 1935/3423/535 2030/3424/535 2107/3425/535 2029/3426/535
f 2030/3424/738 1937/3427/738 2032/3428/738 2107/3425/738
f 2107/3425/537 2032/3428/537 1938/3429/537 2031/3430/537
f 2029/3426/538 2107/3425/538 2031/3430/538 1936/3431/538
f 1937/3432/539 2033/3433/539 2108/3434/539 2032/3435/539
f 2033/3433/540 1939/3436/540 2035/3437/540 2108/3434/540
f 2108/3434/739 2035/3437/739 1940/3438/739 2034/3439/739
f 2032/3435/740 2108/3434/740 2034/3439/740 1938/3440/740
f 1930/3441/3 2022/3442/3 2109/3443/3 2042/3444/3
f 2022/3442/3 1932/3445/3 2041/3446/3 2109/3443/3
f 2109/3443/3 2041/3446/3 1938/3447/3 2034/3448/3
f 2042/3444/3 2109/3443/3 2034/3448/3 1940/3449/3
f 1939/3450/741 2036/3451/741 2110/3452/741 2035/3453/741
f 2036/3451/544 1941/3454/544 2038/3455/544 2110/3452/544
f 2110/3452/545 2038/3455/545 1942/3456/545 2037/3457/545
f 2035/3453/546 2110/3452/546 2037/3457/546 1940/3458/546
f 1941/3459/547 2039/3460/547 2111/3461/547 2038/3462/547
f 2039/3460/548 1927/3463/548 2019/3464/548 2111/3461/548
f 2111/3461/549 2019/3464/549 1928/3465/549 2040/3466/549
f 2038/3462/550 2111/3461/550 2040/3466/550 1942/3467/550
f 1927/3468/2 2039/3469/2 2112/3470/2 2017/3471/2
f 1941/3472/2 2036/3473/2 2112/3470/2 2039/3469/2
f 1939/3474/2 2033/3475/2 2112/3470/2 2036/3473/2
f 1937/3476/2 2030/3477/2 2112/3470/2 2033/3475/2
f 1935/3478/2 2027/3479/2 2112/3470/2 2030/3477/2
f 1933/3480/2 2024/3481/2 2112/3470/2 2027/3479/2
f 1931/3482/2 2021/3483/2 2112/3470/2 2024/3481/2
f 1929/3484/2 2017/3471/2 2112/3470/2 2021/3483/2
f 1956/3485/650 2069/3486/650 2113/3487/650 2053/3488/650
f 2069/3486/651 1949/3489/651 2047/3490/651 2113/3487/651
f 2113/3487/742 2047/3490/742 1950/3491/742 2055/3492/742
f 2053/3488/554 2113/3487/554 2055/3492/554 1957/3493/554
f 1930/3494/555 2056/3495/555 2114/3496/555 2018/3497/555
f 2056/3495/743 1958/3498/743 2058/3499/743 2114/3496/743
f 2114/3496/653 2058/3499/653 1955/3500/653 2070/3501/653
f 2018/3497/558 2114/3496/558 2070/3501/558 1928/3502/558
f 1946/3503/3 2044/3504/3 2115/3505/3 2049/3506/3
f 2044/3504/3 1945/3507/3 2045/3508/3 2115/3505/3
f 2115/3505/3 2045/3508/3 1947/3509/3 2046/3510/3
f 2049/3506/3 2115/3505/3 2046/3510/3 1948/3511/3
f 1950/3512/3 2047/3513/3 2116/3514/3 2050/3515/3
f 2047/3513/3 1949/3516/3 2048/3517/3 2116/3514/3
f 2116/3514/3 2048/3517/3 1944/3518/3 2043/3519/3
f 2050/3515/3 2116/3514/3 2043/3519/3 1943/3520/3
f 1957/3521/744 2055/3522/744 2117/3523/744 2054/3524/744
f 2055/3522/593 1950/3525/593 2050/3526/593 2117/3523/593
f 2117/3523/593 2050/3526/593 1943/3527/593 2067/3528/593
f 2054/3524/1 2117/3523/1 2067/3528/1 1958/3529/1
f 1955/3530/745 2051/3531/745 2118/3532/745 2057/3533/745
f 2051/3531/560 1944/3534/560 2048/3535/560 2118/3532/560
f 2118/3532/746 2048/3535/746 1949/3536/746 2069/3537/746
f 2057/3533/562 2118/3532/562 2069/3537/562 1956/3538/562
f 1953/3539/747 2073/3540/747 2119/3541/747 2063/3542/747
f 2073/3540/748 1948/3543/748 2046/3544/748 2119/3541/748
f 2119/3541/749 2046/3544/749 1947/3545/749 2059/3546/749
f 2063/3542/566 2119/3541/566 2059/3546/566 1954/3547/566
f 1951/3548/567 2071/3549/567 2120/3550/567 2064/3551/567
f 2071/3549/750 1945/3552/750 2044/3553/750 2120/3550/750
f 2120/3550/751 2044/3553/751 1946/3554/751 2061/3555/751
f 2064/3551/752 2120/3550/752 2061/3555/752 1952/3556/752
f 1952/3557/753 2061/3558/753 2121/3559/753 2065/3560/753
f 2061/3558/5 1946/3561/5 2049/3562/5 2121/3559/5
f 2121/3559/5 2049/3562/5 1948/3563/5 2073/3564/5
f 2065/3560/5 2121/3559/5 2073/3564/5 1953/3565/5
f 1958/3566/754 2067/3567/754 2122/3568/754 2058/3569/754
f 2067/3567/755 1943/3570/755 2043/3571/755 2122/3568/755
f 2122/3568/664 2043/3571/664 1944/3572/664 2051/3573/664
f 2058/3569/665 2122/3568/665 2051/3573/665 1955/3574/665
f 1938/3575/666 2060/3576/666 2123/3577/666 2031/3578/666
f 2060/3576/667 1953/3579/667 2063/3580/667 2123/3577/667
f 2123/3577/579 2063/3580/579 1954/3581/579 2074/3582/579
f 2031/3578/756 2123/3577/756 2074/3582/756 1936/3583/756
f 1934/3584/668 2062/3585/668 2124/3586/668 2025/3587/668
f 2062/3585/669 1951/3588/669 2064/3589/669 2124/3586/669
f 2124/3586/757 2064/3589/757 1952/3590/757 2072/3591/757
f 2025/3587/671 2124/3586/671 2072/3591/671 1932/3592/671
f 1932/3593/5 2072/3594/5 2125/3595/5 2041/3596/5
f 2072/3594/571 1952/3597/571 2065/3598/571 2125/3595/571
f 2125/3595/572 2065/3598/572 1953/3599/572 2060/3600/572
f 2041/3596/571 2125/3595/571 2060/3600/571 1938/3601/571
f 1936/3602/672 2074/3603/672 2126/3604/672 2028/3605/672
f 2074/3603/758 1954/3606/758 2066/3607/758 2126/3604/758
f 2126/3604/759 2066/3607/759 1951/3608/759 2062/3609/759
f 2028/3605/675 2126/3604/675 2062/3609/675 1934/3610/675
f 1942/3611/760 2052/3612/760 2127/3613/760 2037/3614/760
f 2052/3612/590 1956/3615/590 2053/3616/590 2127/3613/590
f 2127/3613/761 2053/3616/761 1957/3617/761 2068/3618/761
f 2037/3614/762 2127/3613/762 2068/3618/762 1940/3619/762
f 1940/3620/595 2068/3621/595 2128/3622/595 2042/3623/595
f 2068/3621/594 1957/3624/594 2054/3625/594 2128/3622/594
f 2128/3622/593 2054/3625/593 1958/3626/593 2056/3627/593
f 2042/3623/595 2128/3622/595 2056/3627/595 1930/3628/595
f 1928/3629/596 2070/3630/596 2129/3631/596 2040/3632/596
f 2070/3630/597 1955/3633/597 2057/3634/597 2129/3631/597
f 2129/3631/598 2057/3634/598 1956/3635/598 2052/3636/598
f 2040/3632/763 2129/3631/763 2052/3636/763 1942/3637/763
f 1954/3638/600 2059/3639/600 2130/3640/600 2066/3641/600
f 2059/3639/601 1947/3642/601 2045/3643/601 2130/3640/601
f 2130/3640/682 2045/3643/682 1945/3644/682 2071/3645/682
f 2066/3641/603 2130/3640/603 2071/3645/603 1951/3646/603
f 2131/3647/128 2290/3648/128 2369/3649/128 2271/3650/128
f 2290/3648/129 2160/3651/129 2286/3652/129 2369/3649/129
f 2369/3649/130 2286/3652/130 2162/3653/130 2291/3654/130
f 2271/3650/128 2369/3649/128 2291/3654/128 2145/3655/128
f 2170/3656/131 2214/3657/131 2370/3658/131 2367/3659/131
f 2135/3660/132 2216/3661/132 2370/3658/132 2214/3657/132
f 2137/3662/604 2367/3659/604 2370/3658/604 2216/3661/604
f 2137/3662/605 2216/3661/605 2371/3663/605 2220/3664/605
f 2216/3661/135 2135/3660/135 2215/3665/135 2371/3663/135
f 2371/3663/136 2215/3665/136 2136/3666/136 2218/3667/136
f 2220/3664/137 2371/3663/137 2218/3667/137 2138/3668/137
f 2134/3669/138 2217/3670/138 2372/3671/138 2212/3672/138
f 2217/3670/139 2137/3662/139 2220/3664/139 2372/3671/139
f 2372/3671/140 2220/3664/140 2138/3668/140 2219/3673/140
f 2212/3672/141 2372/3671/141 2219/3673/141 2133/3674/141
f 2169/3675/142 2366/3676/142 2373/3677/142 2213/3678/142
f 2366/3676/143 2170/3656/143 2367/3659/143 2373/3677/143
f 2373/3677/144 2367/3659/144 2137/3662/144 2217/3670/144
f 2213/3678/145 2373/3677/145 2217/3670/145 2134/3669/145
f 2138/3668/146 2218/3667/146 2374/3679/146 2289/3680/146
f 2136/3666/147 2210/3681/147 2374/3679/147 2218/3667/147
f 2132/3682/148 2287/3683/148 2374/3679/148 2210/3681/148
f 2159/3684/149 2279/3685/149 2374/3679/149 2287/3683/149
f 2161/3686/150 2289/3680/150 2374/3679/150 2279/3685/150
f 2132/3682/151 2231/3687/151 2375/3688/151 2225/3689/151
f 2142/3690/685 2226/3691/685 2375/3688/685 2231/3687/685
f 2140/3692/153 2225/3689/153 2375/3688/153 2226/3691/153
f 2139/3693/154 2224/3694/154 2376/3695/154 2222/3696/154
f 2224/3694/155 2141/3697/155 2232/3698/155 2376/3695/155
f 2376/3695/156 2232/3698/156 2178/3699/156 2221/3700/156
f 2222/3696/157 2376/3695/157 2221/3700/157 2175/3701/157
f 2140/3692/158 2226/3691/158 2377/3702/158 2223/3703/158
f 2226/3691/159 2142/3690/159 2230/3704/159 2377/3702/159
f 2377/3702/160 2230/3704/160 2141/3697/160 2224/3694/160
f 2223/3703/161 2377/3702/161 2224/3694/161 2139/3693/161
f 2141/3697/162 2230/3704/162 2378/3705/162 2228/3706/162
f 2230/3704/163 2142/3690/163 2229/3707/163 2378/3705/163
f 2378/3705/164 2229/3707/164 2144/3708/164 2236/3709/164
f 2228/3706/165 2378/3705/165 2236/3709/165 2143/3710/165
f 2142/3690/166 2231/3687/166 2379/3711/166 2229/3707/166
f 2132/3682/167 2237/3712/167 2379/3711/167 2231/3687/167
f 2144/3708/168 2229/3707/168 2379/3711/168 2237/3712/168
f 2178/3699/169 2232/3698/169 2380/3713/169 2227/3714/169
f 2232/3698/686 2141/3697/686 2228/3706/686 2380/3713/686
f 2380/3713/171 2228/3706/171 2143/3710/171 2238/3715/171
f 2227/3714/172 2380/3713/172 2238/3715/172 2182/3716/172
f 2143/3710/173 2236/3709/173 2381/3717/173 2233/3718/173
f 2236/3709/174 2144/3708/174 2235/3719/174 2381/3717/174
f 2381/3717/175 2235/3719/175 2136/3666/175 2215/3665/175
f 2233/3718/608 2381/3717/608 2215/3665/608 2135/3660/608
f 2144/3708/177 2237/3712/177 2382/3720/177 2235/3719/177
f 2132/3682/178 2210/3681/178 2382/3720/178 2237/3712/178
f 2136/3666/179 2235/3719/179 2382/3720/179 2210/3681/179
f 2182/3716/764 2238/3715/764 2383/3721/764 2234/3722/764
f 2238/3715/609 2143/3710/609 2233/3718/609 2383/3721/609
f 2383/3721/182 2233/3718/182 2135/3660/182 2214/3657/182
f 2234/3722/183 2383/3721/183 2214/3657/183 2170/3656/183
f 2145/3723/184 2291/3724/184 2384/3725/184 2240/3726/184
f 2162/3727/185 2282/3728/185 2384/3725/185 2291/3724/185
f 2164/3729/186 2292/3730/186 2384/3725/186 2282/3728/186
f 2152/3731/187 2250/3732/187 2384/3725/187 2292/3730/187
f 2147/3733/188 2240/3726/188 2384/3725/188 2250/3732/188
f 2192/3734/189 2252/3735/189 2385/3736/189 2245/3737/189
f 2252/3735/190 2151/3738/190 2247/3739/190 2385/3736/190
f 2385/3736/610 2247/3739/610 2149/3740/610 2243/3741/610
f 2245/3737/192 2385/3736/192 2243/3741/192 2189/3742/192
f 2151/3738/193 2251/3743/193 2386/3744/193 2247/3739/193
f 2251/3743/194 2152/3731/194 2249/3745/194 2386/3744/194
f 2386/3744/195 2249/3745/195 2150/3746/195 2244/3747/195
f 2247/3739/611 2386/3744/611 2244/3747/611 2149/3740/611
f 2147/3733/197 2250/3732/197 2387/3748/197 2241/3749/197
f 2250/3732/198 2152/3731/198 2251/3743/198 2387/3748/198
f 2387/3748/199 2251/3743/199 2151/3738/199 2248/3750/199
f 2241/3749/200 2387/3748/200 2248/3750/200 2148/3751/200
f 2148/3751/201 2248/3750/201 2388/3752/201 2242/3753/201
f 2248/3750/202 2151/3738/202 2252/3735/202 2388/3752/202
f 2388/3752/203 2252/3735/203 2192/3734/203 2246/3754/203
f 2242/3753/204 2388/3752/204 2246/3754/204 2188/3755/204
f 2146/3756/612 2257/3757/612 2389/3758/612 2263/3759/612
f 2154/3760/687 2258/3761/687 2389/3758/687 2257/3757/687
f 2156/3762/207 2263/3759/207 2389/3758/207 2258/3761/207
f 2153/3763/208 2254/3764/208 2390/3765/208 2256/3766/208
f 2254/3764/209 2195/3767/209 2253/3768/209 2390/3765/209
f 2390/3765/210 2253/3768/210 2198/3769/210 2264/3770/210
f 2256/3766/211 2390/3765/211 2264/3770/211 2155/3771/211
f 2154/3760/765 2255/3772/765 2391/3773/765 2258/3761/765
f 2255/3772/213 2153/3763/213 2256/3766/213 2391/3773/213
f 2391/3773/214 2256/3766/214 2155/3771/214 2262/3774/214
f 2258/3761/215 2391/3773/215 2262/3774/215 2156/3762/215
f 2155/3771/216 2260/3775/216 2392/3776/216 2262/3774/216
f 2260/3775/217 2157/3777/217 2268/3778/217 2392/3776/217
f 2392/3776/218 2268/3778/218 2158/3779/218 2261/3780/218
f 2262/3774/219 2392/3776/219 2261/3780/219 2156/3762/219
f 2156/3762/220 2261/3780/220 2393/3781/220 2263/3759/220
f 2158/3779/221 2269/3782/221 2393/3781/221 2261/3780/221
f 2146/3756/222 2263/3759/222 2393/3781/222 2269/3782/222
f 2198/3769/223 2259/3783/223 2394/3784/223 2264/3770/223
f 2259/3783/224 2202/3785/224 2270/3786/224 2394/3784/224
f 2394/3784/688 2270/3786/688 2157/3777/688 2260/3775/688
f 2264/3770/689 2394/3784/689 2260/3775/689 2155/3771/689
f 2157/3777/227 2265/3787/227 2395/3788/227 2268/3778/227
f 2265/3787/228 2149/3740/228 2244/3747/228 2395/3788/228
f 2395/3788/229 2244/3747/229 2150/3746/229 2267/3789/229
f 2268/3778/230 2395/3788/230 2267/3789/230 2158/3779/230
f 2158/3779/231 2267/3789/231 2396/3790/231 2269/3782/231
f 2150/3746/232 2239/3791/232 2396/3790/232 2267/3789/232
f 2146/3756/615 2269/3782/615 2396/3790/615 2239/3791/615
f 2202/3785/234 2266/3792/234 2397/3793/234 2270/3786/234
f 2266/3792/235 2189/3742/235 2243/3741/235 2397/3793/235
f 2397/3793/236 2243/3741/236 2149/3740/236 2265/3787/236
f 2270/3786/237 2397/3793/237 2265/3787/237 2157/3777/237
f 2133/3794/238 2211/3795/238 2398/3796/238 2273/3797/238
f 2211/3795/239 2131/3647/239 2271/3650/239 2398/3796/239
f 2398/3796/239 2271/3650/239 2145/3655/239 2240/3798/239
f 2273/3797/238 2398/3796/238 2240/3798/238 2147/3799/238
f 2134/3800/240 2212/3801/240 2399/3802/240 2274/3803/240
f 2212/3801/241 2133/3794/241 2273/3797/241 2399/3802/241
f 2399/3802/241 2273/3797/241 2147/3799/241 2241/3804/241
f 2274/3803/240 2399/3802/240 2241/3804/240 2148/3805/240
f 2169/3806/242 2213/3807/242 2400/3808/242 2275/3809/242
f 2213/3807/243 2134/3800/243 2274/3803/243 2400/3808/243
f 2400/3808/243 2274/3803/243 2148/3805/243 2242/3810/243
f 2275/3809/242 2400/3808/242 2242/3810/242 2188/3811/242
f 2133/3674/616 2219/3673/616 2401/3812/616 2211/3813/616
f 2138/3668/245 2289/3680/245 2401/3812/245 2219/3673/245
f 2161/3686/246 2281/3814/246 2401/3812/246 2289/3680/246
f 2160/3815/247 2290/3816/247 2401/3812/247 2281/3814/247
f 2131/3817/248 2211/3813/248 2401/3812/248 2290/3816/248
f 2152/3731/249 2292/3730/249 2402/3818/249 2249/3745/249
f 2164/3729/250 2284/3819/250 2402/3818/250 2292/3730/250
f 2163/3820/251 2288/3821/251 2402/3818/251 2284/3819/251
f 2146/3756/252 2239/3791/252 2402/3818/252 2288/3821/252
f 2150/3746/253 2249/3745/253 2402/3818/253 2239/3791/253
f 2139/3822/254 2222/3823/254 2403/3824/254 2277/3825/254
f 2222/3823/255 2175/3826/255 2276/3827/255 2403/3824/255
f 2403/3824/256 2276/3827/256 2195/3828/256 2254/3829/256
f 2277/3825/766 2403/3824/766 2254/3829/766 2153/3830/766
f 2140/3831/258 2223/3832/258 2404/3833/258 2278/3834/258
f 2223/3832/259 2139/3822/259 2277/3825/259 2404/3833/259
f 2404/3833/260 2277/3825/260 2153/3830/260 2255/3835/260
f 2278/3834/261 2404/3833/261 2255/3835/261 2154/3836/261
f 2132/3837/262 2225/3838/262 2405/3839/262 2272/3840/262
f 2225/3838/263 2140/3831/263 2278/3834/263 2405/3839/263
f 2405/3839/264 2278/3834/264 2154/3836/264 2257/3841/264
f 2272/3840/265 2405/3839/265 2257/3841/265 2146/3842/265
f 2159/3684/266 2280/3843/266 2406/3844/266 2279/3685/266
f 2160/3815/267 2281/3814/267 2406/3844/267 2280/3843/267
f 2161/3686/268 2279/3685/268 2406/3844/268 2281/3814/268
f 2162/3727/269 2283/3845/269 2407/3846/269 2282/3728/269
f 2163/3820/270 2284/3819/270 2407/3846/270 2283/3845/270
f 2164/3729/271 2282/3728/271 2407/3846/271 2284/3819/271
f 2159/3847/617 2285/3848/617 2408/3849/617 2280/3850/617
f 2285/3848/273 2163/3851/273 2283/3852/273 2408/3849/273
f 2408/3849/274 2283/3852/274 2162/3653/274 2286/3652/274
f 2280/3850/275 2408/3849/275 2286/3652/275 2160/3651/275
f 2159/3847/276 2287/3853/276 2409/3854/276 2285/3848/276
f 2287/3853/277 2132/3837/277 2272/3840/277 2409/3854/277
f 2409/3854/278 2272/3840/278 2146/3842/278 2288/3855/278
f 2285/3848/279 2409/3854/279 2288/3855/279 2163/3851/279
f 2165/3856/280 2346/3857/280 2410/3858/280 2363/3859/280
f 2346/3857/280 2184/3860/280 2364/3861/280 2410/3858/280
f 2410/3858/767 2364/3861/767 2207/3862/767 2359/3863/767
f 2363/3859/618 2410/3858/618 2359/3863/618 2205/3864/618
f 2170/3656/283 2368/3865/283 2411/3866/283 2297/3867/283
f 2173/3868/284 2299/3869/284 2411/3866/284 2368/3865/284
f 2171/3870/285 2297/3867/285 2411/3866/285 2299/3869/285
f 2173/3868/619 2303/3871/619 2412/3872/619 2299/3869/619
f 2303/3871/287 2174/3873/287 2301/3874/287 2412/3872/287
f 2412/3872/288 2301/3874/288 2172/3875/288 2298/3876/288
f 2299/3869/620 2412/3872/620 2298/3876/620 2171/3870/620
f 2168/3877/290 2295/3878/290 2413/3879/290 2300/3880/290
f 2295/3878/291 2167/3881/291 2302/3882/291 2413/3879/291
f 2413/3879/292 2302/3882/292 2174/3873/292 2303/3871/292
f 2300/3880/293 2413/3879/293 2303/3871/293 2173/3868/293
f 2169/3675/294 2296/3883/294 2414/3884/294 2366/3676/294
f 2296/3883/295 2168/3877/295 2300/3880/295 2414/3884/295
f 2414/3884/296 2300/3880/296 2173/3868/296 2368/3865/296
f 2366/3676/297 2414/3884/297 2368/3865/297 2170/3656/297
f 2174/3873/298 2362/3885/298 2415/3886/298 2301/3874/298
f 2206/3887/299 2352/3888/299 2415/3886/299 2362/3885/299
f 2204/3889/300 2360/3890/300 2415/3886/300 2352/3888/300
f 2166/3891/301 2293/3892/301 2415/3886/301 2360/3890/301
f 2172/3875/302 2301/3874/302 2415/3886/302 2293/3892/302
f 2166/3891/693 2307/3893/693 2416/3894/693 2312/3895/693
f 2177/3896/304 2308/3897/304 2416/3894/304 2307/3893/304
f 2180/3898/694 2312/3895/694 2416/3894/694 2308/3897/694
f 2176/3899/621 2304/3900/621 2417/3901/621 2306/3902/621
f 2304/3900/307 2175/3701/307 2221/3700/307 2417/3901/307
f 2417/3901/308 2221/3700/308 2178/3699/308 2313/3903/308
f 2306/3902/309 2417/3901/309 2313/3903/309 2179/3904/309
f 2177/3896/310 2305/3905/310 2418/3906/310 2308/3897/310
f 2305/3905/311 2176/3899/311 2306/3902/311 2418/3906/311
f 2418/3906/312 2306/3902/312 2179/3904/312 2311/3907/312
f 2308/3897/313 2418/3906/313 2311/3907/313 2180/3898/313
f 2179/3904/314 2309/3908/314 2419/3909/314 2311/3907/314
f 2309/3908/315 2181/3910/315 2316/3911/315 2419/3909/315
f 2419/3909/316 2316/3911/316 2183/3912/316 2310/3913/316
f 2311/3907/317 2419/3909/317 2310/3913/317 2180/3898/317
f 2180/3898/318 2310/3913/318 2420/3914/318 2312/3895/318
f 2183/3912/319 2317/3915/319 2420/3914/319 2310/3913/319
f 2166/3891/320 2312/3895/320 2420/3914/320 2317/3915/320
f 2178/3699/321 2227/3714/321 2421/3916/321 2313/3903/321
f 2227/3714/322 2182/3716/322 2318/3917/322 2421/3916/322
f 2421/3916/622 2318/3917/622 2181/3910/622 2309/3908/622
f 2313/3903/324 2421/3916/324 2309/3908/324 2179/3904/324
f 2181/3910/325 2314/3918/325 2422/3919/325 2316/3911/325
f 2314/3918/326 2171/3870/326 2298/3876/326 2422/3919/326
f 2422/3919/327 2298/3876/327 2172/3875/327 2315/3920/327
f 2316/3911/328 2422/3919/328 2315/3920/328 2183/3912/328
f 2183/3912/329 2315/3920/329 2423/3921/329 2317/3915/329
f 2172/3875/330 2293/3892/330 2423/3921/330 2315/3920/330
f 2166/3891/331 2317/3915/331 2423/3921/331 2293/3892/331
f 2182/3716/332 2234/3722/332 2424/3922/332 2318/3917/332
f 2234/3722/333 2170/3656/333 2297/3867/333 2424/3922/333
f 2424/3922/334 2297/3867/334 2171/3870/334 2314/3918/334
f 2318/3917/335 2424/3922/335 2314/3918/335 2181/3910/335
f 2184/3923/336 2320/3924/336 2425/3925/336 2364/3926/336
f 2186/3927/337 2328/3928/337 2425/3925/337 2320/3924/337
f 2194/3929/338 2365/3930/338 2425/3925/338 2328/3928/338
f 2209/3931/339 2355/3932/339 2425/3925/339 2365/3930/339
f 2207/3933/340 2364/3926/340 2425/3925/340 2355/3932/340
f 2192/3734/341 2245/3737/341 2426/3934/341 2330/3935/341
f 2245/3737/342 2189/3742/342 2323/3936/342 2426/3934/342
f 2426/3934/343 2323/3936/343 2190/3937/343 2325/3938/343
f 2330/3935/623 2426/3934/623 2325/3938/623 2193/3939/623
f 2193/3939/624 2325/3938/624 2427/3940/624 2329/3941/624
f 2325/3938/625 2190/3937/625 2324/3942/625 2427/3940/625
f 2427/3940/347 2324/3942/347 2191/3943/347 2327/3944/347
f 2329/3941/348 2427/3940/348 2327/3944/348 2194/3929/348
f 2186/3927/349 2321/3945/349 2428/3946/349 2328/3928/349
f 2321/3945/350 2187/3947/350 2326/3948/350 2428/3946/350
f 2428/3946/351 2326/3948/351 2193/3939/351 2329/3941/351
f 2328/3928/352 2428/3946/352 2329/3941/352 2194/3929/352
f 2187/3947/353 2322/3949/353 2429/3950/353 2326/3948/353
f 2322/3949/354 2188/3755/354 2246/3754/354 2429/3950/354
f 2429/3950/355 2246/3754/355 2192/3734/355 2330/3935/355
f 2326/3948/356 2429/3950/356 2330/3935/356 2193/3939/356
f 2185/3951/357 2339/3952/357 2430/3953/357 2334/3954/357
f 2200/3955/358 2335/3956/358 2430/3953/358 2339/3952/358
f 2197/3957/698 2334/3954/698 2430/3953/698 2335/3956/698
f 2196/3958/360 2333/3959/360 2431/3960/360 2331/3961/360
f 2333/3959/361 2199/3962/361 2340/3963/361 2431/3960/361
f 2431/3960/362 2340/3963/362 2198/3769/362 2253/3768/362
f 2331/3961/363 2431/3960/363 2253/3768/363 2195/3767/363
f 2197/3957/364 2335/3956/364 2432/3964/364 2332/3965/364
f 2335/3956/365 2200/3955/365 2338/3966/365 2432/3964/365
f 2432/3964/366 2338/3966/366 2199/3962/366 2333/3959/366
f 2332/3965/367 2432/3964/367 2333/3959/367 2196/3958/367
f 2199/3962/368 2338/3966/368 2433/3967/368 2336/3968/368
f 2338/3966/369 2200/3955/369 2337/3969/369 2433/3967/369
f 2433/3967/370 2337/3969/370 2203/3970/370 2343/3971/370
f 2336/3968/371 2433/3967/371 2343/3971/371 2201/3972/371
f 2200/3955/372 2339/3952/372 2434/3973/372 2337/3969/372
f 2185/3951/373 2344/3974/373 2434/3973/373 2339/3952/373
f 2203/3970/374 2337/3969/374 2434/3973/374 2344/3974/374
f 2198/3769/375 2340/3963/375 2435/3975/375 2259/3783/375
f 2340/3963/626 2199/3962/626 2336/3968/626 2435/3975/626
f 2435/3975/627 2336/3968/627 2201/3972/627 2345/3976/627
f 2259/3783/378 2435/3975/378 2345/3976/378 2202/3785/378
f 2201/3972/379 2343/3971/379 2436/3977/379 2341/3978/379
f 2343/3971/380 2203/3970/380 2342/3979/380 2436/3977/380
f 2436/3977/381 2342/3979/381 2191/3943/381 2324/3942/381
f 2341/3978/382 2436/3977/382 2324/3942/382 2190/3937/382
f 2203/3970/383 2344/3974/383 2437/3980/383 2342/3979/383
f 2185/3951/384 2319/3981/384 2437/3980/384 2344/3974/384
f 2191/3943/385 2342/3979/385 2437/3980/385 2319/3981/385
f 2202/3785/386 2345/3976/386 2438/3982/386 2266/3792/386
f 2345/3976/387 2201/3972/387 2341/3978/387 2438/3982/387
f 2438/3982/388 2341/3978/388 2190/3937/388 2323/3936/388
f 2266/3792/389 2438/3982/389 2323/3936/389 2189/3742/389
f 2167/3983/391 2348/3984/391 2439/3985/391 2294/3986/391
f 2348/3984/391 2186/3987/391 2320/3988/391 2439/3985/391
f 2439/3985/392 2320/3988/392 2184/3860/392 2346/3857/392
f 2294/3986/392 2439/3985/392 2346/3857/392 2165/3856/392
f 2168/3989/393 2349/3990/393 2440/3991/393 2295/3992/393
f 2349/3990/393 2187/3993/393 2321/3994/393 2440/3991/393
f 2440/3991/394 2321/3994/394 2186/3987/394 2348/3984/394
f 2295/3992/394 2440/3991/394 2348/3984/394 2167/3983/394
f 2169/3806/395 2275/3809/395 2441/3995/395 2296/3996/395
f 2275/3809/395 2188/3811/395 2322/3997/395 2441/3995/395
f 2441/3995/396 2322/3997/396 2187/3993/396 2349/3990/396
f 2296/3996/396 2441/3995/396 2349/3990/396 2168/3989/396
f 2167/3881/628 2294/3998/628 2442/3999/628 2302/3882/628
f 2165/4000/398 2363/4001/398 2442/3999/398 2294/3998/398
f 2205/4002/399 2354/4003/399 2442/3999/399 2363/4001/399
f 2206/3887/400 2362/3885/400 2442/3999/400 2354/4003/400
f 2174/3873/401 2302/3882/401 2442/3999/401 2362/3885/401
f 2194/3929/402 2327/3944/402 2443/4004/402 2365/3930/402
f 2191/3943/403 2319/3981/403 2443/4004/403 2327/3944/403
f 2185/3951/404 2361/4005/404 2443/4004/404 2319/3981/404
f 2208/4006/405 2357/4007/405 2443/4004/405 2361/4005/405
f 2209/3931/406 2365/3930/406 2443/4004/406 2357/4007/406
f 2176/4008/407 2350/4009/407 2444/4010/407 2304/4011/407
f 2350/4009/768 2196/4012/768 2331/4013/768 2444/4010/768
f 2444/4010/409 2331/4013/409 2195/3828/409 2276/3827/409
f 2304/4011/410 2444/4010/410 2276/3827/410 2175/3826/410
f 2177/4014/411 2351/4015/411 2445/4016/411 2305/4017/411
f 2351/4015/412 2197/4018/412 2332/4019/412 2445/4016/412
f 2445/4016/701 2332/4019/701 2196/4012/701 2350/4009/701
f 2305/4017/414 2445/4016/414 2350/4009/414 2176/4008/414
f 2166/4020/415 2347/4021/415 2446/4022/415 2307/4023/415
f 2347/4021/416 2185/4024/416 2334/4025/416 2446/4022/416
f 2446/4022/417 2334/4025/417 2197/4018/417 2351/4015/417
f 2307/4023/418 2446/4022/418 2351/4015/418 2177/4014/418
f 2204/3889/419 2352/3888/419 2447/4026/419 2353/4027/419
f 2206/3887/420 2354/4003/420 2447/4026/420 2352/3888/420
f 2205/4002/421 2353/4027/421 2447/4026/421 2354/4003/421
f 2207/3933/422 2355/3932/422 2448/4028/422 2356/4029/422
f 2209/3931/423 2357/4007/423 2448/4028/423 2355/3932/423
f 2208/4006/424 2356/4029/424 2448/4028/424 2357/4007/424
f 2204/4030/425 2353/4031/425 2449/4032/425 2358/4033/425
f 2353/4031/426 2205/3864/426 2359/3863/426 2449/4032/426
f 2449/4032/427 2359/3863/427 2207/3862/427 2356/4034/427
f 2358/4033/428 2449/4032/428 2356/4034/428 2208/4035/428
f 2204/4030/429 2358/4033/429 2450/4036/429 2360/4037/429
f 2358/4033/430 2208/4035/430 2361/4038/430 2450/4036/430
f 2450/4036/431 2361/4038/431 2185/4024/431 2347/4021/431
f 2360/4037/432 2450/4036/432 2347/4021/432 2166/4020/432
f 2451/4039/433 2517/4040/433 2631/4041/433 2515/4042/433
f 2517/4040/703 2452/4043/703 2516/4044/703 2631/4041/703
f 2631/4041/769 2516/4044/769 2454/4045/769 2518/4046/769
f 2515/4042/436 2631/4041/436 2518/4046/436 2453/4047/436
f 2453/4048/437 2518/4049/437 2632/4050/437 2519/4051/437
f 2518/4049/770 2454/4052/770 2520/4053/770 2632/4050/770
f 2632/4050/706 2520/4053/706 2456/4054/706 2521/4055/706
f 2519/4051/440 2632/4050/440 2521/4055/440 2455/4056/440
f 2455/4057/441 2521/4058/441 2633/4059/441 2522/4060/441
f 2521/4058/442 2456/4061/442 2523/4062/442 2633/4059/442
f 2633/4059/443 2523/4062/443 2458/4063/443 2524/4064/443
f 2522/4060/444 2633/4059/444 2524/4064/444 2457/4065/444
f 2457/4066/707 2524/4067/707 2634/4068/707 2525/4069/707
f 2524/4067/446 2458/4070/446 2526/4071/446 2634/4068/446
f 2634/4068/447 2526/4071/447 2460/4072/447 2527/4073/447
f 2525/4069/771 2634/4068/771 2527/4073/771 2459/4074/771
f 2459/4075/449 2527/4076/449 2635/4077/449 2528/4078/449
f 2527/4076/450 2460/4079/450 2529/4080/450 2635/4077/450
f 2635/4077/451 2529/4080/451 2462/4081/451 2530/4082/451
f 2528/4078/452 2635/4077/452 2530/4082/452 2461/4083/452
f 2461/4084/453 2530/4085/453 2636/4086/453 2531/4087/453
f 2530/4085/710 2462/4088/710 2532/4089/710 2636/4086/710
f 2636/4086/455 2532/4089/455 2464/4090/455 2533/4091/455
f 2531/4087/456 2636/4086/456 2533/4091/456 2463/4092/456
f 2454/4093/3 2540/4094/3 2637/4095/3 2520/4096/3
f 2540/4094/3 2464/4097/3 2532/4098/3 2637/4095/3
f 2637/4095/3 2532/4098/3 2462/4099/3 2539/4100/3
f 2520/4096/3 2637/4095/3 2539/4100/3 2456/4101/3
f 2463/4102/457 2533/4103/457 2638/4104/457 2534/4105/457
f 2533/4103/458 2464/4106/458 2535/4107/458 2638/4104/458
f 2638/4104/459 2535/4107/459 2466/4108/459 2536/4109/459
f 2534/4105/460 2638/4104/460 2536/4109/460 2465/4110/460
f 2465/4111/461 2536/4112/461 2639/4113/461 2537/4114/461
f 2536/4112/462 2466/4115/462 2538/4116/462 2639/4113/462
f 2639/4113/772 2538/4116/772 2452/4117/772 2517/4118/772
f 2537/4114/464 2639/4113/464 2517/4118/464 2451/4119/464
f 2451/4120/2 2515/4121/2 2640/4122/2 2537/4123/2
f 2453/4124/2 2519/4125/2 2640/4122/2 2515/4121/2
f 2455/4126/2 2522/4127/2 2640/4122/2 2519/4125/2
f 2457/4128/2 2525/4129/2 2640/4122/2 2522/4127/2
f 2459/4130/2 2528/4131/2 2640/4122/2 2525/4129/2
f 2461/4132/2 2531/4133/2 2640/4122/2 2528/4131/2
f 2463/4134/2 2534/4135/2 2640/4122/2 2531/4133/2
f 2465/4136/2 2537/4123/2 2640/4122/2 2534/4135/2
f 2480/4137/629 2551/4138/629 2641/4139/629 2567/4140/629
f 2551/4138/773 2481/4141/773 2553/4142/773 2641/4139/773
f 2641/4139/467 2553/4142/467 2474/4143/467 2545/4144/467
f 2567/4140/774 2641/4139/774 2545/4144/774 2473/4145/774
f 2454/4146/632 2516/4147/632 2642/4148/632 2554/4149/632
f 2516/4147/470 2452/4150/470 2568/4151/470 2642/4148/470
f 2642/4148/471 2568/4151/471 2479/4152/471 2556/4153/471
f 2554/4149/633 2642/4148/633 2556/4153/633 2482/4154/633
f 2470/4155/3 2547/4156/3 2643/4157/3 2542/4158/3
f 2547/4156/3 2472/4159/3 2544/4160/3 2643/4157/3
f 2643/4157/3 2544/4160/3 2471/4161/3 2543/4162/3
f 2542/4158/3 2643/4157/3 2543/4162/3 2469/4163/3
f 2474/4164/3 2548/4165/3 2644/4166/3 2545/4167/3
f 2548/4165/3 2467/4168/3 2541/4169/3 2644/4166/3
f 2644/4166/3 2541/4169/3 2468/4170/3 2546/4171/3
f 2545/4167/3 2644/4166/3 2546/4171/3 2473/4172/3
f 2481/4173/775 2552/4174/775 2645/4175/775 2553/4176/775
f 2552/4174/776 2482/4177/776 2565/4178/776 2645/4175/776
f 2645/4175/475 2565/4178/475 2467/4179/475 2548/4180/475
f 2553/4176/473 2645/4175/473 2548/4180/473 2474/4181/473
f 2479/4182/635 2555/4183/635 2646/4184/635 2549/4185/635
f 2555/4183/636 2480/4186/636 2567/4187/636 2646/4184/636
f 2646/4184/777 2567/4187/777 2473/4188/777 2546/4189/777
f 2549/4185/717 2646/4184/717 2546/4189/717 2468/4190/717
f 2477/4191/778 2561/4192/778 2647/4193/778 2571/4194/778
f 2561/4192/481 2478/4195/481 2557/4196/481 2647/4193/481
f 2647/4193/779 2557/4196/779 2471/4197/779 2544/4198/779
f 2571/4194/719 2647/4193/719 2544/4198/719 2472/4199/719
f 2475/4200/484 2562/4201/484 2648/4202/484 2569/4203/484
f 2562/4201/485 2476/4204/485 2559/4205/485 2648/4202/485
f 2648/4202/486 2559/4205/486 2470/4206/486 2542/4207/486
f 2569/4203/487 2648/4202/487 2542/4207/487 2469/4208/487
f 2476/4209/489 2563/4210/489 2649/4211/489 2559/4212/489
f 2563/4210/489 2477/4213/489 2571/4214/489 2649/4211/489
f 2649/4211/489 2571/4214/489 2472/4215/489 2547/4216/489
f 2559/4212/489 2649/4211/489 2547/4216/489 2470/4217/489
f 2482/4218/721 2556/4219/721 2650/4220/721 2565/4221/721
f 2556/4219/491 2479/4222/491 2549/4223/491 2650/4220/491
f 2650/4220/780 2549/4223/780 2468/4224/780 2541/4225/780
f 2565/4221/493 2650/4220/493 2541/4225/493 2467/4226/493
f 2462/4227/723 2529/4228/723 2651/4229/723 2558/4230/723
f 2529/4228/495 2460/4231/495 2572/4232/495 2651/4229/495
f 2651/4229/781 2572/4232/781 2478/4233/781 2561/4234/781
f 2558/4230/497 2651/4229/497 2561/4234/497 2477/4235/497
f 2458/4236/782 2523/4237/782 2652/4238/782 2560/4239/782
f 2523/4237/499 2456/4240/499 2570/4241/499 2652/4238/499
f 2652/4238/500 2570/4241/500 2476/4242/500 2562/4243/500
f 2560/4239/501 2652/4238/501 2562/4243/501 2475/4244/501
f 2456/4245/489 2539/4246/489 2653/4247/489 2570/4248/489
f 2539/4246/489 2462/4249/489 2558/4250/489 2653/4247/489
f 2653/4247/502 2558/4250/502 2477/4251/502 2563/4252/502
f 2570/4248/502 2653/4247/502 2563/4252/502 2476/4253/502
f 2460/4254/503 2526/4255/503 2654/4256/503 2572/4257/503
f 2526/4255/504 2458/4258/504 2560/4259/504 2654/4256/504
f 2654/4256/505 2560/4259/505 2475/4260/505 2564/4261/505
f 2572/4257/729 2654/4256/729 2564/4261/729 2478/4262/729
f 2466/4263/783 2535/4264/783 2655/4265/783 2550/4266/783
f 2535/4264/508 2464/4267/508 2566/4268/508 2655/4265/508
f 2655/4265/509 2566/4268/509 2481/4269/509 2551/4270/509
f 2550/4266/510 2655/4265/510 2551/4270/510 2480/4271/510
f 2464/4272/474 2540/4273/474 2656/4274/474 2566/4275/474
f 2540/4273/475 2454/4276/475 2554/4277/475 2656/4274/475
f 2656/4274/473 2554/4277/473 2482/4278/473 2552/4279/473
f 2566/4275/473 2656/4274/473 2552/4279/473 2481/4280/473
f 2452/4281/511 2538/4282/511 2657/4283/511 2568/4284/511
f 2538/4282/784 2466/4285/784 2550/4286/784 2657/4283/784
f 2657/4283/513 2550/4286/513 2480/4287/513 2555/4288/513
f 2568/4284/514 2657/4283/514 2555/4288/514 2479/4289/514
f 2478/4290/643 2564/4291/643 2658/4292/643 2557/4293/643
f 2564/4291/732 2475/4294/732 2569/4295/732 2658/4292/732
f 2658/4292/645 2569/4295/645 2469/4296/645 2543/4297/645
f 2557/4293/518 2658/4292/518 2543/4297/518 2471/4298/518
f 2483/4299/519 2573/4300/519 2659/4301/519 2575/4302/519
f 2573/4300/520 2485/4303/520 2576/4304/520 2659/4301/520
f 2659/4301/521 2576/4304/521 2486/4305/521 2574/4306/521
f 2575/4302/522 2659/4301/522 2574/4306/522 2484/4307/522
f 2485/4308/523 2577/4309/523 2660/4310/523 2576/4311/523
f 2577/4309/734 2487/4312/734 2579/4313/734 2660/4310/734
f 2660/4310/525 2579/4313/525 2488/4314/525 2578/4315/525
f 2576/4311/526 2660/4310/526 2578/4315/526 2486/4316/526
f 2487/4317/736 2580/4318/736 2661/4319/736 2579/4320/736
f 2580/4318/785 2489/4321/785 2582/4322/785 2661/4319/785
f 2661/4319/529 2582/4322/529 2490/4323/529 2581/4324/529
f 2579/4320/530 2661/4319/530 2581/4324/530 2488/4325/530
f 2489/4326/531 2583/4327/531 2662/4328/531 2582/4329/531
f 2583/4327/532 2491/4330/532 2585/4331/532 2662/4328/532
f 2662/4328/533 2585/4331/533 2492/4332/533 2584/4333/533
f 2582/4329/534 2662/4328/534 2584/4333/534 2490/4334/534
f 2491/4335/648 2586/4336/648 2663/4337/648 2585/4338/648
f 2586/4336/738 2493/4339/738 2588/4340/738 2663/4337/738
f 2663/4337/537 2588/4340/537 2494/4341/537 2587/4342/537
f 2585/4338/538 2663/4337/538 2587/4342/538 2492/4343/538
f 2493/4344/539 2589/4345/539 2664/4346/539 2588/4347/539
f 2589/4345/540 2495/4348/540 2591/4349/540 2664/4346/540
f 2664/4346/786 2591/4349/786 2496/4350/786 2590/4351/786
f 2588/4347/787 2664/4346/787 2590/4351/787 2494/4352/787
f 2486/4353/3 2578/4354/3 2665/4355/3 2598/4356/3
f 2578/4354/3 2488/4357/3 2597/4358/3 2665/4355/3
f 2665/4355/3 2597/4358/3 2494/4359/3 2590/4360/3
f 2598/4356/3 2665/4355/3 2590/4360/3 2496/4361/3
f 2495/4362/741 2592/4363/741 2666/4364/741 2591/4365/741
f 2592/4363/544 2497/4366/544 2594/4367/544 2666/4364/544
f 2666/4364/545 2594/4367/545 2498/4368/545 2593/4369/545
f 2591/4365/546 2666/4364/546 2593/4369/546 2496/4370/546
f 2497/4371/547 2595/4372/547 2667/4373/547 2594/4374/547
f 2595/4372/548 2483/4375/548 2575/4376/548 2667/4373/548
f 2667/4373/549 2575/4376/549 2484/4377/549 2596/4378/549
f 2594/4374/550 2667/4373/550 2596/4378/550 2498/4379/550
f 2483/4380/2 2595/4381/2 2668/4382/2 2573/4383/2
f 2497/4384/2 2592/4385/2 2668/4382/2 2595/4381/2
f 2495/4386/2 2589/4387/2 2668/4382/2 2592/4385/2
f 2493/4388/2 2586/4389/2 2668/4382/2 2589/4387/2
f 2491/4390/2 2583/4391/2 2668/4382/2 2586/4389/2
f 2489/4392/2 2580/4393/2 2668/4382/2 2583/4391/2
f 2487/4394/2 2577/4395/2 2668/4382/2 2580/4393/2
f 2485/4396/2 2573/4383/2 2668/4382/2 2577/4395/2
f 2512/4397/551 2625/4398/551 2669/4399/551 2609/4400/551
f 2625/4398/788 2505/4401/788 2603/4402/788 2669/4399/788
f 2669/4399/789 2603/4402/789 2506/4403/789 2611/4404/789
f 2609/4400/652 2669/4399/652 2611/4404/652 2513/4405/652
f 2486/4406/790 2612/4407/790 2670/4408/790 2574/4409/790
f 2612/4407/791 2514/4410/791 2614/4411/791 2670/4408/791
f 2670/4408/557 2614/4411/557 2511/4412/557 2626/4413/557
f 2574/4409/558 2670/4408/558 2626/4413/558 2484/4414/558
f 2502/4415/3 2600/4416/3 2671/4417/3 2605/4418/3
f 2600/4416/3 2501/4419/3 2601/4420/3 2671/4417/3
f 2671/4417/3 2601/4420/3 2503/4421/3 2602/4422/3
f 2605/4418/3 2671/4417/3 2602/4422/3 2504/4423/3
f 2506/4424/3 2603/4425/3 2672/4426/3 2606/4427/3
f 2603/4425/3 2505/4428/3 2604/4429/3 2672/4426/3
f 2672/4426/3 2604/4429/3 2500/4430/3 2599/4431/3
f 2606/4427/3 2672/4426/3 2599/4431/3 2499/4432/3
f 2513/4433/1 2611/4434/1 2673/4435/1 2610/4436/1
f 2611/4434/1 2506/4437/1 2606/4438/1 2673/4435/1
f 2673/4435/1 2606/4438/1 2499/4439/1 2623/4440/1
f 2610/4436/1 2673/4435/1 2623/4440/1 2514/4441/1
f 2511/4442/745 2607/4443/745 2674/4444/745 2613/4445/745
f 2607/4443/656 2500/4446/656 2604/4447/656 2674/4444/656
f 2674/4444/657 2604/4447/657 2505/4448/657 2625/4449/657
f 2613/4445/562 2674/4444/562 2625/4449/562 2512/4450/562
f 2509/4451/563 2629/4452/563 2675/4453/563 2619/4454/563
f 2629/4452/564 2504/4455/564 2602/4456/564 2675/4453/564
f 2675/4453/749 2602/4456/749 2503/4457/749 2615/4458/749
f 2619/4454/566 2675/4453/566 2615/4458/566 2510/4459/566
f 2507/4460/659 2627/4461/659 2676/4462/659 2620/4463/659
f 2627/4461/750 2501/4464/750 2600/4465/750 2676/4462/750
f 2676/4462/792 2600/4465/792 2502/4466/792 2617/4467/792
f 2620/4463/752 2676/4462/752 2617/4467/752 2508/4468/752
f 2508/4469/5 2617/4470/5 2677/4471/5 2621/4472/5
f 2617/4470/5 2502/4473/5 2605/4474/5 2677/4471/5
f 2677/4471/5 2605/4474/5 2504/4475/5 2629/4476/5
f 2621/4472/5 2677/4471/5 2629/4476/5 2509/4477/5
f 2514/4478/793 2623/4479/793 2678/4480/793 2614/4481/793
f 2623/4479/794 2499/4482/794 2599/4483/794 2678/4480/794
f 2678/4480/795 2599/4483/795 2500/4484/795 2607/4485/795
f 2614/4481/665 2678/4480/665 2607/4485/665 2511/4486/665
f 2494/4487/577 2616/4488/577 2679/4489/577 2587/4490/577
f 2616/4488/796 2509/4491/796 2619/4492/796 2679/4489/796
f 2679/4489/797 2619/4492/797 2510/4493/797 2630/4494/797
f 2587/4490/580 2679/4489/580 2630/4494/580 2492/4495/580
f 2490/4496/581 2618/4497/581 2680/4498/581 2581/4499/581
f 2618/4497/669 2507/4500/669 2620/4501/669 2680/4498/669
f 2680/4498/798 2620/4501/798 2508/4502/798 2628/4503/798
f 2581/4499/584 2680/4498/584 2628/4503/584 2488/4504/584
f 2488/4505/5 2628/4506/5 2681/4507/5 2597/4508/5
f 2628/4506/5 2508/4509/5 2621/4510/5 2681/4507/5
f 2681/4507/5 2621/4510/5 2509/4511/5 2616/4512/5
f 2597/4508/5 2681/4507/5 2616/4512/5 2494/4513/5
f 2492/4514/585 2630/4515/585 2682/4516/585 2584/4517/585
f 2630/4515/673 2510/4518/673 2622/4519/673 2682/4516/673
f 2682/4516/674 2622/4519/674 2507/4520/674 2618/4521/674
f 2584/4517/588 2682/4516/588 2618/4521/588 2490/4522/588
f 2498/4523/760 2608/4524/760 2683/4525/760 2593/4526/760
f 2608/4524/590 2512/4527/590 2609/4528/590 2683/4525/590
f 2683/4525/799 2609/4528/799 2513/4529/799 2624/4530/799
f 2593/4526/800 2683/4525/800 2624/4530/800 2496/4531/800
f 2496/4532/595 2624/4533/595 2684/4534/595 2598/4535/595
f 2624/4533/593 2513/4536/593 2610/4537/593 2684/4534/593
f 2684/4534/593 2610/4537/593 2514/4538/593 2612/4539/593
f 2598/4535/595 2684/4534/595 2612/4539/595 2486/4540/595
f 2484/4541/596 2626/4542/596 2685/4543/596 2596/4544/596
f 2626/4542/597 2511/4545/597 2613/4546/597 2685/4543/597
f 2685/4543/598 2613/4546/598 2512/4547/598 2608/4548/598
f 2596/4544/763 2685/4543/763 2608/4548/763 2498/4549/763
f 2510/4550/600 2615/4551/600 2686/4552/600 2622/4553/600
f 2615/4551/801 2503/4554/801 2601/4555/801 2686/4552/801
f 2686/4552/682 2601/4555/682 2501/4556/682 2627/4557/682
f 2622/4553/603 2686/4552/603 2627/4557/603 2507/4558/603
f 2808/4559/802 2812/4560/802 2692/4561/802 2688/4562/802
f 2704/4563/803 2708/4564/803 2716/4565/803 2712/4566/803
f 2712/4566/804 2716/4565/804 2724/4567/804 2720/4568/804
f 2720/4568/805 2724/4567/805 2732/4569/805 2728/4570/805
f 2728/4570/806 2732/4569/806 2740/4571/806 2736/4572/806
f 2736/4572/807 2740/4571/807 2748/4573/807 2744/4574/807
f 2744/4574/808 2748/4573/808 2756/4575/808 2752/4576/808
f 2752/4576/809 2756/4575/809 2764/4577/809 2760/4578/809
f 2760/4578/810 2764/4577/810 2772/4579/810 2768/4580/810
f 2768/4580/811 2772/4579/811 2780/4581/811 2776/4582/811
f 2776/4582/812 2780/4581/812 2788/4583/812 2784/4584/812
f 2784/4585/813 2788/4586/813 2796/4587/813 2792/4588/813
f 2792/4588/814 2796/4587/814 2804/4589/814 2800/4590/814
f 2800/4590/815 2804/4589/815 2812/4560/815 2808/4559/815
f 2696/4591/816 2700/4592/816 2708/4564/816 2704/4563/816
f 2699/4593/6 2691/4594/6 2811/4595/6 2803/4596/6 2795/4597/6 2787/4598/6 2779/4599/6 2771/4600/6 2763/4601/6 2755/4602/6 2747/4603/6 2739/4604/6 2731/4605/6 2723/4606/6 2715/4607/6 2707/4608/6
f 2688/4562/817 2692/4561/817 2700/4592/817 2696/4591/817
f 2688/4562/818 2696/4591/818 2698/4609/818 2690/4610/818
f 2690/4610/819 2698/4609/819 2697/4611/819 2689/4612/819
f 2689/4612/820 2697/4611/820 2695/4613/820 2687/4614/820
f 2700/4592/821 2692/4561/821 2694/4615/821 2702/4616/821
f 2702/4616/822 2694/4615/822 2693/4617/822 2701/4618/822
f 2701/4618/823 2693/4617/823 2691/4619/823 2699/4620/823
f 2696/4591/824 2704/4563/824 2706/4621/824 2698/4609/824
f 2698/4609/825 2706/4621/825 2705/4622/825 2697/4611/825
f 2697/4611/826 2705/4622/826 2703/4623/826 2695/4613/826
f 2708/4564/827 2700/4592/827 2702/4616/827 2710/4624/827
f 2710/4624/828 2702/4616/828 2701/4618/828 2709/4625/828
f 2709/4625/829 2701/4618/829 2699/4620/829 2707/4626/829
f 2704/4563/830 2712/4566/830 2714/4627/830 2706/4621/830
f 2706/4621/831 2714/4627/831 2713/4628/831 2705/4622/831
f 2705/4622/832 2713/4628/832 2711/4629/832 2703/4623/832
f 2716/4565/833 2708/4564/833 2710/4624/833 2718/4630/833
f 2718/4630/834 2710/4624/834 2709/4625/834 2717/4631/834
f 2717/4631/835 2709/4625/835 2707/4626/835 2715/4632/835
f 2712/4566/836 2720/4568/836 2722/4633/836 2714/4627/836
f 2714/4627/837 2722/4633/837 2721/4634/837 2713/4628/837
f 2713/4628/838 2721/4634/838 2719/4635/838 2711/4629/838
f 2724/4567/839 2716/4565/839 2718/4630/839 2726/4636/839
f 2726/4636/840 2718/4630/840 2717/4631/840 2725/4637/840
f 2725/4637/841 2717/4631/841 2715/4632/841 2723/4638/841
f 2720/4568/842 2728/4570/842 2730/4639/842 2722/4633/842
f 2722/4633/843 2730/4639/843 2729/4640/843 2721/4634/843
f 2721/4634/844 2729/4640/844 2727/4641/844 2719/4635/844
f 2732/4569/845 2724/4567/845 2726/4636/845 2734/4642/845
f 2734/4642/846 2726/4636/846 2725/4637/846 2733/4643/846
f 2733/4643/847 2725/4637/847 2723/4638/847 2731/4644/847
f 2728/4570/848 2736/4572/848 2738/4645/848 2730/4639/848
f 2730/4639/849 2738/4645/849 2737/4646/849 2729/4640/849
f 2729/4640/850 2737/4646/850 2735/4647/850 2727/4641/850
f 2740/4571/851 2732/4569/851 2734/4642/851 2742/4648/851
f 2742/4648/852 2734/4642/852 2733/4643/852 2741/4649/852
f 2741/4649/853 2733/4643/853 2731/4644/853 2739/4650/853
f 2736/4572/854 2744/4574/854 2746/4651/854 2738/4645/854
f 2738/4645/855 2746/4651/855 2745/4652/855 2737/4646/855
f 2737/4646/856 2745/4652/856 2743/4653/856 2735/4647/856
f 2748/4573/857 2740/4571/857 2742/4648/857 2750/4654/857
f 2750/4654/858 2742/4648/858 2741/4649/858 2749/4655/858
f 2749/4655/859 2741/4649/859 2739/4650/859 2747/4656/859
f 2744/4574/860 2752/4576/860 2754/4657/860 2746/4651/860
f 2746/4651/861 2754/4657/861 2753/4658/861 2745/4652/861
f 2745/4652/862 2753/4658/862 2751/4659/862 2743/4653/862
f 2756/4575/863 2748/4573/863 2750/4654/863 2758/4660/863
f 2758/4660/864 2750/4654/864 2749/4655/864 2757/4661/864
f 2757/4661/865 2749/4655/865 2747/4656/865 2755/4662/865
f 2752/4576/866 2760/4578/866 2762/4663/866 2754/4657/866
f 2754/4657/867 2762/4663/867 2761/4664/867 2753/4658/867
f 2753/4658/868 2761/4664/868 2759/4665/868 2751/4659/868
f 2764/4577/869 2756/4575/869 2758/4660/869 2766/4666/869
f 2766/4666/870 2758/4660/870 2757/4661/870 2765/4667/870
f 2765/4667/871 2757/4661/871 2755/4662/871 2763/4668/871
f 2760/4578/872 2768/4580/872 2770/4669/872 2762/4663/872
f 2762/4663/873 2770/4669/873 2769/4670/873 2761/4664/873
f 2761/4664/874 2769/4670/874 2767/4671/874 2759/4665/874
f 2772/4579/875 2764/4577/875 2766/4666/875 2774/4672/875
f 2774/4672/876 2766/4666/876 2765/4667/876 2773/4673/876
f 2773/4673/877 2765/4667/877 2763/4668/877 2771/4674/877
f 2768/4580/878 2776/4582/878 2778/4675/878 2770/4669/878
f 2770/4669/879 2778/4675/879 2777/4676/879 2769/4670/879
f 2769/4670/880 2777/4676/880 2775/4677/880 2767/4671/880
f 2780/4581/881 2772/4579/881 2774/4672/881 2782/4678/881
f 2782/4678/882 2774/4672/882 2773/4673/882 2781/4679/882
f 2781/4679/883 2773/4673/883 2771/4674/883 2779/4680/883
f 2776/4582/884 2784/4584/884 2786/4681/884 2778/4675/884
f 2778/4675/885 2786/4681/885 2785/4682/885 2777/4676/885
f 2777/4676/886 2785/4682/886 2783/4683/886 2775/4677/886
f 2788/4583/887 2780/4581/887 2782/4678/887 2790/4684/887
f 2790/4684/888 2782/4678/888 2781/4679/888 2789/4685/888
f 2789/4685/889 2781/4679/889 2779/4680/889 2787/4686/889
f 2784/4585/890 2792/4588/890 2794/4687/890 2786/4688/890
f 2786/4688/891 2794/4687/891 2793/4689/891 2785/4690/891
f 2785/4690/892 2793/4689/892 2791/4691/892 2783/4692/892
f 2796/4587/893 2788/4586/893 2790/4693/893 2798/4694/893
f 2798/4694/894 2790/4693/894 2789/4695/894 2797/4696/894
f 2797/4696/895 2789/4695/895 2787/4697/895 2795/4698/895
f 2792/4588/896 2800/4590/896 2802/4699/896 2794/4687/896
f 2794/4687/897 2802/4699/897 2801/4700/897 2793/4689/897
f 2793/4689/898 2801/4700/898 2799/4701/898 2791/4691/898
f 2804/4589/899 2796/4587/899 2798/4694/899 2806/4702/899
f 2806/4702/900 2798/4694/900 2797/4696/900 2805/4703/900
f 2805/4703/901 2797/4696/901 2795/4698/901 2803/4704/901
f 2800/4590/902 2808/4559/902 2810/4705/902 2802/4699/902
f 2802/4699/903 2810/4705/903 2809/4706/903 2801/4700/903
f 2801/4700/904 2809/4706/904 2807/4707/904 2799/4701/904
f 2812/4560/905 2804/4589/905 2806/4702/905 2814/4708/905
f 2814/4708/906 2806/4702/906 2805/4703/906 2813/4709/906
f 2813/4709/907 2805/4703/907 2803/4704/907 2811/4710/907
f 2808/4559/908 2688/4562/908 2690/4610/908 2810/4705/908
f 2810/4705/909 2690/4610/909 2689/4612/909 2809/4706/909
f 2809/4706/910 2689/4612/910 2687/4614/910 2807/4707/910
f 2692/4561/911 2812/4560/911 2814/4708/911 2694/4615/911
f 2694/4615/912 2814/4708/912 2813/4709/912 2693/4617/912
f 2693/4617/913 2813/4709/913 2811/4710/913 2691/4619/913
f 2687/4711/4 2695/4712/4 2703/4713/4 2711/4714/4 2719/4715/4 2727/4716/4 2735/4717/4 2743/4718/4 2751/4719/4 2759/4720/4 2767/4721/4 2775/4722/4 2783/4723/4 2791/4724/4 2799/4725/4 2807/4726/4
f 2936/4727/914 2940/4728/914 2841/4729/914 2845/4730/914
f 2829/4731/915 2825/4732/915 2817/4733/915 2821/4734/915
f 2821/4734/804 2817/4733/804 2852/4735/804 2848/4736/804
f 2848/4736/805 2852/4735/805 2860/4737/805 2856/4738/805
f 2856/4738/916 2860/4737/916 2868/4739/916 2864/4740/916
f 2864/4740/807 2868/4739/807 2876/4741/807 2872/4742/807
f 2872/4742/808 2876/4741/808 2884/4743/808 2880/4744/808
f 2880/4744/809 2884/4743/809 2892/4745/809 2888/4746/809
f 2888/4746/810 2892/4745/810 2900/4747/810 2896/4748/810
f 2896/4748/917 2900/4747/917 2908/4749/917 2904/4750/917
f 2904/4750/812 2908/4749/812 2916/4751/812 2912/4752/812
f 2912/4753/813 2916/4754/813 2924/4755/813 2920/4756/813
f 2920/4756/814 2924/4755/814 2932/4757/814 2928/4758/814
f 2928/4758/918 2932/4757/918 2940/4728/918 2936/4727/918
f 2837/4759/919 2833/4760/919 2825/4732/919 2829/4731/919
f 2834/4761/6 2842/4762/6 2939/4763/6 2931/4764/6 2923/4765/6 2915/4766/6 2907/4767/6 2899/4768/6 2891/4769/6 2883/4770/6 2875/4771/6 2867/4772/6 2859/4773/6 2851/4774/6 2818/4775/6 2826/4776/6
f 2845/4730/920 2841/4729/920 2833/4760/920 2837/4759/920
f 2845/4730/921 2837/4759/921 2835/4777/921 2843/4778/921
f 2843/4778/922 2835/4777/922 2836/4779/922 2844/4780/922
f 2844/4780/923 2836/4779/923 2838/4781/923 2846/4782/923
f 2833/4760/924 2841/4729/924 2839/4783/924 2831/4784/924
f 2831/4784/925 2839/4783/925 2840/4785/925 2832/4786/925
f 2832/4786/926 2840/4785/926 2842/4787/926 2834/4788/926
f 2837/4759/927 2829/4731/927 2827/4789/927 2835/4777/927
f 2835/4777/928 2827/4789/928 2828/4790/928 2836/4779/928
f 2836/4779/929 2828/4790/929 2830/4791/929 2838/4781/929
f 2825/4732/930 2833/4760/930 2831/4784/930 2823/4792/930
f 2823/4792/931 2831/4784/931 2832/4786/931 2824/4793/931
f 2824/4793/932 2832/4786/932 2834/4788/932 2826/4794/932
f 2829/4731/933 2821/4734/933 2819/4795/933 2827/4789/933
f 2827/4789/934 2819/4795/934 2820/4796/934 2828/4790/934
f 2828/4790/935 2820/4796/935 2822/4797/935 2830/4791/935
f 2817/4733/936 2825/4732/936 2823/4792/936 2815/4798/936
f 2815/4798/937 2823/4792/937 2824/4793/937 2816/4799/937
f 2816/4799/938 2824/4793/938 2826/4794/938 2818/4800/938
f 2821/4734/939 2848/4736/939 2850/4801/939 2819/4795/939
f 2819/4795/940 2850/4801/940 2849/4802/940 2820/4796/940
f 2820/4796/941 2849/4802/941 2847/4803/941 2822/4797/941
f 2852/4735/942 2817/4733/942 2815/4798/942 2854/4804/942
f 2854/4804/943 2815/4798/943 2816/4799/943 2853/4805/943
f 2853/4805/944 2816/4799/944 2818/4800/944 2851/4806/944
f 2848/4736/945 2856/4738/945 2858/4807/945 2850/4801/945
f 2850/4801/946 2858/4807/946 2857/4808/946 2849/4802/946
f 2849/4802/947 2857/4808/947 2855/4809/947 2847/4803/947
f 2860/4737/948 2852/4735/948 2854/4804/948 2862/4810/948
f 2862/4810/949 2854/4804/949 2853/4805/949 2861/4811/949
f 2861/4811/950 2853/4805/950 2851/4806/950 2859/4812/950
f 2856/4738/951 2864/4740/951 2866/4813/951 2858/4807/951
f 2858/4807/952 2866/4813/952 2865/4814/952 2857/4808/952
f 2857/4808/953 2865/4814/953 2863/4815/953 2855/4809/953
f 2868/4739/954 2860/4737/954 2862/4810/954 2870/4816/954
f 2870/4816/955 2862/4810/955 2861/4811/955 2869/4817/955
f 2869/4817/956 2861/4811/956 2859/4812/956 2867/4818/956
f 2864/4740/957 2872/4742/957 2874/4819/957 2866/4813/957
f 2866/4813/958 2874/4819/958 2873/4820/958 2865/4814/958
f 2865/4814/959 2873/4820/959 2871/4821/959 2863/4815/959
f 2876/4741/960 2868/4739/960 2870/4816/960 2878/4822/960
f 2878/4822/961 2870/4816/961 2869/4817/961 2877/4823/961
f 2877/4823/962 2869/4817/962 2867/4818/962 2875/4824/962
f 2872/4742/963 2880/4744/963 2882/4825/963 2874/4819/963
f 2874/4819/964 2882/4825/964 2881/4826/964 2873/4820/964
f 2873/4820/965 2881/4826/965 2879/4827/965 2871/4821/965
f 2884/4743/966 2876/4741/966 2878/4822/966 2886/4828/966
f 2886/4828/967 2878/4822/967 2877/4823/967 2885/4829/967
f 2885/4829/968 2877/4823/968 2875/4824/968 2883/4830/968
f 2880/4744/969 2888/4746/969 2890/4831/969 2882/4825/969
f 2882/4825/970 2890/4831/970 2889/4832/970 2881/4826/970
f 2881/4826/971 2889/4832/971 2887/4833/971 2879/4827/971
f 2892/4745/972 2884/4743/972 2886/4828/972 2894/4834/972
f 2894/4834/973 2886/4828/973 2885/4829/973 2893/4835/973
f 2893/4835/974 2885/4829/974 2883/4830/974 2891/4836/974
f 2888/4746/975 2896/4748/975 2898/4837/975 2890/4831/975
f 2890/4831/976 2898/4837/976 2897/4838/976 2889/4832/976
f 2889/4832/977 2897/4838/977 2895/4839/977 2887/4833/977
f 2900/4747/978 2892/4745/978 2894/4834/978 2902/4840/978
f 2902/4840/979 2894/4834/979 2893/4835/979 2901/4841/979
f 2901/4841/980 2893/4835/980 2891/4836/980 2899/4842/980
f 2896/4748/981 2904/4750/981 2906/4843/981 2898/4837/981
f 2898/4837/982 2906/4843/982 2905/4844/982 2897/4838/982
f 2897/4838/983 2905/4844/983 2903/4845/983 2895/4839/983
f 2908/4749/984 2900/4747/984 2902/4840/984 2910/4846/984
f 2910/4846/985 2902/4840/985 2901/4841/985 2909/4847/985
f 2909/4847/986 2901/4841/986 2899/4842/986 2907/4848/986
f 2904/4750/987 2912/4752/987 2914/4849/987 2906/4843/987
f 2906/4843/988 2914/4849/988 2913/4850/988 2905/4844/988
f 2905/4844/989 2913/4850/989 2911/4851/989 2903/4845/989
f 2916/4751/990 2908/4749/990 2910/4846/990 2918/4852/990
f 2918/4852/991 2910/4846/991 2909/4847/991 2917/4853/991
f 2917/4853/992 2909/4847/992 2907/4848/992 2915/4854/992
f 2912/4753/993 2920/4756/993 2922/4855/993 2914/4856/993
f 2914/4856/994 2922/4855/994 2921/4857/994 2913/4858/994
f 2913/4858/995 2921/4857/995 2919/4859/995 2911/4860/995
f 2924/4755/996 2916/4754/996 2918/4861/996 2926/4862/996
f 2926/4862/997 2918/4861/997 2917/4863/997 2925/4864/997
f 2925/4864/998 2917/4863/998 2915/4865/998 2923/4866/998
f 2920/4756/999 2928/4758/999 2930/4867/999 2922/4855/999
f 2922/4855/1000 2930/4867/1000 2929/4868/1000 2921/4857/1000
f 2921/4857/1001 2929/4868/1001 2927/4869/1001 2919/4859/1001
f 2932/4757/1002 2924/4755/1002 2926/4862/1002 2934/4870/1002
f 2934/4870/1003 2926/4862/1003 2925/4864/1003 2933/4871/1003
f 2933/4871/1004 2925/4864/1004 2923/4866/1004 2931/4872/1004
f 2928/4758/1005 2936/4727/1005 2938/4873/1005 2930/4867/1005
f 2930/4867/1006 2938/4873/1006 2937/4874/1006 2929/4868/1006
f 2929/4868/1007 2937/4874/1007 2935/4875/1007 2927/4869/1007
f 2940/4728/1008 2932/4757/1008 2934/4870/1008 2942/4876/1008
f 2942/4876/1009 2934/4870/1009 2933/4871/1009 2941/4877/1009
f 2941/4877/1010 2933/4871/1010 2931/4872/1010 2939/4878/1010
f 2936/4727/1011 2845/4730/1011 2843/4778/1011 2938/4873/1011
f 2938/4873/1012 2843/4778/1012 2844/4780/1012 2937/4874/1012
f 2937/4874/1013 2844/4780/1013 2846/4782/1013 2935/4875/1013
f 2841/4729/1014 2940/4728/1014 2942/4876/1014 2839/4783/1014
f 2839/4783/1015 2942/4876/1015 2941/4877/1015 2840/4785/1015
f 2840/4785/1016 2941/4877/1016 2939/4878/1016 2842/4787/1016
f 2846/4879/4 2838/4880/4 2830/4881/4 2822/4882/4 2847/4883/4 2855/4884/4 2863/4885/4 2871/4886/4 2879/4887/4 2887/4888/4 2895/4889/4 2903/4890/4 2911/4891/4 2919/4892/4 2927/4893/4 2935/4894/4
f 3064/4895/802 3068/4896/802 2969/4897/802 2973/4898/802
f 2957/4899/803 2953/4900/803 2945/4901/803 2949/4902/803
f 2949/4902/804 2945/4901/804 2980/4903/804 2976/4904/804
f 2976/4904/805 2980/4903/805 2988/4905/805 2984/4906/805
f 2984/4906/806 2988/4905/806 2996/4907/806 2992/4908/806
f 2992/4908/807 2996/4907/807 3004/4909/807 3000/4910/807
f 3000/4910/1017 3004/4909/1017 3012/4911/1017 3008/4912/1017
f 3008/4912/1018 3012/4911/1018 3020/4913/1018 3016/4914/1018
f 3016/4914/810 3020/4913/810 3028/4915/810 3024/4916/810
f 3024/4916/917 3028/4915/917 3036/4917/917 3032/4918/917
f 3032/4918/812 3036/4917/812 3044/4919/812 3040/4920/812
f 3040/4921/813 3044/4922/813 3052/4923/813 3048/4924/813
f 3048/4924/814 3052/4923/814 3060/4925/814 3056/4926/814
f 3056/4926/815 3060/4925/815 3068/4896/815 3064/4895/815
f 2965/4927/919 2961/4928/919 2953/4900/919 2957/4899/919
f 2962/4929/6 2970/4930/6 3067/4931/6 3059/4932/6 3051/4933/6 3043/4934/6 3035/4935/6 3027/4936/6 3019/4937/6 3011/4938/6 3003/4939/6 2995/4940/6 2987/4941/6 2979/4942/6 2946/4943/6 2954/4944/6
f 2973/4898/817 2969/4897/817 2961/4928/817 2965/4927/817
f 2973/4898/921 2965/4927/921 2963/4945/921 2971/4946/921
f 2971/4946/1019 2963/4945/1019 2964/4947/1019 2972/4948/1019
f 2972/4948/923 2964/4947/923 2966/4949/923 2974/4950/923
f 2961/4928/821 2969/4897/821 2967/4951/821 2959/4952/821
f 2959/4952/1020 2967/4951/1020 2968/4953/1020 2960/4954/1020
f 2960/4954/1021 2968/4953/1021 2970/4955/1021 2962/4956/1021
f 2965/4927/927 2957/4899/927 2955/4957/927 2963/4945/927
f 2963/4945/928 2955/4957/928 2956/4958/928 2964/4947/928
f 2964/4947/1022 2956/4958/1022 2958/4959/1022 2966/4949/1022
f 2953/4900/827 2961/4928/827 2959/4952/827 2951/4960/827
f 2951/4960/1023 2959/4952/1023 2960/4954/1023 2952/4961/1023
f 2952/4961/829 2960/4954/829 2962/4956/829 2954/4962/829
f 2957/4899/1024 2949/4902/1024 2947/4963/1024 2955/4957/1024
f 2955/4957/934 2947/4963/934 2948/4964/934 2956/4958/934
f 2956/4958/1025 2948/4964/1025 2950/4965/1025 2958/4959/1025
f 2945/4901/833 2953/4900/833 2951/4960/833 2943/4966/833
f 2943/4966/1026 2951/4960/1026 2952/4961/1026 2944/4967/1026
f 2944/4967/1027 2952/4961/1027 2954/4962/1027 2946/4968/1027
f 2949/4902/939 2976/4904/939 2978/4969/939 2947/4963/939
f 2947/4963/1028 2978/4969/1028 2977/4970/1028 2948/4964/1028
f 2948/4964/941 2977/4970/941 2975/4971/941 2950/4965/941
f 2980/4903/839 2945/4901/839 2943/4966/839 2982/4972/839
f 2982/4972/840 2943/4966/840 2944/4967/840 2981/4973/840
f 2981/4973/841 2944/4967/841 2946/4968/841 2979/4974/841
f 2976/4904/945 2984/4906/945 2986/4975/945 2978/4969/945
f 2978/4969/946 2986/4975/946 2985/4976/946 2977/4970/946
f 2977/4970/1029 2985/4976/1029 2983/4977/1029 2975/4971/1029
f 2988/4905/845 2980/4903/845 2982/4972/845 2990/4978/845
f 2990/4978/846 2982/4972/846 2981/4973/846 2989/4979/846
f 2989/4979/847 2981/4973/847 2979/4974/847 2987/4980/847
f 2984/4906/1030 2992/4908/1030 2994/4981/1030 2986/4975/1030
f 2986/4975/952 2994/4981/952 2993/4982/952 2985/4976/952
f 2985/4976/1031 2993/4982/1031 2991/4983/1031 2983/4977/1031
f 2996/4907/1032 2988/4905/1032 2990/4978/1032 2998/4984/1032
f 2998/4984/1033 2990/4978/1033 2989/4979/1033 2997/4985/1033
f 2997/4985/853 2989/4979/853 2987/4980/853 2995/4986/853
f 2992/4908/957 3000/4910/957 3002/4987/957 2994/4981/957
f 2994/4981/958 3002/4987/958 3001/4988/958 2993/4982/958
f 2993/4982/1034 3001/4988/1034 2999/4989/1034 2991/4983/1034
f 3004/4909/857 2996/4907/857 2998/4984/857 3006/4990/857
f 3006/4990/858 2998/4984/858 2997/4985/858 3005/4991/858
f 3005/4991/859 2997/4985/859 2995/4986/859 3003/4992/859
f 3000/4910/963 3008/4912/963 3010/4993/963 3002/4987/963
f 3002/4987/964 3010/4993/964 3009/4994/964 3001/4988/964
f 3001/4988/1035 3009/4994/1035 3007/4995/1035 2999/4989/1035
f 3012/4911/863 3004/4909/863 3006/4990/863 3014/4996/863
f 3014/4996/864 3006/4990/864 3005/4991/864 3013/4997/864
f 3013/4997/1036 3005/4991/1036 3003/4992/1036 3011/4998/1036
f 3008/4912/969 3016/4914/969 3018/4999/969 3010/4993/969
f 3010/4993/970 3018/4999/970 3017/5000/970 3009/4994/970
f 3009/4994/1037 3017/5000/1037 3015/5001/1037 3007/4995/1037
f 3020/4913/869 3012/4911/869 3014/4996/869 3022/5002/869
f 3022/5002/870 3014/4996/870 3013/4997/870 3021/5003/870
f 3021/5003/871 3013/4997/871 3011/4998/871 3019/5004/871
f 3016/4914/975 3024/4916/975 3026/5005/975 3018/4999/975
f 3018/4999/1038 3026/5005/1038 3025/5006/1038 3017/5000/1038
f 3017/5000/1039 3025/5006/1039 3023/5007/1039 3015/5001/1039
f 3028/4915/875 3020/4913/875 3022/5002/875 3030/5008/875
f 3030/5008/876 3022/5002/876 3021/5003/876 3029/5009/876
f 3029/5009/1040 3021/5003/1040 3019/5004/1040 3027/5010/1040
f 3024/4916/981 3032/4918/981 3034/5011/981 3026/5005/981
f 3026/5005/982 3034/5011/982 3033/5012/982 3025/5006/982
f 3025/5006/1041 3033/5012/1041 3031/5013/1041 3023/5007/1041
f 3036/4917/881 3028/4915/881 3030/5008/881 3038/5014/881
f 3038/5014/882 3030/5008/882 3029/5009/882 3037/5015/882
f 3037/5015/883 3029/5009/883 3027/5010/883 3035/5016/883
f 3032/4918/987 3040/4920/987 3042/5017/987 3034/5011/987
f 3034/5011/988 3042/5017/988 3041/5018/988 3033/5012/988
f 3033/5012/1042 3041/5018/1042 3039/5019/1042 3031/5013/1042
f 3044/4919/887 3036/4917/887 3038/5014/887 3046/5020/887
f 3046/5020/888 3038/5014/888 3037/5015/888 3045/5021/888
f 3045/5021/889 3037/5015/889 3035/5016/889 3043/5022/889
f 3040/4921/993 3048/4924/993 3050/5023/993 3042/5024/993
f 3042/5024/994 3050/5023/994 3049/5025/994 3041/5026/994
f 3041/5026/995 3049/5025/995 3047/5027/995 3039/5028/995
f 3052/4923/893 3044/4922/893 3046/5029/893 3054/5030/893
f 3054/5030/894 3046/5029/894 3045/5031/894 3053/5032/894
f 3053/5032/895 3045/5031/895 3043/5033/895 3051/5034/895
f 3048/4924/999 3056/4926/999 3058/5035/999 3050/5023/999
f 3050/5023/1043 3058/5035/1043 3057/5036/1043 3049/5025/1043
f 3049/5025/1044 3057/5036/1044 3055/5037/1044 3047/5027/1044
f 3060/4925/899 3052/4923/899 3054/5030/899 3062/5038/899
f 3062/5038/1045 3054/5030/1045 3053/5032/1045 3061/5039/1045
f 3061/5039/901 3053/5032/901 3051/5034/901 3059/5040/901
f 3056/4926/1005 3064/4895/1005 3066/5041/1005 3058/5035/1005
f 3058/5035/1046 3066/5041/1046 3065/5042/1046 3057/5036/1046
f 3057/5036/1047 3065/5042/1047 3063/5043/1047 3055/5037/1047
f 3068/4896/905 3060/4925/905 3062/5038/905 3070/5044/905
f 3070/5044/906 3062/5038/906 3061/5039/906 3069/5045/906
f 3069/5045/907 3061/5039/907 3059/5040/907 3067/5046/907
f 3064/4895/1011 2973/4898/1011 2971/4946/1011 3066/5041/1011
f 3066/5041/1048 2971/4946/1048 2972/4948/1048 3065/5042/1048
f 3065/5042/1049 2972/4948/1049 2974/4950/1049 3063/5043/1049
f 2969/4897/911 3068/4896/911 3070/5044/911 2967/4951/911
f 2967/4951/1050 3070/5044/1050 3069/5045/1050 2968/4953/1050
f 2968/4953/1051 3069/5045/1051 3067/5046/1051 2970/4955/1051
f 2974/5047/4 2966/5048/4 2958/5049/4 2950/5050/4 2975/5051/4 2983/5052/4 2991/5053/4 2999/5054/4 3007/5055/4 3015/5056/4 3023/5057/4 3031/5058/4 3039/5059/4 3047/5060/4 3055/5061/4 3063/5062/4
f 3192/5063/802 3072/5064/802 3076/5065/802 3196/5066/802
f 3088/5067/803 3096/5068/803 3100/5069/803 3092/5070/803
f 3096/5068/804 3104/5071/804 3108/5072/804 3100/5069/804
f 3104/5071/805 3112/5073/805 3116/5074/805 3108/5072/805
f 3112/5073/806 3120/5075/806 3124/5076/806 3116/5074/806
f 3120/5075/807 3128/5077/807 3132/5078/807 3124/5076/807
f 3128/5077/808 3136/5079/808 3140/5080/808 3132/5078/808
f 3136/5079/809 3144/5081/809 3148/5082/809 3140/5080/809
f 3144/5081/810 3152/5083/810 3156/5084/810 3148/5082/810
f 3152/5083/811 3160/5085/811 3164/5086/811 3156/5084/811
f 3160/5087/812 3168/5088/812 3172/5089/812 3164/5090/812
f 3168/5088/813 3176/5091/813 3180/5092/813 3172/5089/813
f 3176/5091/814 3184/5093/814 3188/5094/814 3180/5092/814
f 3184/5093/815 3192/5063/815 3196/5066/815 3188/5094/815
f 3080/5095/816 3088/5067/816 3092/5070/816 3084/5096/816
f 3083/5097/4 3091/5098/4 3099/5099/4 3107/5100/4 3115/5101/4 3123/5102/4 3131/5103/4 3139/5104/4 3147/5105/4 3155/5106/4 3163/5107/4 3171/5108/4 3179/5109/4 3187/5110/4 3195/5111/4 3075/5112/4
f 3072/5064/817 3080/5095/817 3084/5096/817 3076/5065/817
f 3072/5064/924 3074/5113/924 3082/5114/924 3080/5095/924
f 3074/5113/1052 3073/5115/1052 3081/5116/1052 3082/5114/1052
f 3073/5115/926 3071/5117/926 3079/5118/926 3081/5116/926
f 3084/5096/921 3086/5119/921 3078/5120/921 3076/5065/921
f 3086/5119/1019 3085/5121/1019 3077/5122/1019 3078/5120/1019
f 3085/5121/1053 3083/5123/1053 3075/5124/1053 3077/5122/1053
f 3080/5095/930 3082/5114/930 3090/5125/930 3088/5067/930
f 3082/5114/1054 3081/5116/1054 3089/5126/1054 3090/5125/1054
f 3081/5116/1055 3079/5118/1055 3087/5127/1055 3089/5126/1055
f 3092/5070/927 3094/5128/927 3086/5119/927 3084/5096/927
f 3094/5128/1056 3093/5129/1056 3085/5121/1056 3086/5119/1056
f 3093/5129/1057 3091/5130/1057 3083/5123/1057 3085/5121/1057
f 3088/5067/936 3090/5125/936 3098/5131/936 3096/5068/936
f 3090/5125/1058 3089/5126/1058 3097/5132/1058 3098/5131/1058
f 3089/5126/938 3087/5127/938 3095/5133/938 3097/5132/938
f 3100/5069/933 3102/5134/933 3094/5128/933 3092/5070/933
f 3102/5134/1059 3101/5135/1059 3093/5129/1059 3094/5128/1059
f 3101/5135/1060 3099/5136/1060 3091/5130/1060 3093/5129/1060
f 3096/5068/942 3098/5131/942 3106/5137/942 3104/5071/942
f 3098/5131/1061 3097/5132/1061 3105/5138/1061 3106/5137/1061
f 3097/5132/1062 3095/5133/1062 3103/5139/1062 3105/5138/1062
f 3108/5072/939 3110/5140/939 3102/5134/939 3100/5069/939
f 3110/5140/1028 3109/5141/1028 3101/5135/1028 3102/5134/1028
f 3109/5141/1063 3107/5142/1063 3099/5136/1063 3101/5135/1063
f 3104/5071/948 3106/5137/948 3114/5143/948 3112/5073/948
f 3106/5137/1064 3105/5138/1064 3113/5144/1064 3114/5143/1064
f 3105/5138/1065 3103/5139/1065 3111/5145/1065 3113/5144/1065
f 3116/5074/945 3118/5146/945 3110/5140/945 3108/5072/945
f 3118/5146/946 3117/5147/946 3109/5141/946 3110/5140/946
f 3117/5147/1066 3115/5148/1066 3107/5142/1066 3109/5141/1066
f 3112/5073/1067 3114/5143/1067 3122/5149/1067 3120/5075/1067
f 3114/5143/1068 3113/5144/1068 3121/5150/1068 3122/5149/1068
f 3113/5144/1069 3111/5145/1069 3119/5151/1069 3121/5150/1069
f 3124/5076/951 3126/5152/951 3118/5146/951 3116/5074/951
f 3126/5152/952 3125/5153/952 3117/5147/952 3118/5146/952
f 3125/5153/1070 3123/5154/1070 3115/5148/1070 3117/5147/1070
f 3120/5075/1071 3122/5149/1071 3130/5155/1071 3128/5077/1071
f 3122/5149/1072 3121/5150/1072 3129/5156/1072 3130/5155/1072
f 3121/5150/1073 3119/5151/1073 3127/5157/1073 3129/5156/1073
f 3132/5078/957 3134/5158/957 3126/5152/957 3124/5076/957
f 3134/5158/958 3133/5159/958 3125/5153/958 3126/5152/958
f 3133/5159/1074 3131/5160/1074 3123/5154/1074 3125/5153/1074
f 3128/5077/966 3130/5155/966 3138/5161/966 3136/5079/966
f 3130/5155/1075 3129/5156/1075 3137/5162/1075 3138/5161/1075
f 3129/5156/1076 3127/5157/1076 3135/5163/1076 3137/5162/1076
f 3140/5080/963 3142/5164/963 3134/5158/963 3132/5078/963
f 3142/5164/964 3141/5165/964 3133/5159/964 3134/5158/964
f 3141/5165/1077 3139/5166/1077 3131/5160/1077 3133/5159/1077
f 3136/5079/1078 3138/5161/1078 3146/5167/1078 3144/5081/1078
f 3138/5161/1079 3137/5162/1079 3145/5168/1079 3146/5167/1079
f 3137/5162/1080 3135/5163/1080 3143/5169/1080 3145/5168/1080
f 3148/5082/969 3150/5170/969 3142/5164/969 3140/5080/969
f 3150/5170/970 3149/5171/970 3141/5165/970 3142/5164/970
f 3149/5171/1081 3147/5172/1081 3139/5166/1081 3141/5165/1081
f 3144/5081/978 3146/5167/978 3154/5173/978 3152/5083/978
f 3146/5167/1082 3145/5168/1082 3153/5174/1082 3154/5173/1082
f 3145/5168/1083 3143/5169/1083 3151/5175/1083 3153/5174/1083
f 3156/5084/975 3158/5176/975 3150/5170/975 3148/5082/975
f 3158/5176/1038 3157/5177/1038 3149/5171/1038 3150/5170/1038
f 3157/5177/1039 3155/5178/1039 3147/5172/1039 3149/5171/1039
f 3152/5083/1084 3154/5173/1084 3162/5179/1084 3160/5085/1084
f 3154/5173/1085 3153/5174/1085 3161/5180/1085 3162/5179/1085
f 3153/5174/1086 3151/5175/1086 3159/5181/1086 3161/5180/1086
f 3164/5086/981 3166/5182/981 3158/5176/981 3156/5084/981
f 3166/5182/982 3165/5183/982 3157/5177/982 3158/5176/982
f 3165/5183/1041 3163/5184/1041 3155/5178/1041 3157/5177/1041
f 3160/5087/990 3162/5185/990 3170/5186/990 3168/5088/990
f 3162/5185/1087 3161/5187/1087 3169/5188/1087 3170/5186/1087
f 3161/5187/1088 3159/5189/1088 3167/5190/1088 3169/5188/1088
f 3172/5089/987 3174/5191/987 3166/5192/987 3164/5090/987
f 3174/5191/988 3173/5193/988 3165/5194/988 3166/5192/988
f 3173/5193/1089 3171/5195/1089 3163/5196/1089 3165/5194/1089
f 3168/5088/996 3170/5186/996 3178/5197/996 3176/5091/996
f 3170/5186/1090 3169/5188/1090 3177/5198/1090 3178/5197/1090
f 3169/5188/1091 3167/5190/1091 3175/5199/1091 3177/5198/1091
f 3180/5092/993 3182/5200/993 3174/5191/993 3172/5089/993
f 3182/5200/994 3181/5201/994 3173/5193/994 3174/5191/994
f 3181/5201/1092 3179/5202/1092 3171/5195/1092 3173/5193/1092
f 3176/5091/1002 3178/5197/1002 3186/5203/1002 3184/5093/1002
f 3178/5197/1093 3177/5198/1093 3185/5204/1093 3186/5203/1093
f 3177/5198/1094 3175/5199/1094 3183/5205/1094 3185/5204/1094
f 3188/5094/999 3190/5206/999 3182/5200/999 3180/5092/999
f 3190/5206/1043 3189/5207/1043 3181/5201/1043 3182/5200/1043
f 3189/5207/1095 3187/5208/1095 3179/5202/1095 3181/5201/1095
f 3184/5093/1008 3186/5203/1008 3194/5209/1008 3192/5063/1008
f 3186/5203/1096 3185/5204/1096 3193/5210/1096 3194/5209/1096
f 3185/5204/1097 3183/5205/1097 3191/5211/1097 3193/5210/1097
f 3196/5066/1005 3198/5212/1005 3190/5206/1005 3188/5094/1005
f 3198/5212/1046 3197/5213/1046 3189/5207/1046 3190/5206/1046
f 3197/5213/1098 3195/5214/1098 3187/5208/1098 3189/5207/1098
f 3192/5063/1014 3194/5209/1014 3074/5113/1014 3072/5064/1014
f 3194/5209/1099 3193/5210/1099 3073/5115/1099 3074/5113/1099
f 3193/5210/1100 3191/5211/1100 3071/5117/1100 3073/5115/1100
f 3076/5065/1011 3078/5120/1011 3198/5212/1011 3196/5066/1011
f 3078/5120/1101 3077/5122/1101 3197/5213/1101 3198/5212/1101
f 3077/5122/1049 3075/5124/1049 3195/5214/1049 3197/5213/1049
f 3071/5215/6 3191/5216/6 3183/5217/6 3175/5218/6 3167/5219/6 3159/5220/6 3151/5221/6 3143/5222/6 3135/5223/6 3127/5224/6 3119/5225/6 3111/5226/6 3103/5227/6 3095/5228/6 3087/5229/6 3079/5230/6
f 3320/5231/914 3229/5232/914 3225/5233/914 3324/5234/914
f 3213/5235/915 3205/5236/915 3201/5237/915 3209/5238/915
f 3205/5236/804 3232/5239/804 3236/5240/804 3201/5237/804
f 3232/5239/805 3240/5241/805 3244/5242/805 3236/5240/805
f 3240/5241/916 3248/5243/916 3252/5244/916 3244/5242/916
f 3248/5243/807 3256/5245/807 3260/5246/807 3252/5244/807
f 3256/5245/808 3264/5247/808 3268/5248/808 3260/5246/808
f 3264/5247/809 3272/5249/809 3276/5250/809 3268/5248/809
f 3272/5249/810 3280/5251/810 3284/5252/810 3276/5250/810
f 3280/5251/917 3288/5253/917 3292/5254/917 3284/5252/917
f 3288/5255/812 3296/5256/812 3300/5257/812 3292/5258/812
f 3296/5256/813 3304/5259/813 3308/5260/813 3300/5257/813
f 3304/5259/814 3312/5261/814 3316/5262/814 3308/5260/814
f 3312/5261/918 3320/5231/918 3324/5234/918 3316/5262/918
f 3221/5263/919 3213/5235/919 3209/5238/919 3217/5264/919
f 3218/5265/4 3210/5266/4 3202/5267/4 3235/5268/4 3243/5269/4 3251/5270/4 3259/5271/4 3267/5272/4 3275/5273/4 3283/5274/4 3291/5275/4 3299/5276/4 3307/5277/4 3315/5278/4 3323/5279/4 3226/5280/4
f 3229/5232/920 3221/5263/920 3217/5264/920 3225/5233/920
f 3229/5232/821 3227/5281/821 3219/5282/821 3221/5263/821
f 3227/5281/1102 3228/5283/1102 3220/5284/1102 3219/5282/1102
f 3228/5283/1103 3230/5285/1103 3222/5286/1103 3220/5284/1103
f 3217/5264/1104 3215/5287/1104 3223/5288/1104 3225/5233/1104
f 3215/5287/1105 3216/5289/1105 3224/5290/1105 3223/5288/1105
f 3216/5289/1106 3218/5291/1106 3226/5292/1106 3224/5290/1106
f 3221/5263/827 3219/5282/827 3211/5293/827 3213/5235/827
f 3219/5282/1023 3220/5284/1023 3212/5294/1023 3211/5293/1023
f 3220/5284/1107 3222/5286/1107 3214/5295/1107 3212/5294/1107
f 3209/5238/824 3207/5296/824 3215/5287/824 3217/5264/824
f 3207/5296/1108 3208/5297/1108 3216/5289/1108 3215/5287/1108
f 3208/5297/1109 3210/5298/1109 3218/5291/1109 3216/5289/1109
f 3213/5235/833 3211/5293/833 3203/5299/833 3205/5236/833
f 3211/5293/1026 3212/5294/1026 3204/5300/1026 3203/5299/1026
f 3212/5294/1110 3214/5295/1110 3206/5301/1110 3204/5300/1110
f 3201/5237/830 3199/5302/830 3207/5296/830 3209/5238/830
f 3199/5302/831 3200/5303/831 3208/5297/831 3207/5296/831
f 3200/5303/832 3202/5304/832 3210/5298/832 3208/5297/832
f 3205/5236/839 3203/5299/839 3234/5305/839 3232/5239/839
f 3203/5299/840 3204/5300/840 3233/5306/840 3234/5305/840
f 3204/5300/1111 3206/5301/1111 3231/5307/1111 3233/5306/1111
f 3236/5240/836 3238/5308/836 3199/5302/836 3201/5237/836
f 3238/5308/1112 3237/5309/1112 3200/5303/1112 3199/5302/1112
f 3237/5309/1113 3235/5310/1113 3202/5304/1113 3200/5303/1113
f 3232/5239/845 3234/5305/845 3242/5311/845 3240/5241/845
f 3234/5305/846 3233/5306/846 3241/5312/846 3242/5311/846
f 3233/5306/1114 3231/5307/1114 3239/5313/1114 3241/5312/1114
f 3244/5242/842 3246/5314/842 3238/5308/842 3236/5240/842
f 3246/5314/1115 3245/5315/1115 3237/5309/1115 3238/5308/1115
f 3245/5315/1116 3243/5316/1116 3235/5310/1116 3237/5309/1116
f 3240/5241/851 3242/5311/851 3250/5317/851 3248/5243/851
f 3242/5311/1033 3241/5312/1033 3249/5318/1033 3250/5317/1033
f 3241/5312/1117 3239/5313/1117 3247/5319/1117 3249/5318/1117
f 3252/5244/1118 3254/5320/1118 3246/5314/1118 3244/5242/1118
f 3254/5320/849 3253/5321/849 3245/5315/849 3246/5314/849
f 3253/5321/850 3251/5322/850 3243/5316/850 3245/5315/850
f 3248/5243/857 3250/5317/857 3258/5323/857 3256/5245/857
f 3250/5317/858 3249/5318/858 3257/5324/858 3258/5323/858
f 3249/5318/1119 3247/5319/1119 3255/5325/1119 3257/5324/1119
f 3260/5246/854 3262/5326/854 3254/5320/854 3252/5244/854
f 3262/5326/1120 3261/5327/1120 3253/5321/1120 3254/5320/1120
f 3261/5327/856 3259/5328/856 3251/5322/856 3253/5321/856
f 3256/5245/863 3258/5323/863 3266/5329/863 3264/5247/863
f 3258/5323/864 3257/5324/864 3265/5330/864 3266/5329/864
f 3257/5324/1121 3255/5325/1121 3263/5331/1121 3265/5330/1121
f 3268/5248/860 3270/5332/860 3262/5326/860 3260/5246/860
f 3270/5332/861 3269/5333/861 3261/5327/861 3262/5326/861
f 3269/5333/862 3267/5334/862 3259/5328/862 3261/5327/862
f 3264/5247/869 3266/5329/869 3274/5335/869 3272/5249/869
f 3266/5329/870 3265/5330/870 3273/5336/870 3274/5335/870
f 3265/5330/1122 3263/5331/1122 3271/5337/1122 3273/5336/1122
f 3276/5250/1123 3278/5338/1123 3270/5332/1123 3268/5248/1123
f 3278/5338/867 3277/5339/867 3269/5333/867 3270/5332/867
f 3277/5339/868 3275/5340/868 3267/5334/868 3269/5333/868
f 3272/5249/875 3274/5335/875 3282/5341/875 3280/5251/875
f 3274/5335/876 3273/5336/876 3281/5342/876 3282/5341/876
f 3273/5336/1124 3271/5337/1124 3279/5343/1124 3281/5342/1124
f 3284/5252/872 3286/5344/872 3278/5338/872 3276/5250/872
f 3286/5344/1125 3285/5345/1125 3277/5339/1125 3278/5338/1125
f 3285/5345/1126 3283/5346/1126 3275/5340/1126 3277/5339/1126
f 3280/5251/881 3282/5341/881 3290/5347/881 3288/5253/881
f 3282/5341/882 3281/5342/882 3289/5348/882 3290/5347/882
f 3281/5342/883 3279/5343/883 3287/5349/883 3289/5348/883
f 3292/5254/878 3294/5350/878 3286/5344/878 3284/5252/878
f 3294/5350/1127 3293/5351/1127 3285/5345/1127 3286/5344/1127
f 3293/5351/880 3291/5352/880 3283/5346/880 3285/5345/880
f 3288/5255/887 3290/5353/887 3298/5354/887 3296/5256/887
f 3290/5353/888 3289/5355/888 3297/5356/888 3298/5354/888
f 3289/5355/1128 3287/5357/1128 3295/5358/1128 3297/5356/1128
f 3300/5257/884 3302/5359/884 3294/5360/884 3292/5258/884
f 3302/5359/885 3301/5361/885 3293/5362/885 3294/5360/885
f 3301/5361/886 3299/5363/886 3291/5364/886 3293/5362/886
f 3296/5256/893 3298/5354/893 3306/5365/893 3304/5259/893
f 3298/5354/894 3297/5356/894 3305/5366/894 3306/5365/894
f 3297/5356/1129 3295/5358/1129 3303/5367/1129 3305/5366/1129
f 3308/5260/890 3310/5368/890 3302/5359/890 3300/5257/890
f 3310/5368/1130 3309/5369/1130 3301/5361/1130 3302/5359/1130
f 3309/5369/892 3307/5370/892 3299/5363/892 3301/5361/892
f 3304/5259/899 3306/5365/899 3314/5371/899 3312/5261/899
f 3306/5365/1045 3305/5366/1045 3313/5372/1045 3314/5371/1045
f 3305/5366/1131 3303/5367/1131 3311/5373/1131 3313/5372/1131
f 3316/5262/1132 3318/5374/1132 3310/5368/1132 3308/5260/1132
f 3318/5374/897 3317/5375/897 3309/5369/897 3310/5368/897
f 3317/5375/898 3315/5376/898 3307/5370/898 3309/5369/898
f 3312/5261/905 3314/5371/905 3322/5377/905 3320/5231/905
f 3314/5371/906 3313/5372/906 3321/5378/906 3322/5377/906
f 3313/5372/1133 3311/5373/1133 3319/5379/1133 3321/5378/1133
f 3324/5234/902 3326/5380/902 3318/5374/902 3316/5262/902
f 3326/5380/1134 3325/5381/1134 3317/5375/1134 3318/5374/1134
f 3325/5381/1135 3323/5382/1135 3315/5376/1135 3317/5375/1135
f 3320/5231/911 3322/5377/911 3227/5281/911 3229/5232/911
f 3322/5377/1136 3321/5378/1136 3228/5283/1136 3227/5281/1136
f 3321/5378/1137 3319/5379/1137 3230/5285/1137 3228/5283/1137
f 3225/5233/1138 3223/5288/1138 3326/5380/1138 3324/5234/1138
f 3223/5288/1139 3224/5290/1139 3325/5381/1139 3326/5380/1139
f 3224/5290/1140 3226/5292/1140 3323/5382/1140 3325/5381/1140
f 3230/5383/6 3319/5384/6 3311/5385/6 3303/5386/6 3295/5387/6 3287/5388/6 3279/5389/6 3271/5390/6 3263/5391/6 3255/5392/6 3247/5393/6 3239/5394/6 3231/5395/6 3206/5396/6 3214/5397/6 3222/5398/6
f 3448/5399/802 3357/5400/802 3353/5401/802 3452/5402/802
f 3341/5403/803 3333/5404/803 3329/5405/803 3337/5406/803
f 3333/5404/804 3360/5407/804 3364/5408/804 3329/5405/804
f 3360/5407/805 3368/5409/805 3372/5410/805 3364/5408/805
f 3368/5409/806 3376/5411/806 3380/5412/806 3372/5410/806
f 3376/5411/807 3384/5413/807 3388/5414/807 3380/5412/807
f 3384/5413/1017 3392/5415/1017 3396/5416/1017 3388/5414/1017
f 3392/5415/1018 3400/5417/1018 3404/5418/1018 3396/5416/1018
f 3400/5417/810 3408/5419/810 3412/5420/810 3404/5418/810
f 3408/5419/917 3416/5421/917 3420/5422/917 3412/5420/917
f 3416/5423/812 3424/5424/812 3428/5425/812 3420/5426/812
f 3424/5424/813 3432/5427/813 3436/5428/813 3428/5425/813
f 3432/5427/814 3440/5429/814 3444/5430/814 3436/5428/814
f 3440/5429/815 3448/5399/815 3452/5402/815 3444/5430/815
f 3349/5431/919 3341/5403/919 3337/5406/919 3345/5432/919
f 3346/5433/4 3338/5434/4 3330/5435/4 3363/5436/4 3371/5437/4 3379/5438/4 3387/5439/4 3395/5440/4 3403/5441/4 3411/5442/4 3419/5443/4 3427/5444/4 3435/5445/4 3443/5446/4 3451/5447/4 3354/5448/4
f 3357/5400/817 3349/5431/817 3345/5432/817 3353/5401/817
f 3357/5400/821 3355/5449/821 3347/5450/821 3349/5431/821
f 3355/5449/1102 3356/5451/1102 3348/5452/1102 3347/5450/1102
f 3356/5451/1103 3358/5453/1103 3350/5454/1103 3348/5452/1103
f 3345/5432/921 3343/5455/921 3351/5456/921 3353/5401/921
f 3343/5455/1019 3344/5457/1019 3352/5458/1019 3351/5456/1019
f 3344/5457/1141 3346/5459/1141 3354/5460/1141 3352/5458/1141
f 3349/5431/827 3347/5450/827 3339/5461/827 3341/5403/827
f 3347/5450/1023 3348/5452/1023 3340/5462/1023 3339/5461/1023
f 3348/5452/1107 3350/5454/1107 3342/5463/1107 3340/5462/1107
f 3337/5406/927 3335/5464/927 3343/5455/927 3345/5432/927
f 3335/5464/1056 3336/5465/1056 3344/5457/1056 3343/5455/1056
f 3336/5465/1022 3338/5466/1022 3346/5459/1022 3344/5457/1022
f 3341/5403/833 3339/5461/833 3331/5467/833 3333/5404/833
f 3339/5461/1142 3340/5462/1142 3332/5468/1142 3331/5467/1142
f 3340/5462/1110 3342/5463/1110 3334/5469/1110 3332/5468/1110
f 3329/5405/1024 3327/5470/1024 3335/5464/1024 3337/5406/1024
f 3327/5470/1143 3328/5471/1143 3336/5465/1143 3335/5464/1143
f 3328/5471/1025 3330/5472/1025 3338/5466/1025 3336/5465/1025
f 3333/5404/839 3331/5467/839 3362/5473/839 3360/5407/839
f 3331/5467/840 3332/5468/840 3361/5474/840 3362/5473/840
f 3332/5468/1111 3334/5469/1111 3359/5475/1111 3361/5474/1111
f 3364/5408/939 3366/5476/939 3327/5470/939 3329/5405/939
f 3366/5476/1028 3365/5477/1028 3328/5471/1028 3327/5470/1028
f 3365/5477/941 3363/5478/941 3330/5472/941 3328/5471/941
f 3360/5407/845 3362/5473/845 3370/5479/845 3368/5409/845
f 3362/5473/846 3361/5474/846 3369/5480/846 3370/5479/846
f 3361/5474/1114 3359/5475/1114 3367/5481/1114 3369/5480/1114
f 3372/5410/945 3374/5482/945 3366/5476/945 3364/5408/945
f 3374/5482/946 3373/5483/946 3365/5477/946 3366/5476/946
f 3373/5483/1029 3371/5484/1029 3363/5478/1029 3365/5477/1029
f 3368/5409/851 3370/5479/851 3378/5485/851 3376/5411/851
f 3370/5479/1033 3369/5480/1033 3377/5486/1033 3378/5485/1033
f 3369/5480/1117 3367/5481/1117 3375/5487/1117 3377/5486/1117
f 3380/5412/1030 3382/5488/1030 3374/5482/1030 3372/5410/1030
f 3382/5488/952 3381/5489/952 3373/5483/952 3374/5482/952
f 3381/5489/1144 3379/5490/1144 3371/5484/1144 3373/5483/1144
f 3376/5411/857 3378/5485/857 3386/5491/857 3384/5413/857
f 3378/5485/858 3377/5486/858 3385/5492/858 3386/5491/858
f 3377/5486/1145 3375/5487/1145 3383/5493/1145 3385/5492/1145
f 3388/5414/957 3390/5494/957 3382/5488/957 3380/5412/957
f 3390/5494/958 3389/5495/958 3381/5489/958 3382/5488/958
f 3389/5495/959 3387/5496/959 3379/5490/959 3381/5489/959
f 3384/5413/863 3386/5491/863 3394/5497/863 3392/5415/863
f 3386/5491/864 3385/5492/864 3393/5498/864 3394/5497/864
f 3385/5492/1146 3383/5493/1146 3391/5499/1146 3393/5498/1146
f 3396/5416/963 3398/5500/963 3390/5494/963 3388/5414/963
f 3398/5500/964 3397/5501/964 3389/5495/964 3390/5494/964
f 3397/5501/1035 3395/5502/1035 3387/5496/1035 3389/5495/1035
f 3392/5415/869 3394/5497/869 3402/5503/869 3400/5417/869
f 3394/5497/870 3393/5498/870 3401/5504/870 3402/5503/870
f 3393/5498/1122 3391/5499/1122 3399/5505/1122 3401/5504/1122
f 3404/5418/969 3406/5506/969 3398/5500/969 3396/5416/969
f 3406/5506/970 3405/5507/970 3397/5501/970 3398/5500/970
f 3405/5507/1081 3403/5508/1081 3395/5502/1081 3397/5501/1081
f 3400/5417/875 3402/5503/875 3410/5509/875 3408/5419/875
f 3402/5503/876 3401/5504/876 3409/5510/876 3410/5509/876
f 3401/5504/1147 3399/5505/1147 3407/5511/1147 3409/5510/1147
f 3412/5420/975 3414/5512/975 3406/5506/975 3404/5418/975
f 3414/5512/1038 3413/5513/1038 3405/5507/1038 3406/5506/1038
f 3413/5513/1039 3411/5514/1039 3403/5508/1039 3405/5507/1039
f 3408/5419/881 3410/5509/881 3418/5515/881 3416/5421/881
f 3410/5509/882 3409/5510/882 3417/5516/882 3418/5515/882
f 3409/5510/883 3407/5511/883 3415/5517/883 3417/5516/883
f 3420/5422/981 3422/5518/981 3414/5512/981 3412/5420/981
f 3422/5518/982 3421/5519/982 3413/5513/982 3414/5512/982
f 3421/5519/1041 3419/5520/1041 3411/5514/1041 3413/5513/1041
f 3416/5423/887 3418/5521/887 3426/5522/887 3424/5424/887
f 3418/5521/888 3417/5523/888 3425/5524/888 3426/5522/888
f 3417/5523/1128 3415/5525/1128 3423/5526/1128 3425/5524/1128
f 3428/5425/987 3430/5527/987 3422/5528/987 3420/5426/987
f 3430/5527/988 3429/5529/988 3421/5530/988 3422/5528/988
f 3429/5529/1042 3427/5531/1042 3419/5532/1042 3421/5530/1042
f 3424/5424/893 3426/5522/893 3434/5533/893 3432/5427/893
f 3426/5522/894 3425/5524/894 3433/5534/894 3434/5533/894
f 3425/5524/1129 3423/5526/1129 3431/5535/1129 3433/5534/1129
f 3436/5428/993 3438/5536/993 3430/5527/993 3428/5425/993
f 3438/5536/994 3437/5537/994 3429/5529/994 3430/5527/994
f 3437/5537/995 3435/5538/995 3427/5531/995 3429/5529/995
f 3432/5427/899 3434/5533/899 3442/5539/899 3440/5429/899
f 3434/5533/1045 3433/5534/1045 3441/5540/1045 3442/5539/1045
f 3433/5534/1131 3431/5535/1131 3439/5541/1131 3441/5540/1131
f 3444/5430/999 3446/5542/999 3438/5536/999 3436/5428/999
f 3446/5542/1043 3445/5543/1043 3437/5537/1043 3438/5536/1043
f 3445/5543/1044 3443/5544/1044 3435/5538/1044 3437/5537/1044
f 3440/5429/905 3442/5539/905 3450/5545/905 3448/5399/905
f 3442/5539/906 3441/5540/906 3449/5546/906 3450/5545/906
f 3441/5540/1133 3439/5541/1133 3447/5547/1133 3449/5546/1133
f 3452/5402/1005 3454/5548/1005 3446/5542/1005 3444/5430/1005
f 3454/5548/1006 3453/5549/1006 3445/5543/1006 3446/5542/1006
f 3453/5549/1047 3451/5550/1047 3443/5544/1047 3445/5543/1047
f 3448/5399/911 3450/5545/911 3355/5449/911 3357/5400/911
f 3450/5545/1148 3449/5546/1148 3356/5451/1148 3355/5449/1148
f 3449/5546/1051 3447/5547/1051 3358/5453/1051 3356/5451/1051
f 3353/5401/1011 3351/5456/1011 3454/5548/1011 3452/5402/1011
f 3351/5456/1149 3352/5458/1149 3453/5549/1149 3454/5548/1149
f 3352/5458/1049 3354/5460/1049 3451/5550/1049 3453/5549/1049
f 3358/5551/6 3447/5552/6 3439/5553/6 3431/5554/6 3423/5555/6 3415/5556/6 3407/5557/6 3399/5558/6 3391/5559/6 3383/5560/6 3375/5561/6 3367/5562/6 3359/5563/6 3334/5564/6 3342/5565/6 3350/5566/6
f 3455/5567/7 3497/5568/7 3567/5569/7 3495/5570/7
f 3497/5568/7 3456/5571/7 3496/5572/7 3567/5569/7
f 3567/5569/8 3496/5572/8 3458/5573/8 3498/5574/8
f 3495/5570/8 3567/5569/8 3498/5574/8 3457/5575/8
f 3457/5575/9 3498/5574/9 3568/5576/9 3499/5577/9
f 3498/5574/9 3458/5573/9 3500/5578/9 3568/5576/9
f 3568/5576/10 3500/5578/10 3460/5579/10 3501/5580/10
f 3499/5577/10 3568/5576/10 3501/5580/10 3459/5581/10
f 3459/5582/11 3501/5583/11 3569/5584/11 3502/5585/11
f 3501/5583/11 3460/5586/11 3503/5587/11 3569/5584/11
f 3569/5584/12 3503/5587/12 3462/5588/12 3504/5589/12
f 3502/5585/12 3569/5584/12 3504/5589/12 3461/5590/12
f 3461/5590/14 3504/5589/14 3570/5591/14 3505/5592/14
f 3504/5589/14 3462/5588/14 3506/5593/14 3570/5591/14
f 3570/5591/15 3506/5593/15 3464/5594/15 3507/5595/15
f 3505/5592/15 3570/5591/15 3507/5595/15 3463/5596/15
f 3463/5596/16 3507/5595/16 3571/5597/16 3508/5598/16
f 3507/5595/16 3464/5594/16 3509/5599/16 3571/5597/16
f 3571/5597/17 3509/5599/17 3466/5600/17 3510/5601/17
f 3508/5598/17 3571/5597/17 3510/5601/17 3465/5602/17
f 3465/5602/18 3510/5601/18 3572/5603/18 3511/5604/18
f 3510/5601/18 3466/5600/18 3512/5605/18 3572/5603/18
f 3572/5603/19 3512/5605/19 3468/5606/19 3513/5607/19
f 3511/5604/19 3572/5603/19 3513/5607/19 3467/5608/19
f 3464/5609/1150 3506/5610/1150 3573/5611/1150 3528/5612/1150
f 3506/5610/21 3462/5613/21 3527/5614/21 3573/5611/21
f 3573/5611/1151 3527/5614/1151 3474/5615/1151 3522/5616/1151
f 3528/5612/23 3573/5611/23 3522/5616/23 3475/5617/23
f 3467/5608/24 3513/5607/24 3574/5618/24 3514/5619/24
f 3513/5607/24 3468/5606/24 3515/5620/24 3574/5618/24
f 3574/5618/25 3515/5620/25 3470/5621/25 3516/5622/25
f 3514/5619/25 3574/5618/25 3516/5622/25 3469/5623/25
f 3469/5623/26 3516/5622/26 3575/5624/26 3517/5625/26
f 3516/5622/26 3470/5621/26 3518/5626/26 3575/5624/26
f 3575/5624/27 3518/5626/27 3456/5571/27 3497/5568/27
f 3517/5625/27 3575/5624/27 3497/5568/27 3455/5567/27
f 3455/5627/2 3495/5628/2 3576/5629/2 3517/5630/2
f 3457/5631/2 3499/5632/2 3576/5629/2 3495/5628/2
f 3459/5633/2 3502/5634/2 3576/5629/2 3499/5632/2
f 3461/5635/2 3505/5636/2 3576/5629/2 3502/5634/2
f 3463/5637/2 3508/5638/2 3576/5629/2 3505/5636/2
f 3465/5639/2 3511/5640/2 3576/5629/2 3508/5638/2
f 3467/5641/2 3514/5642/2 3576/5629/2 3511/5640/2
f 3469/5643/2 3517/5630/2 3576/5629/2 3514/5642/2
f 3488/5644/28 3566/5645/28 3577/5646/28 3552/5647/28
f 3566/5645/29 3487/5648/29 3543/5649/29 3577/5646/29
f 3577/5646/30 3543/5649/30 3481/5650/30 3537/5651/30
f 3552/5647/1152 3577/5646/1152 3537/5651/1152 3482/5652/1152
f 3470/5653/32 3515/5654/32 3578/5655/32 3530/5656/32
f 3515/5654/33 3468/5657/33 3529/5658/33 3578/5655/33
f 3578/5655/34 3529/5658/34 3477/5659/34 3525/5660/34
f 3530/5656/35 3578/5655/35 3525/5660/35 3478/5661/35
f 3460/5662/36 3500/5663/36 3579/5664/36 3532/5665/36
f 3500/5663/37 3458/5666/37 3531/5667/37 3579/5664/37
f 3579/5664/38 3531/5667/38 3471/5668/38 3520/5669/38
f 3532/5665/39 3579/5664/39 3520/5669/39 3473/5670/39
f 3466/5671/40 3509/5672/40 3580/5673/40 3533/5674/40
f 3509/5672/1153 3464/5609/1153 3528/5612/1153 3580/5673/1153
f 3580/5673/42 3528/5612/42 3475/5617/42 3523/5675/42
f 3533/5674/1154 3580/5673/1154 3523/5675/1154 3476/5676/1154
f 3456/5677/44 3518/5678/44 3581/5679/44 3534/5680/44
f 3518/5678/45 3470/5653/45 3530/5656/45 3581/5679/45
f 3581/5679/46 3530/5656/46 3478/5661/46 3526/5681/46
f 3534/5680/47 3581/5679/47 3526/5681/47 3472/5682/47
f 3458/5666/48 3496/5683/48 3582/5684/48 3531/5667/48
f 3496/5683/49 3456/5677/49 3534/5680/49 3582/5684/49
f 3582/5684/50 3534/5680/50 3472/5682/50 3519/5685/50
f 3531/5667/1155 3582/5684/1155 3519/5685/1155 3471/5668/1155
f 3462/5613/52 3503/5686/52 3583/5687/52 3527/5614/52
f 3503/5686/53 3460/5688/53 3532/5689/53 3583/5687/53
f 3583/5687/54 3532/5689/54 3473/5690/54 3521/5691/54
f 3527/5614/55 3583/5687/55 3521/5691/55 3474/5615/55
f 3468/5657/56 3512/5692/56 3584/5693/56 3529/5658/56
f 3512/5692/57 3466/5671/57 3533/5674/57 3584/5693/57
f 3584/5693/58 3533/5674/58 3476/5676/58 3524/5694/58
f 3529/5658/59 3584/5693/59 3524/5694/59 3477/5659/59
f 3479/5695/60 3535/5696/60 3585/5697/60 3536/5698/60
f 3480/5699/61 3542/5700/61 3585/5697/61 3535/5696/61
f 3486/5701/62 3541/5702/62 3585/5697/62 3542/5700/62
f 3485/5703/1156 3540/5704/1156 3585/5697/1156 3541/5702/1156
f 3484/5705/64 3539/5706/64 3585/5697/64 3540/5704/64
f 3483/5707/65 3538/5708/65 3585/5697/65 3539/5706/65
f 3482/5709/66 3537/5710/66 3585/5697/66 3538/5708/66
f 3481/5711/1157 3536/5698/1157 3585/5697/1157 3537/5710/1157
f 3490/5712/68 3565/5713/68 3586/5714/68 3554/5715/68
f 3565/5713/69 3489/5716/69 3545/5717/69 3586/5714/69
f 3586/5714/70 3545/5717/70 3480/5718/70 3535/5719/70
f 3554/5715/1158 3586/5714/1158 3535/5719/1158 3479/5720/1158
f 3489/5716/72 3564/5721/72 3587/5722/72 3545/5717/72
f 3564/5721/73 3491/5723/73 3547/5724/73 3587/5722/73
f 3587/5722/74 3547/5724/74 3486/5725/74 3542/5726/74
f 3545/5717/75 3587/5722/75 3542/5726/75 3480/5718/75
f 3493/5727/76 3563/5728/76 3588/5729/76 3557/5730/76
f 3563/5728/77 3492/5731/77 3548/5732/77 3588/5729/77
f 3588/5729/1159 3548/5732/1159 3484/5733/1159 3540/5734/1159
f 3557/5730/79 3588/5729/79 3540/5734/79 3485/5735/79
f 3494/5736/80 3562/5737/80 3589/5738/80 3558/5739/80
f 3562/5737/81 3488/5644/81 3552/5647/81 3589/5738/81
f 3589/5738/1160 3552/5647/1160 3482/5652/1160 3538/5740/1160
f 3558/5739/83 3589/5738/83 3538/5740/83 3483/5741/83
f 3487/5742/84 3561/5743/84 3590/5744/84 3543/5745/84
f 3561/5743/85 3490/5712/85 3554/5715/85 3590/5744/85
f 3590/5744/1161 3554/5715/1161 3479/5720/1161 3536/5746/1161
f 3543/5745/87 3590/5744/87 3536/5746/87 3481/5747/87
f 3491/5723/88 3560/5748/88 3591/5749/88 3547/5724/88
f 3560/5748/89 3493/5727/89 3557/5730/89 3591/5749/89
f 3591/5749/90 3557/5730/90 3485/5735/90 3541/5750/90
f 3547/5724/1162 3591/5749/1162 3541/5750/1162 3486/5725/1162
f 3492/5731/92 3559/5751/92 3592/5752/92 3548/5732/92
f 3559/5751/93 3494/5736/93 3558/5739/93 3592/5752/93
f 3592/5752/94 3558/5739/94 3483/5741/94 3539/5753/94
f 3548/5732/95 3592/5752/95 3539/5753/95 3484/5733/95
f 3476/5676/96 3523/5675/96 3593/5754/96 3556/5755/96
f 3523/5675/97 3475/5617/97 3550/5756/97 3593/5754/97
f 3593/5754/98 3550/5756/98 3494/5736/98 3559/5751/98
f 3556/5755/99 3593/5754/99 3559/5751/99 3492/5731/99
f 3478/5661/100 3525/5660/100 3594/5757/100 3555/5758/100
f 3525/5660/101 3477/5659/101 3549/5759/101 3594/5757/101
f 3594/5757/102 3549/5759/102 3493/5727/102 3560/5748/102
f 3555/5758/103 3594/5757/103 3560/5748/103 3491/5723/103
f 3473/5670/104 3520/5669/104 3595/5760/104 3551/5761/104
f 3520/5669/105 3471/5668/105 3546/5762/105 3595/5760/105
f 3595/5760/106 3546/5762/106 3490/5712/106 3561/5743/106
f 3551/5761/107 3595/5760/107 3561/5743/107 3487/5742/107
f 3475/5617/108 3522/5616/108 3596/5763/108 3550/5756/108
f 3522/5616/109 3474/5615/109 3544/5764/109 3596/5763/109
f 3596/5763/110 3544/5764/110 3488/5644/110 3562/5737/110
f 3550/5756/111 3596/5763/111 3562/5737/111 3494/5736/111
f 3477/5659/112 3524/5694/112 3597/5765/112 3549/5759/112
f 3524/5694/113 3476/5676/113 3556/5755/113 3597/5765/113
f 3597/5765/114 3556/5755/114 3492/5731/114 3563/5728/114
f 3549/5759/115 3597/5765/115 3563/5728/115 3493/5727/115
f 3472/5682/116 3526/5681/116 3598/5766/116 3553/5767/116
f 3526/5681/117 3478/5661/117 3555/5758/117 3598/5766/117
f 3598/5766/118 3555/5758/118 3491/5723/118 3564/5721/118
f 3553/5767/119 3598/5766/119 3564/5721/119 3489/5716/119
f 3471/5668/120 3519/5685/120 3599/5768/120 3546/5762/120
f 3519/5685/121 3472/5682/121 3553/5767/121 3599/5768/121
f 3599/5768/122 3553/5767/122 3489/5716/122 3565/5713/122
f 3546/5762/123 3599/5768/123 3565/5713/123 3490/5712/123
f 3474/5615/124 3521/5691/124 3600/5769/124 3544/5764/124
f 3521/5691/125 3473/5690/125 3551/5770/125 3600/5769/125
f 3600/5769/126 3551/5770/126 3487/5648/126 3566/5645/126
f 3544/5764/127 3600/5769/127 3566/5645/127 3488/5644/127
